{
    "__comment": "Created by Droobledore with BDcraft Cubik PRO 0.93 Beta. Used with permission in NathanWolf's Magic plugin.",
    "parent" : "magic:base/lit",
    "textures": {
        "particle": "magic:other/hat_eye",
        "texture": "magic:other/hat_eye",
        "hat_auror2": "magic:other/hat_eye2"
    },
    "elements": [
        {
            "__comment": "hat_eye",
            "from": [ 0, 8, 1 ],
            "to": [ 1, 10.5, 2.5 ],
            "faces": {
                "down":  { "uv": [ 6.499, 2.999, 2.001, 2.501 ], "rotation": 90, "texture": "#texture" },
                "up":    { "uv": [ 0.50099998712539673, 0.0010000000474974513, 2.999000072479248, 0.49900001287460327 ], "rotation": 90, "texture": "#texture" },
                "north": { "uv": [ 11.50100040435791, 0.50099998712539673, 12.49899959564209, 2.499000072479248 ], "texture": "#texture" },
                "south": { "uv": [ 0.50099998712539673, 0.50099998712539673, 1.499000072479248, 2.499000072479248 ], "texture": "#texture" },
                "west":  { "uv": [ 3.000999927520752, 0.50099998712539673, 4.499000072479248, 2.499000072479248 ], "texture": "#texture", "cullface": "west" },
                "east":  { "uv": [ 11.50100040435791, 0.50099998712539673, 12.99899959564209, 2.499000072479248 ], "texture": "#texture" }
            }
        },
        {
            "__comment": "hat_eye",
            "from": [ 0, 8.5, 2.5 ],
            "to": [ 1, 10.5, 6.5 ],
            "faces": {
                "down":  { "uv": [ 8.999, 2.999, 2.001, 2.501 ], "rotation": 90, "texture": "#texture" },
                "up":    { "uv": [ 4.500999927520752, 0.0010000000474974513, 10.49899959564209, 0.49900001287460327 ], "rotation": 90, "texture": "#texture" },
                "south": { "uv": [ 3.000999927520752, 0.50099998712539673, 3.999000072479248, 2.499000072479248 ], "texture": "#texture" },
                "west":  { "uv": [ 3.000999927520752, 0.50099998712539673, 6.999000072479248, 2.499000072479248 ], "texture": "#texture", "cullface": "west" },
                "east":  { "uv": [ 7.000999927520752, 0.50099998712539673, 10.99899959564209, 2.499000072479248 ], "texture": "#texture" }
            }
        },
        {
            "__comment": "hat_eye",
            "from": [ 0, 10.5, 4 ],
            "to": [ 1, 11, 15 ],
            "faces": {
                "down":  { "uv": [ 0.001, 2.501, 15.999, 2.999 ], "rotation": 90, "texture": "#texture" },
                "up":    { "uv": [ 0.0010000000474974513, 0.0010000000474974513, 15.99899959564209, 0.49900001287460327 ], "rotation": 90, "texture": "#texture" },
                "north": { "uv": [ 0.0010000000474974513, 0.50099998712539673, 0.99900001287460327, 0.99900001287460327 ], "texture": "#texture" },
                "south": { "uv": [ 0.0010000000474974513, 0.50099998712539673, 0.99900001287460327, 0.99900001287460327 ], "texture": "#texture" },
                "west":  { "uv": [ 0.0010000000474974513, 0.50099998712539673, 10.99899959564209, 0.99900001287460327 ], "texture": "#texture", "cullface": "west" },
                "east":  { "uv": [ 0.0010000000474974513, 0.50099998712539673, 10.99899959564209, 0.99900001287460327 ], "texture": "#texture" }
            }
        },
        {
            "__comment": "hat_eye",
            "from": [ 0, 9, 6.5 ],
            "to": [ 1, 10.5, 15 ],
            "faces": {
                "down":  { "uv": [ 15.499, 2.999, 5.501, 2.501 ], "rotation": 90, "texture": "#texture" },
                "south": { "uv": [ 2.500999927520752, 1.0010000467300415, 3.499000072479248, 2.499000072479248 ], "texture": "#texture" },
                "west":  { "uv": [ 4.000999927520752, 1.0010000467300415, 12.49899959564209, 2.499000072479248 ], "texture": "#texture", "cullface": "west" },
                "east":  { "uv": [ 2.500999927520752, 1.0010000467300415, 10.99899959564209, 2.499000072479248 ], "texture": "#texture" }
            }
        },
        {
            "__comment": "hat_eye",
            "from": [ 0, 8.5, 13 ],
            "to": [ 1, 9, 15 ],
            "faces": {
                "down":  { "uv": [ 6.999, 2.999, 1.501, 2.501 ], "rotation": 90, "texture": "#texture" },
                "north": { "uv": [ 11.00100040435791, 1.0010000467300415, 11.99899959564209, 1.499000072479248 ], "texture": "#texture" },
                "south": { "uv": [ 4.500999927520752, 1.0010000467300415, 5.499000072479248, 1.499000072479248 ], "texture": "#texture" },
                "west":  { "uv": [ 10.00100040435791, 1.0010000467300415, 11.99899959564209, 1.499000072479248 ], "texture": "#texture", "cullface": "west" },
                "east":  { "uv": [ 2.500999927520752, 1.500999927520752, 4.499000072479248, 1.999000072479248 ], "texture": "#texture" }
            }
        },
        {
            "__comment": "hat_eye",
            "from": [ 0.5, 8, 2.5 ],
            "to": [ 1, 8.5, 3 ],
            "faces": {
                "down":  { "uv": [ 14.499, 2.999, 14.001, 2.501 ], "texture": "#texture" },
                "south": { "uv": [ 6.500999927520752, 1.500999927520752, 6.999000072479248, 1.999000072479248 ], "texture": "#texture" },
                "west":  { "uv": [ 6.000999927520752, 1.0010000467300415, 6.499000072479248, 1.499000072479248 ], "texture": "#texture" },
                "east":  { "uv": [ 11.00100040435791, 1.0010000467300415, 11.49899959564209, 1.499000072479248 ], "texture": "#texture" }
            }
        },
        {
            "__comment": "hat_eye",
            "from": [ 0.5, 8.5, 12.5 ],
            "to": [ 1, 9, 13 ],
            "faces": {
                "down":  { "uv": [ 13.499, 1.499, 13.001, 1.001 ], "texture": "#texture" },
                "north": { "uv": [ 13.00100040435791, 1.0010000467300415, 13.49899959564209, 1.499000072479248 ], "texture": "#texture" },
                "west":  { "uv": [ 11.00100040435791, 1.0010000467300415, 11.49899959564209, 1.499000072479248 ], "texture": "#texture" },
                "east":  { "uv": [ 4.000999927520752, 1.0010000467300415, 4.499000072479248, 1.499000072479248 ], "texture": "#texture" }
            }
        },
        {
            "__comment": "hat_eye",
            "from": [ 1, 8, 1 ],
            "to": [ 2, 10.5, 2 ],
            "faces": {
                "down":  { "uv": [ 13.499, 2.999, 12.501, 2.501 ], "texture": "#texture" },
                "up":    { "uv": [ 1.500999927520752, 0.0010000000474974513, 2.499000072479248, 0.49900001287460327 ], "texture": "#texture" },
                "north": { "uv": [ 13.00100040435791, 0.50099998712539673, 13.99899959564209, 2.499000072479248 ], "texture": "#texture" },
                "south": { "uv": [ 3.000999927520752, 0.50099998712539673, 3.999000072479248, 2.499000072479248 ], "texture": "#texture" },
                "east":  { "uv": [ 11.50100040435791, 0.50099998712539673, 12.49899959564209, 2.499000072479248 ], "texture": "#texture" }
            }
        },
        {
            "__comment": "hat_eye",
            "from": [ 1, 8.5, 13.5 ],
            "to": [ 10, 10.5, 15 ],
            "faces": {
                "down":  { "uv": [ 8.999, 2.999, 0.001, 2.501 ], "texture": "#texture" },
                "up":    { "uv": [ 0.0010000000474974513, 0.0010000000474974513, 8.9989995956420898, 0.49900001287460327 ], "texture": "#texture" },
                "north": { "uv": [ 0.0010000000474974513, 0.50099998712539673, 8.9989995956420898, 2.499000072479248 ], "texture": "#texture" },
                "south": { "uv": [ 0.0010000000474974513, 0.50099998712539673, 8.9989995956420898, 2.499000072479248 ], "texture": "#texture" },
                "west":  { "uv": [ 0.0010000000474974513, 0.50099998712539673, 1.499000072479248, 2.499000072479248 ], "texture": "#texture" },
                "east":  { "uv": [ 0.0010000000474974513, 0.50099998712539673, 1.499000072479248, 2.499000072479248 ], "texture": "#texture" }
            }
        },
        {
            "__comment": "hat_eye",
            "from": [ 1, 10.5, 13.5 ],
            "to": [ 1.5, 11, 14.5 ],
            "faces": {
                "up":    { "uv": [ 4.500999927520752, 0.0010000000474974513, 5.999000072479248, 0.49900001287460327 ], "rotation": 90, "texture": "#texture" },
                "north": { "uv": [ 12.00100040435791, 1.0010000467300415, 12.49899959564209, 1.499000072479248 ], "texture": "#texture" },
                "south": { "uv": [ 3.000999927520752, 1.0010000467300415, 3.499000072479248, 1.499000072479248 ], "texture": "#texture" },
                "east":  { "uv": [ 4.000999927520752, 1.0010000467300415, 4.999000072479248, 1.499000072479248 ], "texture": "#texture" }
            }
        },
        {
            "__comment": "hat_eye",
            "from": [ 2, 8, 1 ],
            "to": [ 5.5, 10, 2 ],
            "faces": {
                "down":  { "uv": [ 12.999, 2.999, 9.501, 2.501 ], "texture": "#texture" },
                "up":    { "uv": [ 2.000999927520752, 0.0010000000474974513, 5.499000072479248, 0.49900001287460327 ], "texture": "#texture" },
                "north": { "uv": [ 8.0010004043579102, 0.50099998712539673, 11.49899959564209, 2.499000072479248 ], "texture": "#texture" },
                "south": { "uv": [ 4.000999927520752, 0.50099998712539673, 7.499000072479248, 2.499000072479248 ], "texture": "#texture" },
                "east":  { "uv": [ 12.00100040435791, 0.50099998712539673, 12.99899959564209, 2.499000072479248 ], "texture": "#texture" }
            }
        },
        {
            "__comment": "hat_eye",
            "from": [ 4, 7.5, 1 ],
            "to": [ 14, 8, 2 ],
            "faces": {
                "down":  { "uv": [ 12.499, 2.999, 2.001, 2.501 ], "texture": "#texture" },
                "up":    { "uv": [ 3.500999927520752, 0.0010000000474974513, 13.49899959564209, 0.49900001287460327 ], "texture": "#texture" },
                "north": { "uv": [ 3.500999927520752, 1.0010000467300415, 13.49899959564209, 1.499000072479248 ], "texture": "#texture" },
                "south": { "uv": [ 2.500999927520752, 1.0010000467300415, 12.49899959564209, 1.499000072479248 ], "texture": "#texture" },
                "west":  { "uv": [ 5.000999927520752, 1.0010000467300415, 5.999000072479248, 1.499000072479248 ], "texture": "#texture" },
                "east":  { "uv": [ 9.5010004043579102, 1.0010000467300415, 10.49899959564209, 1.499000072479248 ], "texture": "#texture" }
            }
        },
        {
            "__comment": "hat_eye",
            "from": [ 5.5, 8, 1 ],
            "to": [ 8.5, 9.5, 2 ],
            "faces": {
                "up":    { "uv": [ 5.000999927520752, 0.0010000000474974513, 7.499000072479248, 0.49900001287460327 ], "texture": "#texture" },
                "north": { "uv": [ 6.500999927520752, 1.0010000467300415, 9.4989995956420898, 2.499000072479248 ], "texture": "#texture" },
                "south": { "uv": [ 7.500999927520752, 0.50099998712539673, 10.49899959564209, 1.999000072479248 ], "texture": "#texture" },
                "east":  { "uv": [ 13.50100040435791, 0.50099998712539673, 14.49899959564209, 1.999000072479248 ], "texture": "#texture" }
            }
        },
        {
            "__comment": "hat_eye",
            "from": [ 7, 7, 1 ],
            "to": [ 14, 7.5, 2 ],
            "faces": {
                "down":  { "uv": [ 8.999, 2.999, 2.001, 2.501 ], "texture": "#texture" },
                "north": { "uv": [ 4.000999927520752, 1.0010000467300415, 10.99899959564209, 1.499000072479248 ], "texture": "#texture" },
                "south": { "uv": [ 6.000999927520752, 1.0010000467300415, 12.99899959564209, 1.499000072479248 ], "texture": "#texture" },
                "west":  { "uv": [ 5.000999927520752, 1.0010000467300415, 5.999000072479248, 1.499000072479248 ], "texture": "#texture" },
                "east":  { "uv": [ 6.000999927520752, 1.0010000467300415, 6.999000072479248, 1.499000072479248 ], "texture": "#texture" }
            }
        },
        {
            "__comment": "hat_eye",
            "from": [ 8, 10.5, 13.5 ],
            "to": [ 14, 11, 15 ],
            "faces": {
                "down":  { "uv": [ 5.999, 2.999, 0.001, 2.501 ], "texture": "#texture" },
                "up":    { "uv": [ 0.0010000000474974513, 0.0010000000474974513, 5.999000072479248, 0.49900001287460327 ], "texture": "#texture" },
                "north": { "uv": [ 2.000999927520752, 0.50099998712539673, 7.999000072479248, 0.99900001287460327 ], "texture": "#texture" },
                "south": { "uv": [ 7.500999927520752, 0.50099998712539673, 13.49899959564209, 0.99900001287460327 ], "texture": "#texture" },
                "west":  { "uv": [ 12.50100040435791, 0.50099998712539673, 13.99899959564209, 0.99900001287460327 ], "texture": "#texture" },
                "east":  { "uv": [ 1.0010000467300415, 0.50099998712539673, 2.499000072479248, 0.99900001287460327 ], "texture": "#texture" }
            }
        },
        {
            "__comment": "hat_eye",
            "from": [ 8.5, 8, 1 ],
            "to": [ 11, 9, 2 ],
            "faces": {
                "up":    { "uv": [ 7.500999927520752, 0.0010000000474974513, 9.9989995956420898, 0.49900001287460327 ], "texture": "#texture" },
                "north": { "uv": [ 4.000999927520752, 0.50099998712539673, 6.499000072479248, 1.499000072479248 ], "texture": "#texture" },
                "south": { "uv": [ 8.5010004043579102, 1.0010000467300415, 10.99899959564209, 1.999000072479248 ], "texture": "#texture" },
                "east":  { "uv": [ 10.50100040435791, 1.0010000467300415, 11.49899959564209, 1.999000072479248 ], "texture": "#texture" }
            }
        },
        {
            "__comment": "hat_eye",
            "from": [ 9.5, 6.5, 1 ],
            "to": [ 14, 7, 2 ],
            "faces": {
                "down":  { "uv": [ 6.499, 2.999, 2.501, 2.501 ], "texture": "#texture" },
                "north": { "uv": [ 2.000999927520752, 1.500999927520752, 6.499000072479248, 1.999000072479248 ], "texture": "#texture" },
                "south": { "uv": [ 4.500999927520752, 1.0010000467300415, 8.9989995956420898, 1.499000072479248 ], "texture": "#texture" },
                "west":  { "uv": [ 3.000999927520752, 1.500999927520752, 3.999000072479248, 1.999000072479248 ], "texture": "#texture" },
                "east":  { "uv": [ 5.000999927520752, 1.500999927520752, 5.999000072479248, 1.999000072479248 ], "texture": "#texture" }
            }
        },
        {
            "__comment": "hat_eye",
            "from": [ 10, 9, 13.5 ],
            "to": [ 14, 10.5, 15 ],
            "faces": {
                "down":  { "uv": [ 7.499, 2.999, 4.001, 2.501 ], "texture": "#texture" },
                "north": { "uv": [ 3.500999927520752, 0.50099998712539673, 7.499000072479248, 1.999000072479248 ], "texture": "#texture" },
                "south": { "uv": [ 8.5010004043579102, 1.0010000467300415, 12.49899959564209, 2.499000072479248 ], "texture": "#texture" },
                "east":  { "uv": [ 3.500999927520752, 0.50099998712539673, 4.999000072479248, 1.999000072479248 ], "texture": "#texture" }
            }
        },
        {
            "__comment": "hat_eye",
            "from": [ 10, 8.5, 14 ],
            "to": [ 10.5, 9, 15 ],
            "faces": {
                "down":  { "uv": [ 7.499, 2.999, 6.501, 2.501 ], "texture": "#texture" },
                "north": { "uv": [ 5.500999927520752, 1.500999927520752, 5.999000072479248, 1.999000072479248 ], "texture": "#texture" },
                "south": { "uv": [ 10.00100040435791, 1.500999927520752, 10.49899959564209, 1.999000072479248 ], "texture": "#texture" },
                "east":  { "uv": [ 3.500999927520752, 1.500999927520752, 4.499000072479248, 1.999000072479248 ], "texture": "#texture" }
            }
        },
        {
            "__comment": "hat_eye",
            "from": [ 11, 8, 1 ],
            "to": [ 13, 8.5, 2 ],
            "faces": {
                "up":    { "uv": [ 9.5010004043579102, 0.0010000000474974513, 11.49899959564209, 0.49900001287460327 ], "texture": "#texture" },
                "north": { "uv": [ 5.500999927520752, 0.50099998712539673, 7.499000072479248, 0.99900001287460327 ], "texture": "#texture" },
                "south": { "uv": [ 9.5010004043579102, 1.0010000467300415, 11.49899959564209, 1.499000072479248 ], "texture": "#texture" },
                "east":  { "uv": [ 11.50100040435791, 1.500999927520752, 12.49899959564209, 1.999000072479248 ], "texture": "#texture" }
            }
        },
        {
            "__comment": "hat_eye",
            "from": [ 11, 6, 1.5 ],
            "to": [ 14, 6.5, 2 ],
            "faces": {
                "down":  { "uv": [ 4.999, 2.999, 2.001, 2.501 ], "texture": "#texture" },
                "north": { "uv": [ 5.500999927520752, 1.500999927520752, 8.4989995956420898, 1.999000072479248 ], "texture": "#texture" },
                "south": { "uv": [ 8.5010004043579102, 1.500999927520752, 11.49899959564209, 1.999000072479248 ], "texture": "#texture" },
                "west":  { "uv": [ 4.000999927520752, 0.50099998712539673, 4.499000072479248, 0.99900001287460327 ], "texture": "#texture" },
                "east":  { "uv": [ 9.0010004043579102, 1.500999927520752, 9.4989995956420898, 1.999000072479248 ], "texture": "#texture" }
            }
        },
        {
            "__comment": "hat_eye",
            "from": [ 11.5, 6, 1 ],
            "to": [ 14, 6.5, 1.5 ],
            "faces": {
                "down":  { "uv": [ 4.499, 2.999, 2.001, 2.501 ], "texture": "#texture" },
                "north": { "uv": [ 5.000999927520752, 1.500999927520752, 7.499000072479248, 1.999000072479248 ], "texture": "#texture" },
                "west":  { "uv": [ 5.500999927520752, 1.0010000467300415, 5.999000072479248, 1.499000072479248 ], "texture": "#texture" },
                "east":  { "uv": [ 6.500999927520752, 1.0010000467300415, 6.999000072479248, 1.499000072479248 ], "texture": "#texture" }
            }
        },
        {
            "__comment": "hat_eye",
            "from": [ 11.5, 11, 13.5 ],
            "to": [ 14, 11.5, 14.5 ],
            "faces": {
                "up":    { "uv": [ 1.0010000467300415, 0.0010000000474974513, 3.499000072479248, 0.49900001287460327 ], "texture": "#texture" },
                "north": { "uv": [ 0.50099998712539673, 0.50099998712539673, 2.999000072479248, 0.99900001287460327 ], "texture": "#texture" },
                "south": { "uv": [ 10.50100040435791, 0.50099998712539673, 12.99899959564209, 0.99900001287460327 ], "texture": "#texture" },
                "west":  { "uv": [ 0.50099998712539673, 0.50099998712539673, 1.499000072479248, 0.99900001287460327 ], "texture": "#texture" },
                "east":  { "uv": [ 2.000999927520752, 0.50099998712539673, 2.999000072479248, 0.99900001287460327 ], "texture": "#texture" }
            }
        },
        {
            "__comment": "hat_eye",
            "from": [ 12, 11, 14.5 ],
            "to": [ 14, 11.5, 15 ],
            "faces": {
                "up":    { "uv": [ 9.0010004043579102, 0.0010000000474974513, 10.99899959564209, 0.49900001287460327 ], "texture": "#texture" },
                "south": { "uv": [ 11.00100040435791, 0.50099998712539673, 12.99899959564209, 0.99900001287460327 ], "texture": "#texture" },
                "west":  { "uv": [ 12.00100040435791, 0.50099998712539673, 12.49899959564209, 0.99900001287460327 ], "texture": "#texture" },
                "east":  { "uv": [ 2.000999927520752, 0.50099998712539673, 2.499000072479248, 0.99900001287460327 ], "texture": "#texture" }
            }
        },
        {
            "__comment": "hat_eye",
            "from": [ 12.5, 5.5, 1.5 ],
            "to": [ 13.5, 6, 2 ],
            "faces": {
                "down":  { "uv": [ 2.999, 2.999, 2.001, 2.501 ], "texture": "#texture" },
                "north": { "uv": [ 6.000999927520752, 1.0010000467300415, 6.999000072479248, 1.499000072479248 ], "texture": "#texture" },
                "south": { "uv": [ 8.5010004043579102, 1.500999927520752, 9.4989995956420898, 1.999000072479248 ], "texture": "#texture" },
                "west":  { "uv": [ 6.500999927520752, 0.50099998712539673, 6.999000072479248, 0.99900001287460327 ], "texture": "#texture" },
                "east":  { "uv": [ 11.50100040435791, 1.500999927520752, 11.99899959564209, 1.999000072479248 ], "texture": "#texture" }
            }
        },
        {
            "__comment": "hat_eye",
            "from": [ 12.5, 9, 6.5 ],
            "to": [ 14, 10, 13.5 ],
            "faces": {
                "down":  { "uv": [ 13.999, 2.999, 3.501, 2.501 ], "rotation": 90, "texture": "#texture" },
                "up":    { "uv": [ 4.000999927520752, 0.0010000000474974513, 14.49899959564209, 0.49900001287460327 ], "rotation": 90, "texture": "#texture" },
                "north": { "uv": [ 4.500999927520752, 1.0010000467300415, 5.999000072479248, 1.999000072479248 ], "texture": "#texture" },
                "west":  { "uv": [ 5.000999927520752, 1.0010000467300415, 11.99899959564209, 1.999000072479248 ], "texture": "#texture" },
                "east":  { "uv": [ 4.000999927520752, 1.0010000467300415, 10.99899959564209, 1.999000072479248 ], "texture": "#texture" }
            }
        },
        {
            "__comment": "hat_eye",
            "from": [ 12.5, 8, 7 ],
            "to": [ 14, 9, 8.5 ],
            "faces": {
                "down":  { "uv": [ 3.999, 2.999, 2.501, 2.501 ], "texture": "#texture" },
                "north": { "uv": [ 5.000999927520752, 1.0010000467300415, 6.499000072479248, 1.999000072479248 ], "texture": "#texture" },
                "south": { "uv": [ 4.000999927520752, 1.0010000467300415, 5.499000072479248, 1.999000072479248 ], "texture": "#texture" },
                "west":  { "uv": [ 5.500999927520752, 0.50099998712539673, 6.999000072479248, 1.499000072479248 ], "texture": "#texture" },
                "east":  { "uv": [ 5.000999927520752, 0.50099998712539673, 6.499000072479248, 1.499000072479248 ], "texture": "#texture" }
            }
        },
        {
            "__comment": "hat_eye",
            "from": [ 12.5, 10, 7.5 ],
            "to": [ 14, 10.5, 13.5 ],
            "faces": {
                "up":    { "uv": [ 5.000999927520752, 0.0010000000474974513, 13.49899959564209, 0.49900001287460327 ], "rotation": 90, "texture": "#texture" },
                "north": { "uv": [ 2.500999927520752, 1.500999927520752, 3.999000072479248, 1.999000072479248 ], "texture": "#texture" },
                "west":  { "uv": [ 6.000999927520752, 1.0010000467300415, 11.99899959564209, 1.499000072479248 ], "texture": "#texture" },
                "east":  { "uv": [ 3.500999927520752, 2.000999927520752, 9.4989995956420898, 2.499000072479248 ], "texture": "#texture" }
            }
        },
        {
            "__comment": "hat_eye",
            "from": [ 12.5, 8.5, 8.5 ],
            "to": [ 14, 9, 10 ],
            "faces": {
                "down":  { "uv": [ 2.999, 2.999, 1.501, 2.501 ], "rotation": 90, "texture": "#texture" },
                "south": { "uv": [ 10.50100040435791, 1.500999927520752, 11.99899959564209, 1.999000072479248 ], "texture": "#texture" },
                "west":  { "uv": [ 7.500999927520752, 1.0010000467300415, 8.9989995956420898, 1.499000072479248 ], "texture": "#texture" },
                "east":  { "uv": [ 5.000999927520752, 1.0010000467300415, 6.499000072479248, 1.499000072479248 ], "texture": "#texture" }
            }
        },
        {
            "__comment": "hat_eye",
            "from": [ 12.5, 10.5, 9 ],
            "to": [ 14, 11, 13.5 ],
            "faces": {
                "up":    { "uv": [ 3.500999927520752, 0.0010000000474974513, 11.99899959564209, 0.49900001287460327 ], "rotation": 90, "texture": "#texture" },
                "north": { "uv": [ 4.000999927520752, 0.50099998712539673, 5.499000072479248, 0.99900001287460327 ], "texture": "#texture" },
                "west":  { "uv": [ 6.500999927520752, 1.0010000467300415, 10.99899959564209, 1.499000072479248 ], "texture": "#texture" },
                "east":  { "uv": [ 4.000999927520752, 1.0010000467300415, 8.4989995956420898, 1.499000072479248 ], "texture": "#texture" }
            }
        },
        {
            "__comment": "hat_eye",
            "from": [ 12.5, 11, 12 ],
            "to": [ 13, 11.5, 13.5 ],
            "faces": {
                "up":    { "uv": [ 0.50099998712539673, 0.0010000000474974513, 2.499000072479248, 0.49900001287460327 ], "rotation": 90, "texture": "#texture" },
                "north": { "uv": [ 11.00100040435791, 0.50099998712539673, 11.49899959564209, 0.99900001287460327 ], "texture": "#texture" },
                "west":  { "uv": [ 10.50100040435791, 0.50099998712539673, 11.99899959564209, 0.99900001287460327 ], "texture": "#texture" },
                "east":  { "uv": [ 9.5010004043579102, 0.50099998712539673, 10.99899959564209, 0.99900001287460327 ], "texture": "#texture" }
            }
        },
        {
            "__comment": "hat_eye",
            "from": [ 13, 5.5, 1 ],
            "to": [ 14, 6, 1.5 ],
            "faces": {
                "down":  { "uv": [ 2.999, 2.999, 2.001, 2.501 ], "texture": "#texture" },
                "north": { "uv": [ 6.500999927520752, 0.50099998712539673, 7.499000072479248, 0.99900001287460327 ], "texture": "#texture" },
                "south": { "uv": [ 8.0010004043579102, 0.50099998712539673, 8.9989995956420898, 0.99900001287460327 ], "texture": "#texture" },
                "west":  { "uv": [ 4.500999927520752, 0.50099998712539673, 4.999000072479248, 0.99900001287460327 ], "texture": "#texture" },
                "east":  { "uv": [ 10.00100040435791, 1.500999927520752, 10.49899959564209, 1.999000072479248 ], "texture": "#texture" }
            }
        },
        {
            "__comment": "hat_eye",
            "from": [ 13, 6, 2 ],
            "to": [ 14, 8, 8 ],
            "faces": {
                "down":  { "uv": [ 2.999, 15.999, 2.001, 10.001 ], "texture": "#texture" },
                "up":    { "uv": [ 2.000999927520752, 9.5010004043579102, 2.999000072479248, 15.49899959564209 ], "texture": "#texture" },
                "north": { "uv": [ 1.0010000467300415, 12.50100040435791, 1.999000072479248, 14.49899959564209 ], "texture": "#texture" },
                "south": { "uv": [ 1.0010000467300415, 9.0010004043579102, 1.999000072479248, 10.99899959564209 ], "texture": "#texture" },
                "west":  { "uv": [ 0.0010000000474974513, 11.50100040435791, 5.999000072479248, 13.49899959564209 ], "texture": "#texture" },
                "east":  { "uv": [ 0.0010000000474974513, 10.50100040435791, 5.999000072479248, 12.49899959564209 ], "texture": "#texture" }
            }
        },
        {
            "__comment": "hat_eye",
            "from": [ 13, 8, 2 ],
            "to": [ 14, 8.5, 7 ],
            "faces": {
                "up":    { "uv": [ 1.500999927520752, 9.5010004043579102, 2.499000072479248, 14.49899959564209 ], "texture": "#texture" },
                "north": { "uv": [ 0.50099998712539673, 13.50100040435791, 1.499000072479248, 13.99899959564209 ], "texture": "#texture" },
                "west":  { "uv": [ 0.50099998712539673, 12.50100040435791, 5.499000072479248, 12.99899959564209 ], "texture": "#texture" },
                "east":  { "uv": [ 2.000999927520752, 12.50100040435791, 6.999000072479248, 12.99899959564209 ], "texture": "#texture" }
            }
        },
        {
            "__comment": "hat_eye",
            "from": [ 13, 5.5, 2.5 ],
            "to": [ 15, 6, 7.5 ],
            "faces": {
                "down":  { "uv": [ 3.499, 14.999, 1.501, 10.001 ], "texture": "#texture" },
                "up":    { "uv": [ 0.50099998712539673, 9.5010004043579102, 2.499000072479248, 14.49899959564209 ], "texture": "#texture" },
                "north": { "uv": [ 0.0010000000474974513, 11.00100040435791, 1.999000072479248, 11.49899959564209 ], "texture": "#texture" },
                "south": { "uv": [ 0.0010000000474974513, 11.50100040435791, 1.999000072479248, 11.99899959564209 ], "texture": "#texture" },
                "west":  { "uv": [ 0.0010000000474974513, 10.50100040435791, 4.999000072479248, 10.99899959564209 ], "texture": "#texture" },
                "east":  { "uv": [ 0.50099998712539673, 13.00100040435791, 5.499000072479248, 13.49899959564209 ], "texture": "#texture" }
            }
        },
        {
            "__comment": "hat_eye",
            "from": [ 13, 8.5, 2.5 ],
            "to": [ 15, 9, 7 ],
            "faces": {
                "down":  { "uv": [ 3.499, 14.999, 1.501, 10.501 ], "texture": "#texture" },
                "up":    { "uv": [ 2.000999927520752, 10.00100040435791, 3.999000072479248, 14.49899959564209 ], "texture": "#texture" },
                "north": { "uv": [ 1.0010000467300415, 11.50100040435791, 2.999000072479248, 11.99899959564209 ], "texture": "#texture" },
                "south": { "uv": [ 3.500999927520752, 12.00100040435791, 5.499000072479248, 12.49899959564209 ], "texture": "#texture" },
                "west":  { "uv": [ 0.0010000000474974513, 13.00100040435791, 4.499000072479248, 13.49899959564209 ], "texture": "#texture" },
                "east":  { "uv": [ 1.500999927520752, 11.50100040435791, 5.999000072479248, 11.99899959564209 ], "texture": "#texture" }
            }
        },
        {
            "__comment": "hat_eye",
            "from": [ 13, 9, 2.5 ],
            "to": [ 15, 9.5, 6.5 ],
            "faces": {
                "up":    { "uv": [ 3.000999927520752, 9.0010004043579102, 4.999000072479248, 12.99899959564209 ], "texture": "#texture" },
                "north": { "uv": [ 0.50099998712539673, 10.00100040435791, 2.499000072479248, 10.49899959564209 ], "texture": "#texture" },
                "south": { "uv": [ 2.500999927520752, 11.00100040435791, 4.499000072479248, 11.49899959564209 ], "texture": "#texture" },
                "west":  { "uv": [ 0.50099998712539673, 11.50100040435791, 4.499000072479248, 11.99899959564209 ], "texture": "#texture" },
                "east":  { "uv": [ 1.500999927520752, 12.00100040435791, 5.499000072479248, 12.49899959564209 ], "texture": "#texture" }
            }
        },
        {
            "__comment": "hat_eye",
            "from": [ 13, 5, 3 ],
            "to": [ 15, 5.5, 7 ],
            "faces": {
                "down":  { "uv": [ 3.499, 14.499, 1.501, 10.501 ], "texture": "#texture" },
                "north": { "uv": [ 0.50099998712539673, 10.50100040435791, 2.499000072479248, 10.99899959564209 ], "texture": "#texture" },
                "south": { "uv": [ 2.000999927520752, 12.00100040435791, 3.999000072479248, 12.49899959564209 ], "texture": "#texture" },
                "west":  { "uv": [ 0.50099998712539673, 11.50100040435791, 4.499000072479248, 11.99899959564209 ], "texture": "#texture" },
                "east":  { "uv": [ 1.0010000467300415, 10.50100040435791, 4.999000072479248, 10.99899959564209 ], "texture": "#texture" }
            }
        },
        {
            "__comment": "hat_eye",
            "from": [ 13, 9.5, 3 ],
            "to": [ 15, 10, 6.5 ],
            "faces": {
                "up":    { "uv": [ 4.000999927520752, 9.5010004043579102, 5.999000072479248, 12.99899959564209 ], "texture": "#texture" },
                "north": { "uv": [ 1.500999927520752, 12.50100040435791, 3.499000072479248, 12.99899959564209 ], "texture": "#texture" },
                "south": { "uv": [ 1.500999927520752, 12.00100040435791, 3.499000072479248, 12.49899959564209 ], "texture": "#texture" },
                "west":  { "uv": [ 1.0010000467300415, 11.00100040435791, 4.499000072479248, 11.49899959564209 ], "texture": "#texture" },
                "east":  { "uv": [ 0.50099998712539673, 11.50100040435791, 3.999000072479248, 11.99899959564209 ], "texture": "#texture" }
            }
        },
        {
            "__comment": "hat_eye",
            "from": [ 13, 4.5, 4 ],
            "to": [ 15, 5, 6.5 ],
            "faces": {
                "down":  { "uv": [ 2.999, 12.499, 1.001, 10.001 ], "texture": "#texture" },
                "north": { "uv": [ 1.0010000467300415, 11.00100040435791, 2.999000072479248, 11.49899959564209 ], "texture": "#texture" },
                "south": { "uv": [ 0.0010000000474974513, 13.00100040435791, 1.999000072479248, 13.49899959564209 ], "texture": "#texture" },
                "west":  { "uv": [ 1.0010000467300415, 11.00100040435791, 3.499000072479248, 11.49899959564209 ], "texture": "#texture" },
                "east":  { "uv": [ 0.50099998712539673, 12.50100040435791, 2.999000072479248, 12.99899959564209 ], "texture": "#texture" }
            }
        },
        {
            "__comment": "hat_eye",
            "from": [ 13, 10, 4 ],
            "to": [ 15, 10.5, 6.5 ],
            "faces": {
                "up":    { "uv": [ 1.0010000467300415, 10.50100040435791, 2.999000072479248, 12.99899959564209 ], "texture": "#texture" },
                "north": { "uv": [ 0.50099998712539673, 11.00100040435791, 2.499000072479248, 11.49899959564209 ], "texture": "#texture" },
                "south": { "uv": [ 2.500999927520752, 11.50100040435791, 4.499000072479248, 11.99899959564209 ], "texture": "#texture" },
                "west":  { "uv": [ 1.0010000467300415, 10.50100040435791, 3.499000072479248, 10.99899959564209 ], "texture": "#texture" },
                "east":  { "uv": [ 1.500999927520752, 11.00100040435791, 3.999000072479248, 11.49899959564209 ], "texture": "#texture" }
            }
        },
        {
            "__comment": "hat_eye",
            "from": [ 13, 11, 12.5 ],
            "to": [ 14, 11.5, 13.5 ],
            "faces": {
                "up":    { "uv": [ 6.500999927520752, 0.0010000000474974513, 7.499000072479248, 0.49900001287460327 ], "texture": "#texture" },
                "north": { "uv": [ 4.500999927520752, 1.0010000467300415, 5.499000072479248, 1.499000072479248 ], "texture": "#texture" },
                "east":  { "uv": [ 3.000999927520752, 1.500999927520752, 3.999000072479248, 1.999000072479248 ], "texture": "#texture" }
            }
        },
        {
            "__comment": "hat_eye",
            "from": [ 14, 7, 2 ],
            "to": [ 15, 8, 8 ],
            "faces": {
                "down":  { "uv": [ 2.499, 15.999, 1.501, 10.001 ], "texture": "#texture" },
                "up":    { "uv": [ 0.50099998712539673, 10.00100040435791, 1.499000072479248, 15.99899959564209 ], "texture": "#texture" },
                "north": { "uv": [ 1.0010000467300415, 12.00100040435791, 1.999000072479248, 12.99899959564209 ], "texture": "#texture" },
                "south": { "uv": [ 1.500999927520752, 11.00100040435791, 2.499000072479248, 11.99899959564209 ], "texture": "#texture" },
                "east":  { "uv": [ 0.50099998712539673, 12.00100040435791, 6.499000072479248, 12.99899959564209 ], "texture": "#texture" }
            }
        },
        {
            "__comment": "hat_eye",
            "from": [ 14, 6, 2.5 ],
            "to": [ 15, 7, 8 ],
            "faces": {
                "down":  { "uv": [ 2.499, 15.999, 1.501, 10.501 ], "texture": "#texture" },
                "north": { "uv": [ 1.500999927520752, 11.50100040435791, 2.499000072479248, 12.49899959564209 ], "texture": "#texture" },
                "south": { "uv": [ 3.000999927520752, 10.50100040435791, 3.999000072479248, 11.49899959564209 ], "texture": "#texture" },
                "east":  { "uv": [ 0.0010000000474974513, 13.00100040435791, 5.499000072479248, 13.99899959564209 ], "texture": "#texture" }
            }
        },
        {
            "__comment": "DroobledoreLLC",
            "from": [ 14, 8, 2.5 ],
            "to": [ 15, 8.5, 8 ],
            "faces": {
                "up":    { "uv": [ 2.000999927520752, 9.5010004043579102, 2.999000072479248, 14.99899959564209 ], "texture": "#texture" },
                "north": { "uv": [ 1.0010000467300415, 11.50100040435791, 1.999000072479248, 11.99899959564209 ], "texture": "#texture" },
                "south": { "uv": [ 2.000999927520752, 12.50100040435791, 2.999000072479248, 12.99899959564209 ], "texture": "#texture" },
                "west":  { "uv": [ 0.0010000000474974513, 12.50100040435791, 5.499000072479248, 12.99899959564209 ], "texture": "#texture" },
                "east":  { "uv": [ 0.0010000000474974513, 13.00100040435791, 5.499000072479248, 13.49899959564209 ], "texture": "#texture" }
            }
        },
        {
            "__comment": "hat_eye",
            "from": [ 14, 9, 6.5 ],
            "to": [ 15, 9.5, 7.5 ],
            "faces": {
                "down":  { "uv": [ 2.499, 13.999, 1.501, 13.001 ], "texture": "#texture" },
                "up":    { "uv": [ 3.000999927520752, 13.00100040435791, 3.999000072479248, 13.99899959564209 ], "texture": "#texture" },
                "south": { "uv": [ 3.000999927520752, 12.50100040435791, 3.999000072479248, 12.99899959564209 ], "texture": "#texture" },
                "east":  { "uv": [ 2.000999927520752, 12.50100040435791, 2.999000072479248, 12.99899959564209 ], "texture": "#texture" }
            }
        },
        {
            "__comment": "hat_eye",
            "from": [ 14, 9.5, 6.5 ],
            "to": [ 15, 10, 7 ],
            "faces": {
                "up":    { "uv": [ 5.000999927520752, 11.00100040435791, 5.999000072479248, 11.49899959564209 ], "texture": "#texture" },
                "south": { "uv": [ 3.000999927520752, 10.50100040435791, 3.999000072479248, 10.99899959564209 ], "texture": "#texture" },
                "east":  { "uv": [ 3.000999927520752, 12.00100040435791, 3.499000072479248, 12.49899959564209 ], "texture": "#texture" }
            }
        },
        {
            "__comment": "hat_eye",
            "from": [ 14, 8.5, 7 ],
            "to": [ 15, 9, 8 ],
            "faces": {
                "up":    { "uv": [ 2.500999927520752, 11.00100040435791, 3.499000072479248, 11.99899959564209 ], "texture": "#texture" },
                "south": { "uv": [ 4.000999927520752, 11.00100040435791, 4.999000072479248, 11.49899959564209 ], "texture": "#texture" },
                "east":  { "uv": [ 0.50099998712539673, 12.50100040435791, 1.499000072479248, 12.99899959564209 ], "texture": "#texture" }
            }
        },
        {
            "__comment": "hat_eye",
            "from": [ 15, 6.5, 3 ],
            "to": [ 15.5, 8.5, 7 ],
            "faces": {
                "down":  { "uv": [ 12.999, 14.999, 11.501, 14.501 ], "texture": "#hat_auror2" },
                "up":    { "uv": [ 11.00100040435791, 10.00100040435791, 11.99899959564209, 10.49899959564209 ], "texture": "#hat_auror2" },
                "north": { "uv": [ 11.00100040435791, 14.50100040435791, 11.49899959564209, 14.99899959564209 ], "texture": "#hat_auror2" },
                "south": { "uv": [ 12.50100040435791, 14.50100040435791, 12.99899959564209, 14.99899959564209 ], "texture": "#hat_auror2" },
                "west":  { "uv": [ 10.00100040435791, 11.00100040435791, 13.99899959564209, 12.99899959564209 ], "texture": "#hat_auror2" },
                "east":  { "uv": [ 10.00100040435791, 11.50100040435791, 14.49899959564209, 13.49899959564209 ], "texture": "#hat_auror2" }
            }
        },
        {
            "__comment": "hat_eye",
            "from": [ 15, 6, 3.5 ],
            "to": [ 15.5, 6.5, 7 ],
            "faces": {
                "down":  { "uv": [ 13.499, 14.499, 13.001, 11.001 ], "texture": "#hat_auror2" },
                "north": { "uv": [ 10.00100040435791, 12.50100040435791, 10.49899959564209, 12.99899959564209 ], "texture": "#hat_auror2" },
                "south": { "uv": [ 10.00100040435791, 12.00100040435791, 10.49899959564209, 12.49899959564209 ], "texture": "#hat_auror2" },
                "east":  { "uv": [ 10.00100040435791, 14.00100040435791, 13.99899959564209, 14.49899959564209 ], "texture": "#hat_auror2" }
            }
        },
        {
            "__comment": "hat_eye",
            "from": [ 15, 8.5, 3.5 ],
            "to": [ 15.5, 9, 7 ],
            "faces": {
                "up":    { "uv": [ 11.00100040435791, 10.00100040435791, 12.99899959564209, 10.49899959564209 ], "texture": "#hat_auror2" },
                "north": { "uv": [ 11.00100040435791, 10.00100040435791, 11.49899959564209, 10.49899959564209 ], "texture": "#hat_auror2" },
                "south": { "uv": [ 11.00100040435791, 10.00100040435791, 11.49899959564209, 10.49899959564209 ], "texture": "#hat_auror2" },
                "east":  { "uv": [ 11.00100040435791, 14.50100040435791, 11.49899959564209, 14.99899959564209 ], "texture": "#hat_auror2" }
            }
        },
        {
            "__comment": "RHJvb2JsZWRvcmVMTEM=",
            "from": [ 15, 5.5, 4 ],
            "to": [ 15.5, 6, 6.5 ],
            "faces": {
                "down":  { "uv": [ 11.001, 14.999, 12.999, 14.501 ], "rotation": 90, "texture": "#hat_auror2" },
                "north": { "uv": [ 10.00100040435791, 14.00100040435791, 10.49899959564209, 14.49899959564209 ], "texture": "#hat_auror2" },
                "south": { "uv": [ 10.00100040435791, 14.00100040435791, 10.49899959564209, 14.49899959564209 ], "texture": "#hat_auror2" },
                "east":  { "uv": [ 10.50100040435791, 14.00100040435791, 13.99899959564209, 14.49899959564209 ], "texture": "#hat_auror2" }
            }
        },
        {
            "__comment": "hat_eye",
            "from": [ 15, 9, 4 ],
            "to": [ 15.5, 9.5, 6.5 ],
            "faces": {
                "up":    { "uv": [ 11.00100040435791, 10.00100040435791, 12.99899959564209, 10.49899959564209 ], "texture": "#hat_auror2" },
                "north": { "uv": [ 11.00100040435791, 14.50100040435791, 11.49899959564209, 14.99899959564209 ], "texture": "#hat_auror2" },
                "south": { "uv": [ 12.50100040435791, 14.50100040435791, 12.99899959564209, 14.99899959564209 ], "texture": "#hat_auror2" },
                "east":  { "uv": [ 11.00100040435791, 10.00100040435791, 12.99899959564209, 10.49899959564209 ], "texture": "#hat_auror2" }
            }
        },
        {
            "__comment": "hat_eye",
            "from": [ 15, 7, 7 ],
            "to": [ 15.5, 8, 7.5 ],
            "faces": {
                "down":  { "uv": [ 11.999, 14.999, 11.501, 14.501 ], "texture": "#hat_auror2" },
                "up":    { "uv": [ 11.50100040435791, 10.00100040435791, 11.99899959564209, 10.49899959564209 ], "texture": "#hat_auror2" },
                "south": { "uv": [ 12.50100040435791, 14.50100040435791, 12.99899959564209, 14.99899959564209 ], "texture": "#hat_auror2" },
                "east":  { "uv": [ 11.00100040435791, 14.50100040435791, 11.49899959564209, 14.99899959564209 ], "texture": "#hat_auror2" }
            }
        },
        {
            "__comment": "hat_eye",
            "from": [ 15.5, 6.5, 3.5 ],
            "to": [ 16, 8.5, 6.5 ],
            "faces": {
                "down":  { "uv": [ 12.499, 14.999, 11.001, 14.501 ], "texture": "#hat_auror2" },
                "up":    { "uv": [ 11.00100040435791, 10.00100040435791, 12.99899959564209, 10.49899959564209 ], "texture": "#hat_auror2" },
                "north": { "uv": [ 9.5010004043579102, 11.50100040435791, 9.9989995956420898, 13.49899959564209 ], "texture": "#hat_auror2" },
                "south": { "uv": [ 14.00100040435791, 11.50100040435791, 14.49899959564209, 13.49899959564209 ], "texture": "#hat_auror2" },
                "east":  { "uv": [ 10.50100040435791, 11.00100040435791, 13.49899959564209, 12.99899959564209 ], "texture": "#hat_auror2", "cullface": "east" }
            }
        },
        {
            "__comment": "hat_eye",
            "from": [ 15.5, 6, 4 ],
            "to": [ 16, 6.5, 6.5 ],
            "faces": {
                "down":  { "uv": [ 12.999, 14.999, 11.001, 14.501 ], "texture": "#hat_auror2" },
                "north": { "uv": [ 13.50100040435791, 13.50100040435791, 13.99899959564209, 13.99899959564209 ], "texture": "#hat_auror2" },
                "south": { "uv": [ 9.5010004043579102, 13.00100040435791, 9.9989995956420898, 13.49899959564209 ], "texture": "#hat_auror2" },
                "east":  { "uv": [ 10.50100040435791, 13.00100040435791, 12.99899959564209, 13.49899959564209 ], "texture": "#hat_auror2", "cullface": "east" }
            }
        },
        {
            "__comment": "hat_eye",
            "from": [ 15.5, 8.5, 4 ],
            "to": [ 16, 9, 6.5 ],
            "faces": {
                "up":    { "uv": [ 11.00100040435791, 10.00100040435791, 12.49899959564209, 10.49899959564209 ], "texture": "#hat_auror2" },
                "north": { "uv": [ 14.00100040435791, 11.50100040435791, 14.49899959564209, 11.99899959564209 ], "texture": "#hat_auror2" },
                "south": { "uv": [ 9.5010004043579102, 11.50100040435791, 9.9989995956420898, 11.99899959564209 ], "texture": "#hat_auror2" },
                "east":  { "uv": [ 10.50100040435791, 10.50100040435791, 12.99899959564209, 10.99899959564209 ], "texture": "#hat_auror2", "cullface": "east" }
            }
        },
        {
            "__comment": "hat_eye",
            "from": [ 15.5, 7, 6.5 ],
            "to": [ 16, 8.5, 7 ],
            "faces": {
                "down":  { "uv": [ 11.999, 14.999, 11.501, 14.501 ], "texture": "#hat_auror2" },
                "up":    { "uv": [ 11.00100040435791, 10.00100040435791, 11.49899959564209, 10.49899959564209 ], "texture": "#hat_auror2" },
                "south": { "uv": [ 11.00100040435791, 14.50100040435791, 11.49899959564209, 14.99899959564209 ], "texture": "#hat_auror2" },
                "east":  { "uv": [ 10.00100040435791, 11.00100040435791, 10.49899959564209, 12.99899959564209 ], "texture": "#hat_auror2", "cullface": "east" }
            }
        }
    ],
    "display": {
        "thirdperson_righthand": {
            "rotation": [ 0, 90, 0 ],
            "translation": [ 0, -0.38, 0 ],
            "scale": [ 0.4, 0.4, 0.4 ]
        },
        "thirdperson_lefthand": {
            "rotation": [ 0, -90, 0 ],
            "translation": [ 0, -0.38, 0 ],
            "scale": [ 0.4, 0.4, 0.4 ]
        },
        "head": {
            "rotation": [ 0, 90, 0 ],
            "translation": [ 0, 0, -1.13 ],
            "scale": [ 1.1, 1.1, 1.1 ]
        },
        "ground": {
            "rotation": [ 0, 0, 0 ],
            "translation": [ 0, 0, 0 ],
            "scale": [ 0.5, 0.5, 0.5 ]
        },
        "fixed": {
            "rotation": [ 0, 90, 0 ],
            "translation": [ 0, 0, 5.1 ],
            "scale": [ 1, 1, 1 ]
        },
        "firstperson_righthand": {
            "rotation": [ -27, -116, 0 ],
            "translation": [ 0.38, 1.13, 0 ],
            "scale": [ 0.5, 0.5, 0.5 ]
        },
        "firstperson_lefthand": {
            "rotation": [ -27, 48, 0 ],
            "translation": [ 0.38, 1.13, 0 ],
            "scale": [ 0.5, 0.5, 0.5 ]
        },
        "gui": {
            "rotation": [ 11, -118, 0 ],
            "translation": [ -0.38, 0, 0 ],
            "scale": [ 0.8, 0.8, 0.8 ]
        }
    }
}