{
	"credit": "Created by Droobledore with BDcraft Cubik PRO 0.95 Beta. Used with permission in NathanWolf's Magic plugin. Edited by PhvntxmX using BlockBench.",
	"parent": "magic:base/lit",
	"ambientocclusion": false,
	"textures": {
		"particle": "magic:other/mastersword",
		"texture": "magic:other/mastersword",
		"mastersword_top": "magic:other/mastersword_top"
	},
	"elements": [
		{
			"name": "Mastersword",
			"from": [5.875, 5, 7.875],
			"to": [6.25, 5.125, 8.125],
			"faces": {
				"north": {"uv": [6.25, 10.875, 5.875, 11], "texture": "#texture"},
				"east": {"uv": [8.125, 10.875, 7.875, 11], "texture": "#texture"},
				"south": {"uv": [5.875, 10.875, 6.25, 11], "texture": "#texture"},
				"west": {"uv": [7.875, 10.875, 8.125, 11], "texture": "#texture"},
				"up": {"uv": [5.875, 7.875, 6.25, 8.125], "texture": "#mastersword_top"},
				"down": {"uv": [10.125, 8.125, 9.75, 7.875], "texture": "#mastersword_top"}
			}
		},
		{
			"name": "Mastersword",
			"from": [6, 4.875, 7.75],
			"to": [6.75, 5, 8.25],
			"faces": {
				"north": {"uv": [6.75, 11, 6, 11.125], "texture": "#texture"},
				"east": {"uv": [8.25, 11, 7.75, 11.125], "texture": "#texture"},
				"south": {"uv": [6, 11, 6.75, 11.125], "texture": "#texture"},
				"west": {"uv": [7.75, 11, 8.25, 11.125], "texture": "#texture"},
				"up": {"uv": [6, 7.75, 6.75, 8.25], "texture": "#mastersword_top"},
				"down": {"uv": [10, 8.25, 9.25, 7.75], "texture": "#mastersword_top"}
			}
		},
		{
			"name": "Mastersword",
			"from": [6.125, 4.75, 7.625],
			"to": [6.75, 4.875, 8.375],
			"faces": {
				"north": {"uv": [6.75, 11.125, 6.125, 11.25], "texture": "#texture"},
				"east": {"uv": [8.375, 11.125, 7.625, 11.25], "texture": "#texture"},
				"south": {"uv": [6.125, 11.125, 6.75, 11.25], "texture": "#texture"},
				"west": {"uv": [7.625, 11.125, 8.375, 11.25], "texture": "#texture"},
				"up": {"uv": [6.125, 7.625, 6.75, 8.375], "texture": "#mastersword_top"},
				"down": {"uv": [9.875, 8.375, 9.25, 7.625], "texture": "#mastersword_top"}
			}
		},
		{
			"name": "Mastersword",
			"from": [6.125, 4.875, 7.625],
			"to": [6.375, 5, 7.75],
			"faces": {
				"north": {"uv": [6.375, 11, 6.125, 11.125], "texture": "#texture"},
				"east": {"uv": [7.75, 11, 7.625, 11.125], "texture": "#texture"},
				"west": {"uv": [7.625, 11, 7.75, 11.125], "texture": "#texture"},
				"up": {"uv": [6.125, 7.625, 6.375, 7.75], "texture": "#mastersword_top"}
			}
		},
		{
			"name": "Mastersword",
			"from": [6.125, 4.625, 7.875],
			"to": [7, 4.75, 8.125],
			"faces": {
				"north": {"uv": [7, 11.25, 6.125, 11.375], "texture": "#texture"},
				"east": {"uv": [8.125, 11.25, 7.875, 11.375], "texture": "#texture"},
				"south": {"uv": [6.125, 11.25, 7, 11.375], "texture": "#texture"},
				"west": {"uv": [7.875, 11.25, 8.125, 11.375], "texture": "#texture"},
				"up": {"uv": [6.125, 7.875, 7, 8.125], "texture": "#mastersword_top"},
				"down": {"uv": [9.875, 8.125, 9, 7.875], "texture": "#mastersword_top"}
			}
		},
		{
			"name": "Mastersword",
			"from": [6.125, 4.875, 8.25],
			"to": [6.375, 5, 8.375],
			"faces": {
				"east": {"uv": [8.375, 11, 8.25, 11.125], "texture": "#texture"},
				"south": {"uv": [6.125, 11, 6.375, 11.125], "texture": "#texture"},
				"west": {"uv": [8.25, 11, 8.375, 11.125], "texture": "#texture"},
				"up": {"uv": [6.125, 8.25, 6.375, 8.375], "texture": "#mastersword_top"}
			}
		},
		{
			"name": "Mastersword",
			"from": [6.25, 4.625, 7.625],
			"to": [6.875, 4.75, 7.875],
			"faces": {
				"north": {"uv": [6.875, 11.25, 6.25, 11.375], "texture": "#texture"},
				"east": {"uv": [7.875, 11.25, 7.625, 11.375], "texture": "#texture"},
				"west": {"uv": [7.625, 11.25, 7.875, 11.375], "texture": "#texture"},
				"up": {"uv": [6.25, 7.625, 6.875, 7.875], "texture": "#mastersword_top"},
				"down": {"uv": [9.75, 7.875, 9.125, 7.625], "texture": "#mastersword_top"}
			}
		},
		{
			"name": "Mastersword",
			"from": [6.25, 4.5, 7.75],
			"to": [9.75, 4.625, 8.25],
			"faces": {
				"north": {"uv": [9.75, 11.375, 6.25, 11.5], "texture": "#texture"},
				"east": {"uv": [8.25, 11.375, 7.75, 11.5], "texture": "#texture"},
				"south": {"uv": [6.25, 11.375, 9.75, 11.5], "texture": "#texture"},
				"west": {"uv": [7.75, 11.375, 8.25, 11.5], "texture": "#texture"},
				"up": {"uv": [6.25, 7.75, 9.75, 8.25], "texture": "#mastersword_top"},
				"down": {"uv": [9.75, 8.25, 6.25, 7.75], "texture": "#mastersword_top"}
			}
		},
		{
			"name": "Mastersword",
			"from": [6.25, 4.625, 8.125],
			"to": [6.875, 4.75, 8.375],
			"faces": {
				"east": {"uv": [8.375, 11.25, 8.125, 11.375], "texture": "#texture"},
				"south": {"uv": [6.25, 11.25, 6.875, 11.375], "texture": "#texture"},
				"west": {"uv": [8.125, 11.25, 8.375, 11.375], "texture": "#texture"},
				"up": {"uv": [6.25, 8.125, 6.875, 8.375], "texture": "#mastersword_top"},
				"down": {"uv": [9.75, 8.375, 9.125, 8.125], "texture": "#mastersword_top"}
			}
		},
		{
			"name": "Mastersword",
			"from": [6.375, 4.375, 7.625],
			"to": [7.625, 4.5, 8.375],
			"faces": {
				"north": {"uv": [7.625, 11.5, 6.375, 11.625], "texture": "#texture"},
				"east": {"uv": [8.375, 11.5, 7.625, 11.625], "texture": "#texture"},
				"south": {"uv": [6.375, 11.5, 7.625, 11.625], "texture": "#texture"},
				"west": {"uv": [7.625, 11.5, 8.375, 11.625], "texture": "#texture"},
				"up": {"uv": [6.375, 7.625, 7.625, 8.375], "texture": "#mastersword_top"},
				"down": {"uv": [9.625, 8.375, 8.375, 7.625], "texture": "#mastersword_top"}
			}
		},
		{
			"name": "Mastersword",
			"from": [6.375, 4.5, 7.625],
			"to": [6.875, 4.625, 7.75],
			"faces": {
				"north": {"uv": [6.875, 11.375, 6.375, 11.5], "texture": "#texture"},
				"east": {"uv": [7.75, 11.375, 7.625, 11.5], "texture": "#texture"},
				"west": {"uv": [7.625, 11.375, 7.75, 11.5], "texture": "#texture"}
			}
		},
		{
			"name": "Mastersword",
			"from": [6.375, 4.25, 7.875],
			"to": [7.5, 4.375, 8.125],
			"faces": {
				"north": {"uv": [7.5, 11.625, 6.375, 11.75], "texture": "#texture"},
				"east": {"uv": [8.125, 11.625, 7.875, 11.75], "texture": "#texture"},
				"south": {"uv": [6.375, 11.625, 7.5, 11.75], "texture": "#texture"},
				"west": {"uv": [7.875, 11.625, 8.125, 11.75], "texture": "#texture"},
				"down": {"uv": [9.625, 8.125, 8.5, 7.875], "texture": "#mastersword_top"}
			}
		},
		{
			"name": "Mastersword",
			"from": [6.375, 4.5, 8.25],
			"to": [6.875, 4.625, 8.375],
			"faces": {
				"east": {"uv": [8.375, 11.375, 8.25, 11.5], "texture": "#texture"},
				"south": {"uv": [6.375, 11.375, 6.875, 11.5], "texture": "#texture"},
				"west": {"uv": [8.25, 11.375, 8.375, 11.5], "texture": "#texture"}
			}
		},
		{
			"name": "Mastersword",
			"from": [6.5, 4.25, 7.625],
			"to": [7.375, 4.375, 7.875],
			"faces": {
				"north": {"uv": [7.375, 11.625, 6.5, 11.75], "texture": "#texture"},
				"east": {"uv": [7.875, 11.625, 7.625, 11.75], "texture": "#texture"},
				"west": {"uv": [7.625, 11.625, 7.875, 11.75], "texture": "#texture"},
				"down": {"uv": [9.5, 7.875, 8.625, 7.625], "texture": "#mastersword_top"}
			}
		},
		{
			"name": "Mastersword",
			"from": [6.5, 4.125, 7.75],
			"to": [7.25, 4.25, 8.25],
			"faces": {
				"north": {"uv": [7.25, 11.75, 6.5, 11.875], "texture": "#texture"},
				"east": {"uv": [8.25, 11.75, 7.75, 11.875], "texture": "#texture"},
				"south": {"uv": [6.5, 11.75, 7.25, 11.875], "texture": "#texture"},
				"west": {"uv": [7.75, 11.75, 8.25, 11.875], "texture": "#texture"},
				"up": {"uv": [6.5, 7.75, 7.25, 8.25], "texture": "#mastersword_top"},
				"down": {"uv": [9.5, 8.25, 8.75, 7.75], "texture": "#mastersword_top"}
			}
		},
		{
			"name": "Mastersword",
			"from": [6.5, 4.25, 8.125],
			"to": [7.375, 4.375, 8.375],
			"faces": {
				"east": {"uv": [8.375, 11.625, 8.125, 11.75], "texture": "#texture"},
				"south": {"uv": [6.5, 11.625, 7.375, 11.75], "texture": "#texture"},
				"west": {"uv": [8.125, 11.625, 8.375, 11.75], "texture": "#texture"},
				"down": {"uv": [9.5, 8.375, 8.625, 8.125], "texture": "#mastersword_top"}
			}
		},
		{
			"name": "Mastersword",
			"from": [6.625, 4, 7.625],
			"to": [7.125, 4.125, 8.375],
			"faces": {
				"north": {"uv": [7.125, 11.875, 6.625, 12], "texture": "#texture"},
				"east": {"uv": [8.375, 11.875, 7.625, 12], "texture": "#texture"},
				"south": {"uv": [6.625, 11.875, 7.125, 12], "texture": "#texture"},
				"west": {"uv": [7.625, 11.875, 8.375, 12], "texture": "#texture"},
				"up": {"uv": [6.625, 7.625, 7.125, 8.375], "texture": "#mastersword_top"},
				"down": {"uv": [9.375, 8.375, 8.875, 7.625], "texture": "#mastersword_top"}
			}
		},
		{
			"name": "Mastersword",
			"from": [6.625, 4.125, 7.625],
			"to": [7.25, 4.25, 7.75],
			"faces": {
				"north": {"uv": [7.25, 11.75, 6.625, 11.875], "texture": "#texture"},
				"east": {"uv": [7.75, 11.75, 7.625, 11.875], "texture": "#texture"},
				"west": {"uv": [7.625, 11.75, 7.75, 11.875], "texture": "#texture"},
				"down": {"uv": [9.375, 7.75, 8.75, 7.625], "texture": "#mastersword_top"}
			}
		},
		{
			"name": "Mastersword",
			"from": [6.625, 3.875, 7.875],
			"to": [7, 4, 8.125],
			"faces": {
				"north": {"uv": [7, 12, 6.625, 12.125], "texture": "#texture"},
				"east": {"uv": [8.125, 12, 7.875, 12.125], "texture": "#texture"},
				"south": {"uv": [6.625, 12, 7, 12.125], "texture": "#texture"},
				"west": {"uv": [7.875, 12, 8.125, 12.125], "texture": "#texture"},
				"down": {"uv": [9.375, 8.125, 9, 7.875], "texture": "#mastersword_top"}
			}
		},
		{
			"name": "Mastersword",
			"from": [6.625, 4.125, 8.25],
			"to": [7.25, 4.25, 8.375],
			"faces": {
				"east": {"uv": [8.375, 11.75, 8.25, 11.875], "texture": "#texture"},
				"south": {"uv": [6.625, 11.75, 7.25, 11.875], "texture": "#texture"},
				"west": {"uv": [8.25, 11.75, 8.375, 11.875], "texture": "#texture"},
				"down": {"uv": [9.375, 8.375, 8.75, 8.25], "texture": "#mastersword_top"}
			}
		},
		{
			"name": "Mastersword",
			"from": [6.75, 3.875, 7.625],
			"to": [6.875, 4, 7.875],
			"faces": {
				"north": {"uv": [6.875, 12, 6.75, 12.125], "texture": "#texture"},
				"east": {"uv": [7.875, 12, 7.625, 12.125], "texture": "#texture"},
				"west": {"uv": [7.625, 12, 7.875, 12.125], "texture": "#texture"},
				"down": {"uv": [9.25, 7.875, 9.125, 7.625], "texture": "#mastersword_top"}
			}
		},
		{
			"name": "Mastersword",
			"from": [6.75, 3.75, 7.75],
			"to": [6.875, 3.875, 8.25],
			"faces": {
				"north": {"uv": [6.875, 12.125, 6.75, 12.25], "texture": "#texture"},
				"east": {"uv": [8.25, 12.125, 7.75, 12.25], "texture": "#texture"},
				"south": {"uv": [6.75, 12.125, 6.875, 12.25], "texture": "#texture"},
				"west": {"uv": [7.75, 12.125, 8.25, 12.25], "texture": "#texture"},
				"up": {"uv": [6.75, 7.75, 6.875, 8.25], "texture": "#mastersword_top"},
				"down": {"uv": [9.25, 8.25, 9.125, 7.75], "texture": "#mastersword_top"}
			}
		},
		{
			"name": "Mastersword",
			"from": [6.75, 4.75, 7.75],
			"to": [6.875, 4.875, 8.25],
			"faces": {
				"north": {"uv": [6.875, 11.125, 6.75, 11.25], "texture": "#texture"},
				"east": {"uv": [8.25, 11.125, 7.75, 11.25], "texture": "#texture"},
				"south": {"uv": [6.75, 11.125, 6.875, 11.25], "texture": "#texture"},
				"up": {"uv": [6.75, 7.75, 6.875, 8.25], "texture": "#mastersword_top"},
				"down": {"uv": [9.25, 8.25, 9.125, 7.75], "texture": "#mastersword_top"}
			}
		},
		{
			"name": "Mastersword",
			"from": [6.75, 3.875, 8.125],
			"to": [6.875, 4, 8.375],
			"faces": {
				"east": {"uv": [8.375, 12, 8.125, 12.125], "texture": "#texture"},
				"south": {"uv": [6.75, 12, 6.875, 12.125], "texture": "#texture"},
				"west": {"uv": [8.125, 12, 8.375, 12.125], "texture": "#texture"},
				"down": {"uv": [9.25, 8.375, 9.125, 8.125], "texture": "#mastersword_top"}
			}
		},
		{
			"name": "Mastersword",
			"from": [6.875, 3.875, 7.75],
			"to": [7, 4, 7.875],
			"faces": {
				"north": {"uv": [7, 12, 6.875, 12.125], "texture": "#texture"},
				"east": {"uv": [7.875, 12, 7.75, 12.125], "texture": "#texture"},
				"down": {"uv": [9.125, 7.875, 9, 7.75], "texture": "#mastersword_top"}
			}
		},
		{
			"name": "Mastersword",
			"from": [6.875, 3.875, 8.125],
			"to": [7, 4, 8.25],
			"faces": {
				"east": {"uv": [8.25, 12, 8.125, 12.125], "texture": "#texture"},
				"south": {"uv": [6.875, 12, 7, 12.125], "texture": "#texture"},
				"down": {"uv": [9.125, 8.25, 9, 8.125], "texture": "#mastersword_top"}
			}
		},
		{
			"name": "Mastersword",
			"from": [7.125, 4.5, 7.625],
			"to": [8.875, 4.625, 7.75],
			"faces": {
				"north": {"uv": [8.875, 11.375, 7.125, 11.5], "texture": "#texture"},
				"east": {"uv": [7.75, 11.375, 7.625, 11.5], "texture": "#texture"},
				"west": {"uv": [7.625, 11.375, 7.75, 11.5], "texture": "#texture"},
				"up": {"uv": [7.125, 7.625, 8.875, 7.75], "texture": "#mastersword_top"},
				"down": {"uv": [8.875, 7.75, 7.125, 7.625], "texture": "#mastersword_top"}
			}
		},
		{
			"name": "Mastersword",
			"from": [7.125, 4, 7.875],
			"to": [7.25, 4.125, 8.125],
			"faces": {
				"north": {"uv": [7.25, 11.875, 7.125, 12], "texture": "#texture"},
				"east": {"uv": [8.125, 11.875, 7.875, 12], "texture": "#texture"},
				"south": {"uv": [7.125, 11.875, 7.25, 12], "texture": "#texture"},
				"down": {"uv": [8.875, 8.125, 8.75, 7.875], "texture": "#mastersword_top"}
			}
		},
		{
			"name": "Mastersword",
			"from": [7.125, 4.5, 8.25],
			"to": [8.875, 4.625, 8.375],
			"faces": {
				"east": {"uv": [8.375, 11.375, 8.25, 11.5], "texture": "#texture"},
				"south": {"uv": [7.125, 11.375, 8.875, 11.5], "texture": "#texture"},
				"west": {"uv": [8.25, 11.375, 8.375, 11.5], "texture": "#texture"},
				"up": {"uv": [7.125, 8.25, 8.875, 8.375], "texture": "#mastersword_top"},
				"down": {"uv": [8.875, 8.375, 7.125, 8.25], "texture": "#mastersword_top"}
			}
		},
		{
			"name": "Mastersword",
			"from": [7.25, 4.125, 7.875],
			"to": [7.375, 4.25, 8.125],
			"faces": {
				"north": {"uv": [7.375, 11.75, 7.25, 11.875], "texture": "#texture"},
				"east": {"uv": [8.125, 11.75, 7.875, 11.875], "texture": "#texture"},
				"south": {"uv": [7.25, 11.75, 7.375, 11.875], "texture": "#texture"},
				"down": {"uv": [8.75, 8.125, 8.625, 7.875], "texture": "#mastersword_top"}
			}
		},
		{
			"name": "Mastersword",
			"from": [7.25, 4.625, 7.875],
			"to": [8.75, 4.75, 8.125],
			"faces": {
				"north": {"uv": [8.75, 11.25, 7.25, 11.375], "texture": "#texture"},
				"east": {"uv": [8.125, 11.25, 7.875, 11.375], "texture": "#texture"},
				"south": {"uv": [7.25, 11.25, 8.75, 11.375], "texture": "#texture"},
				"west": {"uv": [7.875, 11.25, 8.125, 11.375], "texture": "#texture"},
				"up": {"uv": [7.25, 7.875, 8.75, 8.125], "texture": "#mastersword_top"}
			}
		},
		{
			"name": "Mastersword",
			"from": [7.25, 6.5, 7.875],
			"to": [8.75, 7.125, 8.125],
			"faces": {
				"north": {"uv": [8.75, 8.875, 7.25, 9.5], "texture": "#texture"},
				"east": {"uv": [10, 8.875, 10.5, 9.5], "texture": "#texture"},
				"south": {"uv": [7.25, 8.875, 8.75, 9.5], "texture": "#texture"},
				"west": {"uv": [10, 8.875, 10.5, 9.5], "texture": "#texture"},
				"up": {"uv": [7.25, 7.875, 8.75, 8.125], "texture": "#texture"},
				"down": {"uv": [8.75, 8.125, 7.25, 7.875], "texture": "#texture"}
			}
		},
		{
			"name": "Mastersword",
			"from": [7.375, 4.625, 7.625],
			"to": [8.625, 4.75, 7.875],
			"faces": {
				"north": {"uv": [8.625, 11.25, 7.375, 11.375], "texture": "#texture"},
				"east": {"uv": [7.875, 11.25, 7.625, 11.375], "texture": "#texture"},
				"west": {"uv": [7.625, 11.25, 7.875, 11.375], "texture": "#texture"},
				"up": {"uv": [7.375, 7.625, 8.625, 7.875], "texture": "#mastersword_top"},
				"down": {"uv": [8.625, 7.875, 7.375, 7.625], "texture": "#mastersword_top"}
			}
		},
		{
			"name": "Mastersword",
			"from": [7.375, 3.875, 7.75],
			"to": [8.625, 4, 8.25],
			"faces": {
				"north": {"uv": [8.625, 12, 7.375, 12.125], "texture": "#texture"},
				"east": {"uv": [8.25, 12, 7.75, 12.125], "texture": "#texture"},
				"south": {"uv": [7.375, 12, 8.625, 12.125], "texture": "#texture"},
				"west": {"uv": [7.75, 12, 8.25, 12.125], "texture": "#texture"},
				"up": {"uv": [7.375, 7.75, 8.625, 8.25], "texture": "#mastersword_top"},
				"down": {"uv": [8.625, 8.25, 7.375, 7.75], "texture": "#mastersword_top"}
			}
		},
		{
			"name": "Mastersword",
			"from": [7.375, 4.25, 7.75],
			"to": [7.5, 4.375, 7.875],
			"faces": {
				"north": {"uv": [7.5, 11.625, 7.375, 11.75], "texture": "#texture"},
				"east": {"uv": [7.875, 11.625, 7.75, 11.75], "texture": "#texture"},
				"down": {"uv": [8.625, 7.875, 8.5, 7.75], "texture": "#mastersword_top"}
			}
		},
		{
			"name": "Mastersword",
			"from": [7.375, 6.5, 7.75],
			"to": [8.625, 7.125, 7.875],
			"faces": {
				"north": {"uv": [0, 5, 5.5, 8], "texture": "#texture"},
				"east": {"uv": [11.5, 8.875, 12, 9.5], "texture": "#texture"},
				"west": {"uv": [10, 8.875, 10.5, 9.5], "texture": "#texture"},
				"up": {"uv": [7.375, 7.75, 8.625, 7.875], "texture": "#texture"},
				"down": {"uv": [8.625, 7.875, 7.375, 7.75], "texture": "#texture"}
			}
		},
		{
			"name": "Mastersword",
			"from": [7.375, 4.75, 7.875],
			"to": [8.625, 4.875, 8.125],
			"faces": {
				"north": {"uv": [8.625, 11.125, 7.375, 11.25], "texture": "#texture"},
				"east": {"uv": [8.125, 11.125, 7.875, 11.25], "texture": "#texture"},
				"south": {"uv": [7.375, 11.125, 8.625, 11.25], "texture": "#texture"},
				"west": {"uv": [7.875, 11.125, 8.125, 11.25], "texture": "#texture"},
				"up": {"uv": [7.375, 7.875, 8.625, 8.125], "texture": "#mastersword_top"}
			}
		},
		{
			"name": "Mastersword",
			"from": [7.375, 6.375, 7.875],
			"to": [8.625, 6.5, 8.125],
			"faces": {
				"north": {"uv": [8.625, 10, 7.375, 10.5], "texture": "#texture"},
				"east": {"uv": [10, 5.625, 10.5, 6.125], "texture": "#texture"},
				"south": {"uv": [7.375, 8.5, 8.625, 9], "texture": "#texture"},
				"west": {"uv": [11.25, 7.75, 11.75, 8.25], "texture": "#texture"},
				"down": {"uv": [11.5, 8, 10.25, 7.75], "texture": "#texture"}
			}
		},
		{
			"name": "Mastersword",
			"from": [7.375, 7.125, 7.875],
			"to": [8.625, 12.625, 8.125],
			"faces": {
				"north": {"uv": [6.75, 3.5, 5.5, 9], "texture": "#texture"},
				"east": {"uv": [6.125, 3.25, 5.875, 8.75], "texture": "#texture"},
				"south": {"uv": [5.625, 3.125, 6.875, 8.625], "texture": "#texture"},
				"west": {"uv": [5.5, 3.375, 5.75, 8.875], "texture": "#texture"},
				"up": {"uv": [8.875, 9.375, 10.125, 9.625], "texture": "#texture"}
			}
		},
		{
			"name": "Mastersword",
			"from": [7.375, 4.25, 8.125],
			"to": [7.5, 4.375, 8.25],
			"faces": {
				"east": {"uv": [8.25, 11.625, 8.125, 11.75], "texture": "#texture"},
				"south": {"uv": [7.375, 11.625, 7.5, 11.75], "texture": "#texture"},
				"down": {"uv": [8.625, 8.25, 8.5, 8.125], "texture": "#mastersword_top"}
			}
		},
		{
			"name": "Mastersword",
			"from": [7.375, 4.625, 8.125],
			"to": [8.625, 4.75, 8.375],
			"faces": {
				"east": {"uv": [8.375, 11.25, 8.125, 11.375], "texture": "#texture"},
				"south": {"uv": [7.375, 11.25, 8.625, 11.375], "texture": "#texture"},
				"west": {"uv": [8.125, 11.25, 8.375, 11.375], "texture": "#texture"},
				"up": {"uv": [7.375, 8.125, 8.625, 8.375], "texture": "#mastersword_top"},
				"down": {"uv": [8.625, 8.375, 7.375, 8.125], "texture": "#mastersword_top"}
			}
		},
		{
			"name": "Mastersword",
			"from": [7.375, 6.5, 8.125],
			"to": [8.625, 7.125, 8.25],
			"faces": {
				"east": {"uv": [12.5, 8.875, 13, 9.5], "texture": "#texture"},
				"south": {"uv": [0, 5, 5.5, 8], "texture": "#texture"},
				"west": {"uv": [10, 8.875, 10.5, 9.5], "texture": "#texture"},
				"up": {"uv": [7.375, 8.125, 8.625, 8.25], "texture": "#texture"},
				"down": {"uv": [8.625, 8.25, 7.375, 8.125], "texture": "#texture"}
			}
		},
		{
			"name": "Mastersword",
			"from": [7.5, 3.875, 7.625],
			"to": [8.5, 4, 7.75],
			"faces": {
				"north": {"uv": [8.5, 12, 7.5, 12.125], "texture": "#texture"},
				"east": {"uv": [7.75, 12, 7.625, 12.125], "texture": "#texture"},
				"west": {"uv": [7.625, 12, 7.75, 12.125], "texture": "#texture"},
				"up": {"uv": [7.5, 7.625, 8.5, 7.75], "texture": "#mastersword_top"},
				"down": {"uv": [8.5, 7.75, 7.5, 7.625], "texture": "#mastersword_top"}
			}
		},
		{
			"name": "Mastersword",
			"from": [7.5, 0.875, 7.75],
			"to": [8.5, 1, 8.25],
			"faces": {
				"north": {"uv": [8.5, 15, 7.5, 15.125], "texture": "#texture"},
				"east": {"uv": [8.25, 15, 7.75, 15.125], "texture": "#texture"},
				"south": {"uv": [7.5, 15, 8.5, 15.125], "texture": "#texture"},
				"west": {"uv": [7.75, 15, 8.25, 15.125], "texture": "#texture"},
				"up": {"uv": [7.5, 7.75, 8.5, 8.25], "texture": "#mastersword_top"},
				"down": {"uv": [8.5, 8.25, 7.5, 7.75], "texture": "#mastersword_top"}
			}
		},
		{
			"name": "Mastersword",
			"from": [7.5, 4, 7.75],
			"to": [8.5, 4.125, 8.25],
			"faces": {
				"north": {"uv": [8.5, 11.875, 7.5, 12], "texture": "#texture"},
				"east": {"uv": [8.25, 11.875, 7.75, 12], "texture": "#texture"},
				"south": {"uv": [7.5, 11.875, 8.5, 12], "texture": "#texture"},
				"west": {"uv": [7.75, 11.875, 8.25, 12], "texture": "#texture"},
				"up": {"uv": [7.5, 7.75, 8.5, 8.25], "texture": "#mastersword_top"}
			}
		},
		{
			"name": "Mastersword",
			"from": [7.5, 4.75, 7.75],
			"to": [8.5, 4.875, 7.875],
			"faces": {
				"north": {"uv": [8.5, 11.125, 7.5, 11.25], "texture": "#texture"},
				"east": {"uv": [7.875, 11.125, 7.75, 11.25], "texture": "#texture"},
				"west": {"uv": [7.75, 11.125, 7.875, 11.25], "texture": "#texture"},
				"up": {"uv": [7.5, 7.75, 8.5, 7.875], "texture": "#mastersword_top"}
			}
		},
		{
			"name": "Mastersword",
			"from": [7.5, 6.375, 7.75],
			"to": [8.5, 6.5, 7.875],
			"faces": {
				"north": {"uv": [8.75, 8.875, 7.25, 9.375], "texture": "#texture"},
				"east": {"uv": [6.5, 5.5, 7, 6], "texture": "#texture"},
				"west": {"uv": [6.5, 8.5, 7, 9], "texture": "#texture"},
				"down": {"uv": [8.5, 7.875, 7.5, 7.75], "texture": "#texture"}
			}
		},
		{
			"name": "Mastersword",
			"from": [7.5, 7.125, 7.75],
			"to": [8.5, 10, 7.875],
			"faces": {
				"north": {"uv": [8.625, 6, 7.375, 8.875], "texture": "#texture"},
				"east": {"uv": [10, 6, 10.5, 8.875], "texture": "#texture"},
				"west": {"uv": [9.375, 4.875, 9.875, 7.75], "texture": "#texture"},
				"up": {"uv": [11.5, 3.375, 12.5, 3.875], "texture": "#texture"}
			}
		},
		{
			"name": "Mastersword",
			"from": [7.5, 0.75, 7.875],
			"to": [8.5, 0.875, 8.125],
			"faces": {
				"north": {"uv": [8.5, 15.125, 7.5, 15.25], "texture": "#texture"},
				"east": {"uv": [8.125, 15.125, 7.875, 15.25], "texture": "#texture"},
				"south": {"uv": [7.5, 15.125, 8.5, 15.25], "texture": "#texture"},
				"west": {"uv": [7.875, 15.125, 8.125, 15.25], "texture": "#texture"},
				"down": {"uv": [8.5, 8.125, 7.5, 7.875], "texture": "#mastersword_top"}
			}
		},
		{
			"name": "Mastersword",
			"from": [7.5, 1, 7.875],
			"to": [8.5, 1.125, 8.125],
			"faces": {
				"north": {"uv": [8.5, 14.875, 7.5, 15], "texture": "#texture"},
				"east": {"uv": [8.125, 14.875, 7.875, 15], "texture": "#texture"},
				"south": {"uv": [7.5, 14.875, 8.5, 15], "texture": "#texture"},
				"west": {"uv": [7.875, 14.875, 8.125, 15], "texture": "#texture"},
				"up": {"uv": [7.5, 7.875, 8.5, 8.125], "texture": "#mastersword_top"}
			}
		},
		{
			"name": "Mastersword",
			"from": [7.5, 3.75, 7.875],
			"to": [8.5, 3.875, 8.125],
			"faces": {
				"north": {"uv": [8.5, 12.125, 7.5, 12.25], "texture": "#texture"},
				"east": {"uv": [8.125, 12.125, 7.875, 12.25], "texture": "#texture"},
				"south": {"uv": [7.5, 12.125, 8.5, 12.25], "texture": "#texture"},
				"west": {"uv": [7.875, 12.125, 8.125, 12.25], "texture": "#texture"},
				"down": {"uv": [8.5, 8.125, 7.5, 7.875], "texture": "#mastersword_top"}
			}
		},
		{
			"name": "Mastersword",
			"from": [7.5, 6.125, 7.875],
			"to": [8.5, 6.375, 8.125],
			"faces": {
				"north": {"uv": [12.125, 7.75, 11.125, 8], "texture": "#texture"},
				"east": {"uv": [11.5, 6, 12, 6.5], "texture": "#texture"},
				"south": {"uv": [10.875, 7.625, 11.875, 8.125], "texture": "#texture"},
				"west": {"uv": [12, 7, 12.5, 7.5], "texture": "#texture"},
				"down": {"uv": [10.75, 7.75, 9.75, 7.5], "texture": "#texture"}
			}
		},
		{
			"name": "Mastersword",
			"from": [7.5, 12.625, 7.875],
			"to": [8.5, 14.5, 8.125],
			"faces": {
				"north": {"uv": [6.875, 1.875, 5.875, 3.75], "texture": "#texture"},
				"east": {"uv": [6.75, 1.5, 6.5, 3.375], "texture": "#texture"},
				"south": {"uv": [6.25, 0.875, 7.25, 2.75], "texture": "#texture"},
				"west": {"uv": [6, 1.375, 6.25, 3.25], "texture": "#texture"},
				"up": {"uv": [6, 0, 7, 0.25], "texture": "#texture"}
			}
		},
		{
			"name": "Mastersword",
			"from": [7.5, 4.75, 8.125],
			"to": [8.5, 4.875, 8.25],
			"faces": {
				"east": {"uv": [8.25, 11.125, 8.125, 11.25], "texture": "#texture"},
				"south": {"uv": [7.5, 11.125, 8.5, 11.25], "texture": "#texture"},
				"west": {"uv": [8.125, 11.125, 8.25, 11.25], "texture": "#texture"},
				"up": {"uv": [7.5, 8.125, 8.5, 8.25], "texture": "#mastersword_top"}
			}
		},
		{
			"name": "Mastersword",
			"from": [7.5, 6.375, 8.125],
			"to": [8.5, 6.5, 8.25],
			"faces": {
				"east": {"uv": [10, 6.625, 10.5, 7.125], "texture": "#texture"},
				"south": {"uv": [7.25, 8.375, 8.75, 9], "texture": "#texture"},
				"west": {"uv": [9.5, 4.5, 10, 5], "texture": "#texture"},
				"down": {"uv": [8.5, 8.25, 7.5, 8.125], "texture": "#texture"}
			}
		},
		{
			"name": "Mastersword",
			"from": [7.5, 7.125, 8.125],
			"to": [8.5, 10, 8.25],
			"faces": {
				"east": {"uv": [11.5, 6.125, 12, 9], "texture": "#texture"},
				"south": {"uv": [7.375, 5.875, 8.625, 8.875], "texture": "#texture"},
				"west": {"uv": [8.625, 6, 9.125, 8.875], "texture": "#texture"},
				"up": {"uv": [9.25, 0.625, 10.25, 1.125], "texture": "#texture"}
			}
		},
		{
			"name": "Mastersword",
			"from": [7.5, 3.875, 8.25],
			"to": [8.5, 4, 8.375],
			"faces": {
				"east": {"uv": [8.375, 12, 8.25, 12.125], "texture": "#texture"},
				"south": {"uv": [7.5, 12, 8.5, 12.125], "texture": "#texture"},
				"west": {"uv": [8.25, 12, 8.375, 12.125], "texture": "#texture"},
				"up": {"uv": [7.5, 8.25, 8.5, 8.375], "texture": "#mastersword_top"},
				"down": {"uv": [8.5, 8.375, 7.5, 8.25], "texture": "#mastersword_top"}
			}
		},
		{
			"name": "Mastersword",
			"from": [7.625, 3.875, 7.375],
			"to": [8.375, 4, 7.625],
			"faces": {
				"north": {"uv": [8.375, 12, 7.625, 12.125], "texture": "#texture"},
				"east": {"uv": [7.625, 12, 7.375, 12.125], "texture": "#texture"},
				"west": {"uv": [7.375, 12, 7.625, 12.125], "texture": "#texture"},
				"up": {"uv": [7.625, 7.375, 8.375, 7.625], "texture": "#mastersword_top"},
				"down": {"uv": [8.375, 7.625, 7.625, 7.375], "texture": "#mastersword_top"}
			}
		},
		{
			"name": "Mastersword",
			"from": [7.625, 0.875, 7.5],
			"to": [8.375, 1, 7.75],
			"faces": {
				"north": {"uv": [8.375, 15, 7.625, 15.125], "texture": "#texture"},
				"east": {"uv": [7.75, 15, 7.5, 15.125], "texture": "#texture"},
				"west": {"uv": [7.5, 15, 7.75, 15.125], "texture": "#texture"},
				"up": {"uv": [7.625, 7.5, 8.375, 7.75], "texture": "#mastersword_top"},
				"down": {"uv": [8.375, 7.75, 7.625, 7.5], "texture": "#mastersword_top"}
			}
		},
		{
			"name": "Mastersword",
			"from": [7.625, 4, 7.5],
			"to": [8.375, 4.125, 7.75],
			"faces": {
				"north": {"uv": [8.375, 11.875, 7.625, 12], "texture": "#texture"},
				"east": {"uv": [7.75, 11.875, 7.5, 12], "texture": "#texture"},
				"west": {"uv": [7.5, 11.875, 7.75, 12], "texture": "#texture"},
				"up": {"uv": [7.625, 7.5, 8.375, 7.75], "texture": "#mastersword_top"},
				"down": {"uv": [8.375, 7.75, 7.625, 7.5], "texture": "#mastersword_top"}
			}
		},
		{
			"name": "Mastersword",
			"from": [7.625, 0.75, 7.625],
			"to": [8.375, 0.875, 7.875],
			"faces": {
				"north": {"uv": [8.375, 15.125, 7.625, 15.25], "texture": "#texture"},
				"east": {"uv": [7.875, 15.125, 7.625, 15.25], "texture": "#texture"},
				"west": {"uv": [7.625, 15.125, 7.875, 15.25], "texture": "#texture"},
				"up": {"uv": [7.625, 7.625, 8.375, 7.875], "texture": "#mastersword_top"},
				"down": {"uv": [8.375, 7.875, 7.625, 7.625], "texture": "#mastersword_top"}
			}
		},
		{
			"name": "Mastersword",
			"from": [7.625, 1, 7.625],
			"to": [8.375, 1.125, 7.875],
			"faces": {
				"north": {"uv": [8.375, 14.875, 7.625, 15], "texture": "#texture"},
				"east": {"uv": [7.875, 14.875, 7.625, 15], "texture": "#texture"},
				"west": {"uv": [7.625, 14.875, 7.875, 15], "texture": "#texture"},
				"up": {"uv": [7.625, 7.625, 8.375, 7.875], "texture": "#mastersword_top"},
				"down": {"uv": [8.375, 7.875, 7.625, 7.625], "texture": "#mastersword_top"}
			}
		},
		{
			"name": "Mastersword",
			"from": [7.625, 3.75, 7.625],
			"to": [8.375, 3.875, 7.875],
			"faces": {
				"north": {"uv": [8.375, 12.125, 7.625, 12.25], "texture": "#texture"},
				"east": {"uv": [7.875, 12.125, 7.625, 12.25], "texture": "#texture"},
				"west": {"uv": [7.625, 12.125, 7.875, 12.25], "texture": "#texture"},
				"up": {"uv": [7.625, 7.625, 8.375, 7.875], "texture": "#mastersword_top"},
				"down": {"uv": [8.375, 7.875, 7.625, 7.625], "texture": "#mastersword_top"}
			}
		},
		{
			"name": "Mastersword",
			"from": [7.625, 4.75, 7.625],
			"to": [7.75, 5.375, 7.75],
			"faces": {
				"north": {"uv": [7.75, 10.625, 7.625, 11.25], "texture": "#texture"},
				"east": {"uv": [7.75, 10.625, 7.625, 11.25], "texture": "#texture"},
				"south": {"uv": [7.625, 10.625, 7.75, 11.25], "texture": "#texture"},
				"west": {"uv": [7.625, 10.625, 7.75, 11.25], "texture": "#texture"},
				"up": {"uv": [7.625, 7.625, 7.75, 7.75], "texture": "#mastersword_top"}
			}
		},
		{
			"name": "Mastersword",
			"from": [7.625, 0.625, 7.75],
			"to": [8.375, 0.75, 8.25],
			"faces": {
				"north": {"uv": [8.375, 15.25, 7.625, 15.375], "texture": "#texture"},
				"east": {"uv": [8.25, 15.25, 7.75, 15.375], "texture": "#texture"},
				"south": {"uv": [7.625, 15.25, 8.375, 15.375], "texture": "#texture"},
				"west": {"uv": [7.75, 15.25, 8.25, 15.375], "texture": "#texture"},
				"up": {"uv": [7.625, 7.75, 8.375, 8.25], "texture": "#mastersword_top"},
				"down": {"uv": [8.375, 8.25, 7.625, 7.75], "texture": "#mastersword_top"}
			}
		},
		{
			"name": "Mastersword",
			"from": [7.625, 4.125, 7.75],
			"to": [8.375, 4.25, 8.25],
			"faces": {
				"north": {"uv": [8.375, 11.75, 7.625, 11.875], "texture": "#texture"},
				"east": {"uv": [8.25, 11.75, 7.75, 11.875], "texture": "#texture"},
				"south": {"uv": [7.625, 11.75, 8.375, 11.875], "texture": "#texture"},
				"west": {"uv": [7.75, 11.75, 8.25, 11.875], "texture": "#texture"},
				"up": {"uv": [7.625, 7.75, 8.375, 8.25], "texture": "#mastersword_top"}
			}
		},
		{
			"name": "Mastersword",
			"from": [7.625, 4.375, 7.75],
			"to": [9.625, 4.5, 8.25],
			"faces": {
				"north": {"uv": [9.625, 11.5, 7.625, 11.625], "texture": "#texture"},
				"east": {"uv": [8.25, 11.5, 7.75, 11.625], "texture": "#texture"},
				"south": {"uv": [7.625, 11.5, 9.625, 11.625], "texture": "#texture"},
				"down": {"uv": [8.375, 8.25, 6.375, 7.75], "texture": "#mastersword_top"}
			}
		},
		{
			"name": "Mastersword",
			"from": [7.625, 4.875, 7.75],
			"to": [7.75, 5.375, 8.375],
			"faces": {
				"east": {"uv": [8.375, 10.625, 7.75, 11.125], "texture": "#texture"},
				"south": {"uv": [7.625, 10.625, 7.75, 11.125], "texture": "#texture"},
				"west": {"uv": [7.75, 10.625, 8.375, 11.125], "texture": "#texture"},
				"up": {"uv": [7.625, 7.75, 7.75, 8.375], "texture": "#mastersword_top"},
				"down": {"uv": [8.375, 8.375, 8.25, 7.75], "texture": "#mastersword_top"}
			}
		},
		{
			"name": "Mastersword",
			"from": [7.625, 5.375, 7.75],
			"to": [8.375, 6.125, 8.25],
			"faces": {
				"north": {"uv": [8.8125, 9.375, 7.1875, 10], "texture": "#texture"},
				"east": {"uv": [9.25, 9.375, 8.75, 10.125], "texture": "#texture"},
				"south": {"uv": [7.125, 9.5, 8.875, 10.125], "texture": "#texture"},
				"west": {"uv": [9.125, 9.375, 9.625, 10.125], "texture": "#texture"},
				"up": {"uv": [7.625, 7.75, 8.375, 8.25], "texture": "#texture"},
				"down": {"uv": [8.375, 8.25, 7.625, 7.75], "texture": "#texture"}
			}
		},
		{
			"name": "Mastersword",
			"from": [7.625, 6.125, 7.75],
			"to": [8.375, 6.375, 7.875],
			"faces": {
				"north": {"uv": [8.75, 9.25, 7.25, 9.875], "texture": "#texture"},
				"east": {"uv": [9, 3, 9.5, 3.5], "texture": "#texture"},
				"west": {"uv": [11, 8.5, 11.5, 9], "texture": "#texture"}
			}
		},
		{
			"name": "Mastersword",
			"from": [7.625, 10, 7.75],
			"to": [8.375, 14.5, 7.875],
			"faces": {
				"north": {"uv": [8.375, 1.5, 7.625, 6], "texture": "#texture"},
				"east": {"uv": [7.875, 1.5, 7.75, 6], "texture": "#texture"},
				"south": {"uv": [7.625, 1.5, 8.375, 6], "texture": "#texture"},
				"west": {"uv": [7.75, 1.5, 7.875, 6], "texture": "#texture"},
				"up": {"uv": [7.625, 7.75, 8.375, 7.875], "texture": "#texture"}
			}
		},
		{
			"name": "Mastersword",
			"from": [7.625, 1.125, 7.875],
			"to": [8.375, 1.25, 8.125],
			"faces": {
				"north": {"uv": [8.375, 14.75, 7.625, 14.875], "texture": "#texture"},
				"east": {"uv": [8.125, 14.75, 7.875, 14.875], "texture": "#texture"},
				"south": {"uv": [7.625, 14.75, 8.375, 14.875], "texture": "#texture"},
				"west": {"uv": [7.875, 14.75, 8.125, 14.875], "texture": "#texture"},
				"up": {"uv": [7.625, 7.875, 8.375, 8.125], "texture": "#mastersword_top"}
			}
		},
		{
			"name": "Mastersword",
			"from": [7.625, 3.625, 7.875],
			"to": [8.375, 3.75, 8.125],
			"faces": {
				"north": {"uv": [8.375, 12.25, 7.625, 12.375], "texture": "#texture"},
				"east": {"uv": [8.125, 12.25, 7.875, 12.375], "texture": "#texture"},
				"south": {"uv": [7.625, 12.25, 8.375, 12.375], "texture": "#texture"},
				"west": {"uv": [7.875, 12.25, 8.125, 12.375], "texture": "#texture"},
				"down": {"uv": [8.375, 8.125, 7.625, 7.875], "texture": "#mastersword_top"}
			}
		},
		{
			"name": "Mastersword",
			"from": [7.625, 14.5, 7.875],
			"to": [8.375, 15, 8.125],
			"faces": {
				"north": {"uv": [10.125, 0.375, 8.875, 1.375], "texture": "#texture"},
				"east": {"uv": [9.625, 0.625, 9.375, 1.125], "texture": "#texture"},
				"south": {"uv": [9.375, 0.375, 10.75, 1.375], "texture": "#texture"},
				"west": {"uv": [9.375, 0.875, 9.625, 1.375], "texture": "#texture"},
				"up": {"uv": [9, 0.5, 9.75, 0.75], "texture": "#texture"}
			}
		},
		{
			"name": "Mastersword",
			"from": [7.625, 0.75, 8.125],
			"to": [8.375, 0.875, 8.375],
			"faces": {
				"east": {"uv": [8.375, 15.125, 8.125, 15.25], "texture": "#texture"},
				"south": {"uv": [7.625, 15.125, 8.375, 15.25], "texture": "#texture"},
				"west": {"uv": [8.125, 15.125, 8.375, 15.25], "texture": "#texture"},
				"up": {"uv": [7.625, 8.125, 8.375, 8.375], "texture": "#mastersword_top"},
				"down": {"uv": [8.375, 8.375, 7.625, 8.125], "texture": "#mastersword_top"}
			}
		},
		{
			"name": "Mastersword",
			"from": [7.625, 1, 8.125],
			"to": [8.375, 1.125, 8.375],
			"faces": {
				"east": {"uv": [8.375, 14.875, 8.125, 15], "texture": "#texture"},
				"south": {"uv": [7.625, 14.875, 8.375, 15], "texture": "#texture"},
				"west": {"uv": [8.125, 14.875, 8.375, 15], "texture": "#texture"},
				"up": {"uv": [7.625, 8.125, 8.375, 8.375], "texture": "#mastersword_top"},
				"down": {"uv": [8.375, 8.375, 7.625, 8.125], "texture": "#mastersword_top"}
			}
		},
		{
			"name": "Mastersword",
			"from": [7.625, 3.75, 8.125],
			"to": [8.375, 3.875, 8.375],
			"faces": {
				"east": {"uv": [8.375, 12.125, 8.125, 12.25], "texture": "#texture"},
				"south": {"uv": [7.625, 12.125, 8.375, 12.25], "texture": "#texture"},
				"west": {"uv": [8.125, 12.125, 8.375, 12.25], "texture": "#texture"},
				"up": {"uv": [7.625, 8.125, 8.375, 8.375], "texture": "#mastersword_top"},
				"down": {"uv": [8.375, 8.375, 7.625, 8.125], "texture": "#mastersword_top"}
			}
		},
		{
			"name": "Mastersword",
			"from": [7.625, 6.125, 8.125],
			"to": [8.375, 6.375, 8.25],
			"faces": {
				"east": {"uv": [10.5, 3.5, 11, 4], "texture": "#texture"},
				"south": {"uv": [7.1875, 9.1875, 8.8125, 9.75], "texture": "#texture"},
				"west": {"uv": [9.625, 9.75, 10.125, 10.25], "texture": "#texture"}
			}
		},
		{
			"name": "Mastersword",
			"from": [7.625, 10, 8.125],
			"to": [8.375, 14.5, 8.25],
			"faces": {
				"north": {"uv": [8.375, 1.5, 7.625, 6], "texture": "#texture"},
				"east": {"uv": [8.25, 1.5, 8.125, 6], "texture": "#texture"},
				"south": {"uv": [7.625, 1.5, 8.375, 6], "texture": "#texture"},
				"west": {"uv": [8.125, 1.5, 8.25, 6], "texture": "#texture"},
				"up": {"uv": [7.625, 8.125, 8.375, 8.25], "texture": "#texture"}
			}
		},
		{
			"name": "Mastersword",
			"from": [7.625, 0.875, 8.25],
			"to": [8.375, 1, 8.5],
			"faces": {
				"east": {"uv": [8.5, 15, 8.25, 15.125], "texture": "#texture"},
				"south": {"uv": [7.625, 15, 8.375, 15.125], "texture": "#texture"},
				"west": {"uv": [8.25, 15, 8.5, 15.125], "texture": "#texture"},
				"up": {"uv": [7.625, 8.25, 8.375, 8.5], "texture": "#mastersword_top"},
				"down": {"uv": [8.375, 8.5, 7.625, 8.25], "texture": "#mastersword_top"}
			}
		},
		{
			"name": "Mastersword",
			"from": [7.625, 4, 8.25],
			"to": [8.375, 4.125, 8.5],
			"faces": {
				"east": {"uv": [8.5, 11.875, 8.25, 12], "texture": "#texture"},
				"south": {"uv": [7.625, 11.875, 8.375, 12], "texture": "#texture"},
				"west": {"uv": [8.25, 11.875, 8.5, 12], "texture": "#texture"},
				"up": {"uv": [7.625, 8.25, 8.375, 8.5], "texture": "#mastersword_top"},
				"down": {"uv": [8.375, 8.5, 7.625, 8.25], "texture": "#mastersword_top"}
			}
		},
		{
			"name": "Mastersword",
			"from": [7.625, 4.75, 8.25],
			"to": [8.375, 4.875, 8.375],
			"faces": {
				"east": {"uv": [8.375, 11.125, 8.25, 11.25], "texture": "#texture"},
				"south": {"uv": [7.625, 11.125, 8.375, 11.25], "texture": "#texture"},
				"west": {"uv": [8.25, 11.125, 8.375, 11.25], "texture": "#texture"},
				"up": {"uv": [7.625, 8.25, 8.375, 8.375], "texture": "#mastersword_top"}
			}
		},
		{
			"name": "Mastersword",
			"from": [7.625, 3.875, 8.375],
			"to": [8.375, 4, 8.625],
			"faces": {
				"east": {"uv": [8.625, 12, 8.375, 12.125], "texture": "#texture"},
				"south": {"uv": [7.625, 12, 8.375, 12.125], "texture": "#texture"},
				"west": {"uv": [8.375, 12, 8.625, 12.125], "texture": "#texture"},
				"up": {"uv": [7.625, 8.375, 8.375, 8.625], "texture": "#mastersword_top"},
				"down": {"uv": [8.375, 8.625, 7.625, 8.375], "texture": "#mastersword_top"}
			}
		},
		{
			"name": "Mastersword",
			"from": [7.75, 3.75, 7.5],
			"to": [8.25, 3.875, 7.625],
			"faces": {
				"north": {"uv": [8.25, 12.125, 7.75, 12.25], "texture": "#texture"},
				"east": {"uv": [7.625, 12.125, 7.5, 12.25], "texture": "#texture"},
				"west": {"uv": [7.5, 12.125, 7.625, 12.25], "texture": "#texture"},
				"down": {"uv": [8.25, 7.625, 7.75, 7.5], "texture": "#mastersword_top"}
			}
		},
		{
			"name": "Mastersword",
			"from": [7.75, 4.75, 7.5],
			"to": [8.25, 4.875, 7.75],
			"faces": {
				"north": {"uv": [8.25, 11.125, 7.75, 11.25], "texture": "#texture"},
				"east": {"uv": [7.75, 11.125, 7.5, 11.25], "texture": "#texture"},
				"west": {"uv": [7.5, 11.125, 7.75, 11.25], "texture": "#texture"},
				"up": {"uv": [7.75, 7.5, 8.25, 7.75], "texture": "#mastersword_top"},
				"down": {"uv": [8.25, 7.75, 7.75, 7.5], "texture": "#mastersword_top"}
			}
		},
		{
			"name": "Mastersword",
			"from": [7.75, 0.625, 7.625],
			"to": [8.25, 0.75, 7.75],
			"faces": {
				"north": {"uv": [8.25, 15.25, 7.75, 15.375], "texture": "#texture"},
				"east": {"uv": [7.75, 15.25, 7.625, 15.375], "texture": "#texture"},
				"west": {"uv": [7.625, 15.25, 7.75, 15.375], "texture": "#texture"},
				"down": {"uv": [8.25, 7.75, 7.75, 7.625], "texture": "#mastersword_top"}
			}
		},
		{
			"name": "Mastersword",
			"from": [7.75, 1.125, 7.625],
			"to": [8.25, 1.25, 7.875],
			"faces": {
				"north": {"uv": [8.25, 14.75, 7.75, 14.875], "texture": "#texture"},
				"east": {"uv": [7.875, 14.75, 7.625, 14.875], "texture": "#texture"},
				"west": {"uv": [7.625, 14.75, 7.875, 14.875], "texture": "#texture"},
				"up": {"uv": [7.75, 7.625, 8.25, 7.875], "texture": "#mastersword_top"}
			}
		},
		{
			"name": "Mastersword",
			"from": [7.75, 3.625, 7.625],
			"to": [8.25, 3.75, 7.875],
			"faces": {
				"north": {"uv": [8.25, 12.25, 7.75, 12.375], "texture": "#texture"},
				"east": {"uv": [7.875, 12.25, 7.625, 12.375], "texture": "#texture"},
				"west": {"uv": [7.625, 12.25, 7.875, 12.375], "texture": "#texture"},
				"down": {"uv": [8.25, 7.875, 7.75, 7.625], "texture": "#mastersword_top"}
			}
		},
		{
			"name": "Mastersword",
			"from": [7.75, 4.125, 7.625],
			"to": [8.25, 4.25, 7.75],
			"faces": {
				"north": {"uv": [8.25, 11.75, 7.75, 11.875], "texture": "#texture"},
				"east": {"uv": [7.75, 11.75, 7.625, 11.875], "texture": "#texture"},
				"west": {"uv": [7.625, 11.75, 7.75, 11.875], "texture": "#texture"},
				"up": {"uv": [7.75, 7.625, 8.25, 7.75], "texture": "#mastersword_top"}
			}
		},
		{
			"name": "Mastersword",
			"from": [7.75, 4.875, 7.625],
			"to": [7.875, 5.25, 8.375],
			"faces": {
				"north": {"uv": [7.875, 10.75, 7.75, 11.125], "texture": "#texture"},
				"east": {"uv": [8.375, 10.75, 7.625, 11.125], "texture": "#texture"},
				"south": {"uv": [7.75, 10.75, 7.875, 11.125], "texture": "#texture"},
				"west": {"uv": [7.625, 10.75, 8.375, 11.125], "texture": "#texture"},
				"up": {"uv": [7.75, 7.625, 7.875, 8.375], "texture": "#mastersword_top"},
				"down": {"uv": [8.25, 8.375, 8.125, 7.625], "texture": "#mastersword_top"}
			}
		},
		{
			"name": "Mastersword",
			"from": [7.75, 0.5, 7.75],
			"to": [8.25, 0.625, 8.25],
			"faces": {
				"north": {"uv": [8.25, 15.375, 7.75, 15.5], "texture": "#texture"},
				"east": {"uv": [8.25, 15.375, 7.75, 15.5], "texture": "#texture"},
				"south": {"uv": [7.75, 15.375, 8.25, 15.5], "texture": "#texture"},
				"west": {"uv": [7.75, 15.375, 8.25, 15.5], "texture": "#texture"},
				"down": {"uv": [8.25, 8.25, 7.75, 7.75], "texture": "#mastersword_top"}
			}
		},
		{
			"name": "Mastersword",
			"from": [7.75, 1.25, 7.75],
			"to": [8.25, 1.375, 8.25],
			"faces": {
				"north": {"uv": [8.25, 14.625, 7.75, 14.75], "texture": "#texture"},
				"east": {"uv": [8.25, 14.625, 7.75, 14.75], "texture": "#texture"},
				"south": {"uv": [7.75, 14.625, 8.25, 14.75], "texture": "#texture"},
				"west": {"uv": [7.75, 14.625, 8.25, 14.75], "texture": "#texture"},
				"up": {"uv": [7.75, 7.75, 8.25, 8.25], "texture": "#mastersword_top"},
				"down": {"uv": [8.25, 8.25, 7.75, 7.75], "texture": "#mastersword_top"}
			}
		},
		{
			"name": "Mastersword",
			"from": [7.75, 5.25, 7.75],
			"to": [8.375, 5.375, 8.25],
			"faces": {
				"north": {"uv": [8.5, 9.75, 7.5, 10.5], "texture": "#texture"},
				"east": {"uv": [9.375, 10.5, 8.75, 10.75], "texture": "#texture"},
				"south": {"uv": [7.5, 9.5, 8.5, 10.25], "texture": "#texture"},
				"down": {"uv": [8.375, 8.25, 7.625, 7.75], "texture": "#mastersword_top"}
			}
		},
		{
			"name": "Mastersword",
			"from": [7.75, 14.5, 7.75],
			"to": [8.25, 14.75, 7.875],
			"faces": {
				"north": {"uv": [8.25, 1.25, 7.75, 1.5], "texture": "#texture"},
				"east": {"uv": [7.875, 1.25, 7.75, 1.5], "texture": "#texture"},
				"west": {"uv": [7.75, 1.25, 7.875, 1.5], "texture": "#texture"},
				"up": {"uv": [7.75, 7.75, 8.25, 7.875], "texture": "#texture"}
			}
		},
		{
			"name": "Mastersword",
			"from": [7.75, 0.375, 7.875],
			"to": [8.25, 0.5, 8.125],
			"faces": {
				"north": {"uv": [8.25, 15.5, 7.75, 15.625], "texture": "#texture"},
				"east": {"uv": [8.125, 15.5, 7.875, 15.625], "texture": "#texture"},
				"south": {"uv": [7.75, 15.5, 8.25, 15.625], "texture": "#texture"},
				"west": {"uv": [7.875, 15.5, 8.125, 15.625], "texture": "#texture"},
				"down": {"uv": [8.25, 8.125, 7.75, 7.875], "texture": "#mastersword_top"}
			}
		},
		{
			"name": "Mastersword",
			"from": [7.75, 1.375, 7.875],
			"to": [8.25, 3.625, 8.125],
			"faces": {
				"north": {"uv": [8, 12.25, 7.5, 14.5], "texture": "#texture"},
				"east": {"uv": [7.5, 12.25, 8, 14.5], "texture": "#texture"},
				"south": {"uv": [7.5, 12.25, 8, 14.5], "texture": "#texture"},
				"west": {"uv": [7.5, 12.25, 8, 14.5], "texture": "#texture"}
			}
		},
		{
			"name": "Mastersword",
			"from": [7.75, 4.25, 7.875],
			"to": [8.25, 4.375, 8.125],
			"faces": {
				"north": {"uv": [8.25, 11.625, 7.75, 11.75], "texture": "#texture"},
				"east": {"uv": [8.125, 11.625, 7.875, 11.75], "texture": "#texture"},
				"south": {"uv": [7.75, 11.625, 8.25, 11.75], "texture": "#texture"},
				"west": {"uv": [7.875, 11.625, 8.125, 11.75], "texture": "#texture"}
			}
		},
		{
			"name": "Mastersword",
			"from": [7.75, 15, 7.875],
			"to": [8.25, 15.25, 8.125],
			"faces": {
				"north": {"uv": [9.5, 0.75, 9, 1], "texture": "#texture"},
				"east": {"uv": [9.25, 1, 9, 1.25], "texture": "#texture"},
				"south": {"uv": [8.625, 0.875, 9.125, 1.125], "texture": "#texture"},
				"west": {"uv": [8.875, 0.75, 9.125, 1], "texture": "#texture"},
				"up": {"uv": [10.25, 6.875, 10.75, 7.125], "texture": "#texture"}
			}
		},
		{
			"name": "Mastersword",
			"from": [7.75, 1.125, 8.125],
			"to": [8.25, 1.25, 8.375],
			"faces": {
				"east": {"uv": [8.375, 14.75, 8.125, 14.875], "texture": "#texture"},
				"south": {"uv": [7.75, 14.75, 8.25, 14.875], "texture": "#texture"},
				"west": {"uv": [8.125, 14.75, 8.375, 14.875], "texture": "#texture"},
				"up": {"uv": [7.75, 8.125, 8.25, 8.375], "texture": "#mastersword_top"}
			}
		},
		{
			"name": "Mastersword",
			"from": [7.75, 3.625, 8.125],
			"to": [8.25, 3.75, 8.375],
			"faces": {
				"east": {"uv": [8.375, 12.25, 8.125, 12.375], "texture": "#texture"},
				"south": {"uv": [7.75, 12.25, 8.25, 12.375], "texture": "#texture"},
				"west": {"uv": [8.125, 12.25, 8.375, 12.375], "texture": "#texture"},
				"down": {"uv": [8.25, 8.375, 7.75, 8.125], "texture": "#mastersword_top"}
			}
		},
		{
			"name": "Mastersword",
			"from": [7.75, 14.5, 8.125],
			"to": [8.25, 14.75, 8.25],
			"faces": {
				"east": {"uv": [8.25, 1.25, 8.125, 1.5], "texture": "#texture"},
				"south": {"uv": [7.75, 1.25, 8.25, 1.5], "texture": "#texture"},
				"west": {"uv": [8.125, 1.25, 8.25, 1.5], "texture": "#texture"},
				"up": {"uv": [7.75, 8.125, 8.25, 8.25], "texture": "#texture"}
			}
		},
		{
			"name": "Mastersword",
			"from": [7.75, 0.625, 8.25],
			"to": [8.25, 0.75, 8.375],
			"faces": {
				"east": {"uv": [8.375, 15.25, 8.25, 15.375], "texture": "#texture"},
				"south": {"uv": [7.75, 15.25, 8.25, 15.375], "texture": "#texture"},
				"west": {"uv": [8.25, 15.25, 8.375, 15.375], "texture": "#texture"},
				"down": {"uv": [8.25, 8.375, 7.75, 8.25], "texture": "#mastersword_top"}
			}
		},
		{
			"name": "Mastersword",
			"from": [7.75, 4.125, 8.25],
			"to": [8.25, 4.25, 8.375],
			"faces": {
				"east": {"uv": [8.375, 11.75, 8.25, 11.875], "texture": "#texture"},
				"south": {"uv": [7.75, 11.75, 8.25, 11.875], "texture": "#texture"},
				"west": {"uv": [8.25, 11.75, 8.375, 11.875], "texture": "#texture"},
				"up": {"uv": [7.75, 8.25, 8.25, 8.375], "texture": "#mastersword_top"}
			}
		},
		{
			"name": "Mastersword",
			"from": [7.75, 3.75, 8.375],
			"to": [8.25, 3.875, 8.5],
			"faces": {
				"east": {"uv": [8.5, 12.125, 8.375, 12.25], "texture": "#texture"},
				"south": {"uv": [7.75, 12.125, 8.25, 12.25], "texture": "#texture"},
				"west": {"uv": [8.375, 12.125, 8.5, 12.25], "texture": "#texture"},
				"down": {"uv": [8.25, 8.5, 7.75, 8.375], "texture": "#mastersword_top"}
			}
		},
		{
			"name": "Mastersword",
			"from": [7.75, 4.75, 8.375],
			"to": [8.25, 4.875, 8.5],
			"faces": {
				"east": {"uv": [8.5, 11.125, 8.375, 11.25], "texture": "#texture"},
				"south": {"uv": [7.75, 11.125, 8.25, 11.25], "texture": "#texture"},
				"west": {"uv": [8.375, 11.125, 8.5, 11.25], "texture": "#texture"},
				"up": {"uv": [7.75, 8.375, 8.25, 8.5], "texture": "#mastersword_top"},
				"down": {"uv": [8.25, 8.5, 7.75, 8.375], "texture": "#mastersword_top"}
			}
		},
		{
			"name": "Mastersword",
			"from": [7.875, 4.625, 7.375],
			"to": [8.125, 4.75, 7.625],
			"faces": {
				"north": {"uv": [0, 0, 1.5, 0.5], "texture": "#texture"},
				"east": {"uv": [1, 1.5, 0.5, 2], "texture": "#texture"},
				"west": {"uv": [0.5, 1.5, 1, 2], "texture": "#texture"},
				"up": {"uv": [1, 0, 0.5, 0.5], "texture": "#texture"},
				"down": {"uv": [1, 0.5, 0.5, 0], "texture": "#texture"}
			}
		},
		{
			"name": "Mastersword",
			"from": [7.875, 4.75, 7.375],
			"to": [8.125, 4.875, 7.5],
			"faces": {
				"north": {"uv": [0, 0, 1.5, 0.5], "texture": "#texture"},
				"east": {"uv": [1, 1.5, 0.5, 2], "texture": "#texture"},
				"west": {"uv": [0.5, 1.5, 1, 2], "texture": "#texture"},
				"up": {"uv": [1, 0, 0.5, 0.5], "texture": "#texture"}
			}
		},
		{
			"name": "Mastersword",
			"from": [7.875, 4.5, 7.5],
			"to": [8.125, 4.625, 7.625],
			"faces": {
				"north": {"uv": [0, 0, 1.5, 0.5], "texture": "#texture"},
				"east": {"uv": [1, 1.5, 0.5, 2], "texture": "#texture"},
				"west": {"uv": [0.5, 1.5, 1, 2], "texture": "#texture"},
				"down": {"uv": [1, 0.5, 0.5, 0], "texture": "#texture"}
			}
		},
		{
			"name": "Mastersword",
			"from": [7.875, 4.875, 7.5],
			"to": [8.125, 5, 8.5],
			"faces": {
				"north": {"uv": [0, 0, 1.5, 0.5], "texture": "#texture"},
				"east": {"uv": [1, 1.5, 0.5, 2], "texture": "#texture"},
				"south": {"uv": [0, 0, 1.5, 0.5], "texture": "#texture"},
				"west": {"uv": [0.5, 1.5, 1, 2], "texture": "#texture"},
				"up": {"uv": [1, 0, 0.5, 0.5], "texture": "#texture"},
				"down": {"uv": [1, 0.5, 0.5, 0], "texture": "#texture"}
			}
		},
		{
			"name": "Mastersword",
			"from": [7.875, 4.375, 7.625],
			"to": [8.125, 4.5, 7.75],
			"faces": {
				"north": {"uv": [8.125, 11.5, 7.875, 11.625], "texture": "#texture"},
				"east": {"uv": [7.75, 11.5, 7.625, 11.625], "texture": "#texture"},
				"west": {"uv": [7.625, 11.5, 7.75, 11.625], "texture": "#texture"},
				"down": {"uv": [8.125, 7.75, 7.875, 7.625], "texture": "#mastersword_top"}
			}
		},
		{
			"name": "Mastersword",
			"from": [7.875, 5, 7.625],
			"to": [8.375, 5.125, 8.375],
			"faces": {
				"north": {"uv": [8.375, 10.875, 7.875, 11], "texture": "#texture"},
				"east": {"uv": [8.375, 10.875, 7.625, 11], "texture": "#texture"},
				"south": {"uv": [7.875, 10.875, 8.375, 11], "texture": "#texture"},
				"up": {"uv": [7.875, 7.625, 8.375, 8.375], "texture": "#mastersword_top"},
				"down": {"uv": [8.125, 8.375, 7.625, 7.625], "texture": "#mastersword_top"}
			}
		},
		{
			"name": "RHJvb2JsZWRvcmVMTEM=",
			"from": [7.875, 0.375, 7.75],
			"to": [8.125, 0.5, 7.875],
			"faces": {
				"north": {"uv": [8.125, 15.5, 7.875, 15.625], "texture": "#texture"},
				"east": {"uv": [7.875, 15.5, 7.75, 15.625], "texture": "#texture"},
				"west": {"uv": [7.75, 15.5, 7.875, 15.625], "texture": "#texture"},
				"down": {"uv": [8.125, 7.875, 7.875, 7.75], "texture": "#mastersword_top"}
			}
		},
		{
			"name": "Mastersword",
			"from": [7.875, 1.375, 7.75],
			"to": [8.125, 3.625, 7.875],
			"faces": {
				"north": {"uv": [7.5, 12, 8, 14.5], "texture": "#texture"},
				"east": {"uv": [7.5, 12, 8, 14.5], "texture": "#texture"},
				"west": {"uv": [7.5, 12, 8, 14.5], "texture": "#texture"}
			}
		},
		{
			"name": "Mastersword",
			"from": [7.875, 4.25, 7.75],
			"to": [8.125, 4.375, 7.875],
			"faces": {
				"north": {"uv": [8.125, 11.625, 7.875, 11.75], "texture": "#texture"},
				"east": {"uv": [7.875, 11.625, 7.75, 11.75], "texture": "#texture"},
				"west": {"uv": [7.75, 11.625, 7.875, 11.75], "texture": "#texture"}
			}
		},
		{
			"name": "Mastersword",
			"from": [7.875, 5.125, 7.75],
			"to": [8.375, 5.25, 8.25],
			"faces": {
				"north": {"uv": [8.375, 9.75, 7.625, 10.5], "texture": "#texture"},
				"east": {"uv": [9, 10.5, 8.375, 10.875], "texture": "#texture"},
				"south": {"uv": [7.625, 9.75, 8.375, 10.5], "texture": "#texture"}
			}
		},
		{
			"name": "Mastersword",
			"from": [7.875, 14.75, 7.75],
			"to": [8.125, 14.875, 7.875],
			"faces": {
				"north": {"uv": [8.125, 1.125, 7.875, 1.25], "texture": "#texture"},
				"east": {"uv": [7.875, 1.125, 7.75, 1.25], "texture": "#texture"},
				"west": {"uv": [7.75, 1.125, 7.875, 1.25], "texture": "#texture"},
				"up": {"uv": [7.875, 7.75, 8.125, 7.875], "texture": "#texture"}
			}
		},
		{
			"name": "Mastersword",
			"from": [7.875, 0.125, 7.875],
			"to": [8.125, 0.375, 8.125],
			"faces": {
				"north": {"uv": [8.125, 15.625, 7.875, 15.875], "texture": "#texture"},
				"east": {"uv": [8.125, 15.625, 7.875, 15.875], "texture": "#texture"},
				"south": {"uv": [7.875, 15.625, 8.125, 15.875], "texture": "#texture"},
				"west": {"uv": [7.875, 15.625, 8.125, 15.875], "texture": "#texture"},
				"down": {"uv": [8.125, 8.125, 7.875, 7.875], "texture": "#mastersword_top"}
			}
		},
		{
			"name": "Mastersword",
			"from": [7.875, 15.25, 7.875],
			"to": [8.125, 15.5, 8.125],
			"faces": {
				"north": {"uv": [10.5, 0.875, 10.25, 1.125], "texture": "#texture"},
				"east": {"uv": [9.25, 0.625, 9, 0.875], "texture": "#texture"},
				"south": {"uv": [9.5, 0.5, 9.75, 0.75], "texture": "#texture"},
				"west": {"uv": [9.125, 0.5, 9.375, 0.75], "texture": "#texture"},
				"up": {"uv": [9.375, 7.875, 9.625, 8.125], "texture": "#texture"}
			}
		},
		{
			"name": "Mastersword",
			"from": [7.875, 0.375, 8.125],
			"to": [8.125, 0.5, 8.25],
			"faces": {
				"east": {"uv": [8.25, 15.5, 8.125, 15.625], "texture": "#texture"},
				"south": {"uv": [7.875, 15.5, 8.125, 15.625], "texture": "#texture"},
				"west": {"uv": [8.125, 15.5, 8.25, 15.625], "texture": "#texture"},
				"down": {"uv": [8.125, 8.25, 7.875, 8.125], "texture": "#mastersword_top"}
			}
		},
		{
			"name": "Mastersword",
			"from": [7.875, 1.375, 8.125],
			"to": [8.125, 3.625, 8.25],
			"faces": {
				"east": {"uv": [8, 12, 8.5, 14.5], "texture": "#texture"},
				"south": {"uv": [8, 12, 8.5, 14.5], "texture": "#texture"},
				"west": {"uv": [8, 12, 8.5, 14.5], "texture": "#texture"}
			}
		},
		{
			"name": "Mastersword",
			"from": [7.875, 4.25, 8.125],
			"to": [8.125, 4.375, 8.25],
			"faces": {
				"east": {"uv": [8.25, 11.625, 8.125, 11.75], "texture": "#texture"},
				"south": {"uv": [7.875, 11.625, 8.125, 11.75], "texture": "#texture"},
				"west": {"uv": [8.125, 11.625, 8.25, 11.75], "texture": "#texture"}
			}
		},
		{
			"name": "Mastersword",
			"from": [7.875, 14.75, 8.125],
			"to": [8.125, 14.875, 8.25],
			"faces": {
				"east": {"uv": [8.25, 1.125, 8.125, 1.25], "texture": "#texture"},
				"south": {"uv": [7.875, 1.125, 8.125, 1.25], "texture": "#texture"},
				"west": {"uv": [8.125, 1.125, 8.25, 1.25], "texture": "#texture"},
				"up": {"uv": [7.875, 8.125, 8.125, 8.25], "texture": "#texture"}
			}
		},
		{
			"name": "Mastersword",
			"from": [7.875, 4.375, 8.25],
			"to": [8.125, 4.5, 8.375],
			"faces": {
				"east": {"uv": [8.375, 11.5, 8.25, 11.625], "texture": "#texture"},
				"south": {"uv": [7.875, 11.5, 8.125, 11.625], "texture": "#texture"},
				"west": {"uv": [8.25, 11.5, 8.375, 11.625], "texture": "#texture"},
				"down": {"uv": [8.125, 8.375, 7.875, 8.25], "texture": "#mastersword_top"}
			}
		},
		{
			"name": "Mastersword",
			"from": [7.875, 4.5, 8.375],
			"to": [8.125, 4.75, 8.5],
			"faces": {
				"north": {"uv": [0, 0, 1.5, 0.5], "texture": "#texture"},
				"east": {"uv": [1, 1.5, 0.5, 2], "texture": "#texture"},
				"south": {"uv": [0, 0, 1.5, 0.5], "texture": "#texture"},
				"west": {"uv": [0.5, 1.5, 1, 2], "texture": "#texture"},
				"down": {"uv": [1, 0.5, 0.5, 0], "texture": "#mastersword_top"}
			}
		},
		{
			"name": "Mastersword",
			"from": [7.875, 4.625, 8.5],
			"to": [8.125, 4.875, 8.625],
			"faces": {
				"north": {"uv": [0, 0, 1.5, 0.5], "texture": "#texture"},
				"east": {"uv": [1, 1.5, 0.5, 2], "texture": "#texture"},
				"south": {"uv": [0, 0, 1.5, 0.5], "texture": "#texture"},
				"west": {"uv": [0.5, 1.5, 1, 2], "texture": "#texture"},
				"up": {"uv": [1, 0, 0.5, 0.5], "texture": "#texture"},
				"down": {"uv": [1, 0.5, 0.5, 0], "texture": "#texture"}
			}
		},
		{
			"name": "Mastersword",
			"from": [8.125, 4.875, 7.625],
			"to": [8.375, 5, 8.375],
			"faces": {
				"north": {"uv": [8.375, 11, 8.125, 11.125], "texture": "#texture"},
				"east": {"uv": [8.375, 11, 7.625, 11.125], "texture": "#texture"},
				"south": {"uv": [8.125, 11, 8.375, 11.125], "texture": "#texture"},
				"down": {"uv": [7.875, 8.375, 7.625, 7.625], "texture": "#mastersword_top"}
			}
		},
		{
			"name": "Mastersword",
			"from": [8.125, 5.125, 7.625],
			"to": [8.375, 5.25, 7.75],
			"faces": {
				"north": {"uv": [8.375, 10.75, 8.125, 10.875], "texture": "#texture"},
				"east": {"uv": [7.75, 10.75, 7.625, 10.875], "texture": "#texture"},
				"west": {"uv": [7.625, 10.75, 7.75, 10.875], "texture": "#texture"},
				"up": {"uv": [8.125, 7.625, 8.375, 7.75], "texture": "#mastersword_top"}
			}
		},
		{
			"name": "Mastersword",
			"from": [8.125, 5.125, 8.25],
			"to": [8.375, 5.25, 8.375],
			"faces": {
				"east": {"uv": [8.375, 10.75, 8.25, 10.875], "texture": "#texture"},
				"south": {"uv": [8.125, 10.75, 8.375, 10.875], "texture": "#texture"},
				"west": {"uv": [8.25, 10.75, 8.375, 10.875], "texture": "#texture"},
				"up": {"uv": [8.125, 8.25, 8.375, 8.375], "texture": "#mastersword_top"}
			}
		},
		{
			"name": "Mastersword",
			"from": [8.25, 4.75, 7.625],
			"to": [8.375, 4.875, 7.75],
			"faces": {
				"north": {"uv": [8.375, 11.125, 8.25, 11.25], "texture": "#texture"},
				"east": {"uv": [7.75, 11.125, 7.625, 11.25], "texture": "#texture"}
			}
		},
		{
			"name": "Mastersword",
			"from": [8.25, 5.25, 7.625],
			"to": [8.375, 5.375, 7.75],
			"faces": {
				"north": {"uv": [8.375, 10.625, 8.25, 10.75], "texture": "#texture"},
				"east": {"uv": [7.75, 10.625, 7.625, 10.75], "texture": "#texture"},
				"west": {"uv": [7.625, 10.625, 7.75, 10.75], "texture": "#texture"},
				"up": {"uv": [8.25, 7.625, 8.375, 7.75], "texture": "#mastersword_top"}
			}
		},
		{
			"name": "Mastersword",
			"from": [8.25, 5.25, 8.25],
			"to": [8.375, 5.375, 8.375],
			"faces": {
				"east": {"uv": [8.375, 10.625, 8.25, 10.75], "texture": "#texture"},
				"south": {"uv": [8.25, 10.625, 8.375, 10.75], "texture": "#texture"},
				"west": {"uv": [8.25, 10.625, 8.375, 10.75], "texture": "#texture"},
				"up": {"uv": [8.25, 8.25, 8.375, 8.375], "texture": "#mastersword_top"}
			}
		},
		{
			"name": "Mastersword",
			"from": [8.375, 4.375, 7.625],
			"to": [9.625, 4.5, 7.75],
			"faces": {
				"north": {"uv": [9.625, 11.5, 8.375, 11.625], "texture": "#texture"},
				"east": {"uv": [7.75, 11.5, 7.625, 11.625], "texture": "#texture"},
				"west": {"uv": [7.625, 11.5, 7.75, 11.625], "texture": "#texture"},
				"up": {"uv": [8.375, 7.625, 9.625, 7.75], "texture": "#mastersword_top"},
				"down": {"uv": [7.625, 7.75, 6.375, 7.625], "texture": "#mastersword_top"}
			}
		},
		{
			"name": "Mastersword",
			"from": [8.375, 4.375, 8.25],
			"to": [9.625, 4.5, 8.375],
			"faces": {
				"east": {"uv": [8.375, 11.5, 8.25, 11.625], "texture": "#texture"},
				"south": {"uv": [8.375, 11.5, 9.625, 11.625], "texture": "#texture"},
				"west": {"uv": [8.25, 11.5, 8.375, 11.625], "texture": "#texture"},
				"up": {"uv": [8.375, 8.25, 9.625, 8.375], "texture": "#mastersword_top"},
				"down": {"uv": [7.625, 8.375, 6.375, 8.25], "texture": "#mastersword_top"}
			}
		},
		{
			"name": "Mastersword",
			"from": [8.5, 4.25, 7.75],
			"to": [9.5, 4.375, 8.25],
			"faces": {
				"north": {"uv": [9.5, 11.625, 8.5, 11.75], "texture": "#texture"},
				"east": {"uv": [8.25, 11.625, 7.75, 11.75], "texture": "#texture"},
				"south": {"uv": [8.5, 11.625, 9.5, 11.75], "texture": "#texture"},
				"west": {"uv": [7.75, 11.625, 8.25, 11.75], "texture": "#texture"},
				"down": {"uv": [7.5, 8.25, 6.5, 7.75], "texture": "#mastersword_top"}
			}
		},
		{
			"name": "Mastersword",
			"from": [8.625, 4.25, 7.625],
			"to": [9.5, 4.375, 7.75],
			"faces": {
				"north": {"uv": [9.5, 11.625, 8.625, 11.75], "texture": "#texture"},
				"east": {"uv": [7.75, 11.625, 7.625, 11.75], "texture": "#texture"},
				"west": {"uv": [7.625, 11.625, 7.75, 11.75], "texture": "#texture"},
				"down": {"uv": [7.375, 7.75, 6.5, 7.625], "texture": "#mastersword_top"}
			}
		},
		{
			"name": "Mastersword",
			"from": [8.625, 4.125, 7.875],
			"to": [9.5, 4.25, 8.125],
			"faces": {
				"north": {"uv": [9.5, 11.75, 8.625, 11.875], "texture": "#texture"},
				"east": {"uv": [8.125, 11.75, 7.875, 11.875], "texture": "#texture"},
				"south": {"uv": [8.625, 11.75, 9.5, 11.875], "texture": "#texture"},
				"west": {"uv": [7.875, 11.75, 8.125, 11.875], "texture": "#texture"},
				"down": {"uv": [7.375, 8.125, 6.5, 7.875], "texture": "#mastersword_top"}
			}
		},
		{
			"name": "Mastersword",
			"from": [8.625, 4.25, 8.25],
			"to": [9.5, 4.375, 8.375],
			"faces": {
				"east": {"uv": [8.375, 11.625, 8.25, 11.75], "texture": "#texture"},
				"south": {"uv": [8.625, 11.625, 9.5, 11.75], "texture": "#texture"},
				"west": {"uv": [8.25, 11.625, 8.375, 11.75], "texture": "#texture"},
				"down": {"uv": [7.375, 8.375, 6.5, 8.25], "texture": "#mastersword_top"}
			}
		},
		{
			"name": "Mastersword",
			"from": [8.75, 4.125, 7.625],
			"to": [9.375, 4.25, 7.875],
			"faces": {
				"north": {"uv": [9.375, 11.75, 8.75, 11.875], "texture": "#texture"},
				"east": {"uv": [7.875, 11.75, 7.625, 11.875], "texture": "#texture"},
				"west": {"uv": [7.625, 11.75, 7.875, 11.875], "texture": "#texture"},
				"up": {"uv": [8.75, 7.625, 9.375, 7.875], "texture": "#mastersword_top"},
				"down": {"uv": [7.25, 7.875, 6.625, 7.625], "texture": "#mastersword_top"}
			}
		},
		{
			"name": "Mastersword",
			"from": [8.75, 4, 7.875],
			"to": [9.375, 4.125, 8.125],
			"faces": {
				"north": {"uv": [9.375, 11.875, 8.75, 12], "texture": "#texture"},
				"east": {"uv": [8.125, 11.875, 7.875, 12], "texture": "#texture"},
				"south": {"uv": [8.75, 11.875, 9.375, 12], "texture": "#texture"},
				"west": {"uv": [7.875, 11.875, 8.125, 12], "texture": "#texture"},
				"down": {"uv": [7.25, 8.125, 6.625, 7.875], "texture": "#mastersword_top"}
			}
		},
		{
			"name": "Mastersword",
			"from": [8.75, 4.125, 8.125],
			"to": [9.375, 4.25, 8.375],
			"faces": {
				"east": {"uv": [8.375, 11.75, 8.125, 11.875], "texture": "#texture"},
				"south": {"uv": [8.75, 11.75, 9.375, 11.875], "texture": "#texture"},
				"west": {"uv": [8.125, 11.75, 8.375, 11.875], "texture": "#texture"},
				"up": {"uv": [8.75, 8.125, 9.375, 8.375], "texture": "#mastersword_top"},
				"down": {"uv": [7.25, 8.375, 6.625, 8.125], "texture": "#mastersword_top"}
			}
		},
		{
			"name": "Mastersword",
			"from": [8.875, 4, 7.625],
			"to": [9.375, 4.125, 7.875],
			"faces": {
				"north": {"uv": [9.375, 11.875, 8.875, 12], "texture": "#texture"},
				"east": {"uv": [7.875, 11.875, 7.625, 12], "texture": "#texture"},
				"west": {"uv": [7.625, 11.875, 7.875, 12], "texture": "#texture"},
				"down": {"uv": [7.125, 7.875, 6.625, 7.625], "texture": "#mastersword_top"}
			}
		},
		{
			"name": "Mastersword",
			"from": [8.875, 4, 8.125],
			"to": [9.375, 4.125, 8.375],
			"faces": {
				"east": {"uv": [8.375, 11.875, 8.125, 12], "texture": "#texture"},
				"south": {"uv": [8.875, 11.875, 9.375, 12], "texture": "#texture"},
				"west": {"uv": [8.125, 11.875, 8.375, 12], "texture": "#texture"},
				"down": {"uv": [7.125, 8.375, 6.625, 8.125], "texture": "#mastersword_top"}
			}
		},
		{
			"name": "Mastersword",
			"from": [9, 3.875, 7.75],
			"to": [9.25, 4, 8.25],
			"faces": {
				"north": {"uv": [9.25, 12, 9, 12.125], "texture": "#texture"},
				"east": {"uv": [8.25, 12, 7.75, 12.125], "texture": "#texture"},
				"south": {"uv": [9, 12, 9.25, 12.125], "texture": "#texture"},
				"west": {"uv": [7.75, 12, 8.25, 12.125], "texture": "#texture"},
				"up": {"uv": [9, 7.75, 9.25, 8.25], "texture": "#mastersword_top"},
				"down": {"uv": [7, 8.25, 6.75, 7.75], "texture": "#mastersword_top"}
			}
		},
		{
			"name": "Mastersword",
			"from": [9, 4.625, 7.875],
			"to": [9.875, 4.75, 8.125],
			"faces": {
				"north": {"uv": [9.875, 11.25, 9, 11.375], "texture": "#texture"},
				"east": {"uv": [8.125, 11.25, 7.875, 11.375], "texture": "#texture"},
				"south": {"uv": [9, 11.25, 9.875, 11.375], "texture": "#texture"},
				"west": {"uv": [7.875, 11.25, 8.125, 11.375], "texture": "#texture"},
				"up": {"uv": [9, 7.875, 9.875, 8.125], "texture": "#mastersword_top"},
				"down": {"uv": [7, 8.125, 6.125, 7.875], "texture": "#mastersword_top"}
			}
		},
		{
			"name": "Mastersword",
			"from": [9.125, 3.875, 7.625],
			"to": [9.25, 4, 7.75],
			"faces": {
				"north": {"uv": [9.25, 12, 9.125, 12.125], "texture": "#texture"},
				"east": {"uv": [7.75, 12, 7.625, 12.125], "texture": "#texture"},
				"west": {"uv": [7.625, 12, 7.75, 12.125], "texture": "#texture"},
				"down": {"uv": [6.875, 7.75, 6.75, 7.625], "texture": "#mastersword_top"}
			}
		},
		{
			"name": "Mastersword",
			"from": [9.125, 4.5, 7.625],
			"to": [9.625, 4.75, 7.75],
			"faces": {
				"north": {"uv": [9.625, 11.25, 9.125, 11.5], "texture": "#texture"},
				"east": {"uv": [7.75, 11.25, 7.625, 11.5], "texture": "#texture"},
				"south": {"uv": [9.125, 11.25, 9.625, 11.5], "texture": "#texture"},
				"west": {"uv": [7.625, 11.25, 7.75, 11.5], "texture": "#texture"},
				"up": {"uv": [9.125, 7.625, 9.625, 7.75], "texture": "#mastersword_top"}
			}
		},
		{
			"name": "Mastersword",
			"from": [9.125, 3.75, 7.75],
			"to": [9.25, 3.875, 8.25],
			"faces": {
				"north": {"uv": [9.25, 12.125, 9.125, 12.25], "texture": "#texture"},
				"east": {"uv": [8.25, 12.125, 7.75, 12.25], "texture": "#texture"},
				"south": {"uv": [9.125, 12.125, 9.25, 12.25], "texture": "#texture"},
				"west": {"uv": [7.75, 12.125, 8.25, 12.25], "texture": "#texture"},
				"down": {"uv": [6.875, 8.25, 6.75, 7.75], "texture": "#mastersword_top"}
			}
		},
		{
			"name": "Mastersword",
			"from": [9.125, 4.625, 7.75],
			"to": [9.75, 4.875, 7.875],
			"faces": {
				"north": {"uv": [9.75, 11.125, 9.125, 11.375], "texture": "#texture"},
				"east": {"uv": [7.875, 11.125, 7.75, 11.375], "texture": "#texture"},
				"south": {"uv": [9.125, 11.125, 9.75, 11.375], "texture": "#texture"},
				"west": {"uv": [7.75, 11.125, 7.875, 11.375], "texture": "#texture"},
				"up": {"uv": [9.125, 7.75, 9.75, 7.875], "texture": "#mastersword_top"}
			}
		},
		{
			"name": "Mastersword",
			"from": [9.125, 4.75, 7.875],
			"to": [9.875, 4.875, 8.25],
			"faces": {
				"north": {"uv": [9.875, 11.125, 9.125, 11.25], "texture": "#texture"},
				"east": {"uv": [8.25, 11.125, 7.875, 11.25], "texture": "#texture"},
				"south": {"uv": [9.125, 11.125, 9.875, 11.25], "texture": "#texture"},
				"west": {"uv": [7.875, 11.125, 8.25, 11.25], "texture": "#texture"},
				"up": {"uv": [9.125, 7.875, 9.875, 8.25], "texture": "#mastersword_top"},
				"down": {"uv": [6.875, 8.25, 6.125, 7.875], "texture": "#mastersword_top"}
			}
		},
		{
			"name": "Mastersword",
			"from": [9.125, 4.625, 8.125],
			"to": [9.75, 4.75, 8.375],
			"faces": {
				"east": {"uv": [8.375, 11.25, 8.125, 11.375], "texture": "#texture"},
				"south": {"uv": [9.125, 11.25, 9.75, 11.375], "texture": "#texture"},
				"west": {"uv": [8.125, 11.25, 8.375, 11.375], "texture": "#texture"},
				"up": {"uv": [9.125, 8.125, 9.75, 8.375], "texture": "#mastersword_top"},
				"down": {"uv": [6.875, 8.375, 6.25, 8.125], "texture": "#mastersword_top"}
			}
		},
		{
			"name": "Mastersword",
			"from": [9.125, 3.875, 8.25],
			"to": [9.25, 4, 8.375],
			"faces": {
				"east": {"uv": [8.375, 12, 8.25, 12.125], "texture": "#texture"},
				"south": {"uv": [9.125, 12, 9.25, 12.125], "texture": "#texture"},
				"west": {"uv": [8.25, 12, 8.375, 12.125], "texture": "#texture"},
				"down": {"uv": [6.875, 8.375, 6.75, 8.25], "texture": "#mastersword_top"}
			}
		},
		{
			"name": "Mastersword",
			"from": [9.125, 4.5, 8.25],
			"to": [9.625, 4.625, 8.375],
			"faces": {
				"east": {"uv": [8.375, 11.375, 8.25, 11.5], "texture": "#texture"},
				"south": {"uv": [9.125, 11.375, 9.625, 11.5], "texture": "#texture"},
				"west": {"uv": [8.25, 11.375, 8.375, 11.5], "texture": "#texture"}
			}
		},
		{
			"name": "Mastersword",
			"from": [9.25, 4.75, 7.625],
			"to": [9.875, 4.875, 7.75],
			"faces": {
				"north": {"uv": [9.875, 11.125, 9.25, 11.25], "texture": "#texture"},
				"east": {"uv": [7.75, 11.125, 7.625, 11.25], "texture": "#texture"},
				"south": {"uv": [9.25, 11.125, 9.875, 11.25], "texture": "#texture"},
				"west": {"uv": [7.625, 11.125, 7.75, 11.25], "texture": "#texture"},
				"up": {"uv": [9.25, 7.625, 9.875, 7.75], "texture": "#mastersword_top"},
				"down": {"uv": [6.75, 7.75, 6.125, 7.625], "texture": "#mastersword_top"}
			}
		},
		{
			"name": "DroobledoreLLC",
			"from": [9.25, 4.875, 7.75],
			"to": [10, 5, 8.25],
			"faces": {
				"north": {"uv": [10, 11, 9.25, 11.125], "texture": "#texture"},
				"east": {"uv": [8.25, 11, 7.75, 11.125], "texture": "#texture"},
				"south": {"uv": [9.25, 11, 10, 11.125], "texture": "#texture"},
				"west": {"uv": [7.75, 11, 8.25, 11.125], "texture": "#texture"},
				"up": {"uv": [9.25, 7.75, 10, 8.25], "texture": "#mastersword_top"},
				"down": {"uv": [6.75, 8.25, 6, 7.75], "texture": "#mastersword_top"}
			}
		},
		{
			"name": "Mastersword",
			"from": [9.25, 3.875, 7.875],
			"to": [9.375, 4, 8.125],
			"faces": {
				"north": {"uv": [9.375, 12, 9.25, 12.125], "texture": "#texture"},
				"east": {"uv": [8.125, 12, 7.875, 12.125], "texture": "#texture"},
				"south": {"uv": [9.25, 12, 9.375, 12.125], "texture": "#texture"},
				"down": {"uv": [6.75, 8.125, 6.625, 7.875], "texture": "#mastersword_top"}
			}
		},
		{
			"name": "Mastersword",
			"from": [9.25, 4.75, 8.25],
			"to": [9.875, 4.875, 8.375],
			"faces": {
				"east": {"uv": [8.375, 11.125, 8.25, 11.25], "texture": "#texture"},
				"south": {"uv": [9.25, 11.125, 9.875, 11.25], "texture": "#texture"},
				"west": {"uv": [8.25, 11.125, 8.375, 11.25], "texture": "#texture"},
				"up": {"uv": [9.25, 8.25, 9.875, 8.375], "texture": "#mastersword_top"},
				"down": {"uv": [6.75, 8.375, 6.125, 8.25], "texture": "#mastersword_top"}
			}
		},
		{
			"name": "Mastersword",
			"from": [9.375, 4.125, 7.75],
			"to": [9.5, 4.25, 7.875],
			"faces": {
				"north": {"uv": [9.5, 11.75, 9.375, 11.875], "texture": "#texture"},
				"east": {"uv": [7.875, 11.75, 7.75, 11.875], "texture": "#texture"},
				"down": {"uv": [6.625, 7.875, 6.5, 7.75], "texture": "#mastersword_top"}
			}
		},
		{
			"name": "Mastersword",
			"from": [9.375, 4.125, 8.125],
			"to": [9.5, 4.25, 8.25],
			"faces": {
				"east": {"uv": [8.25, 11.75, 8.125, 11.875], "texture": "#texture"},
				"south": {"uv": [9.375, 11.75, 9.5, 11.875], "texture": "#texture"},
				"down": {"uv": [6.625, 8.25, 6.5, 8.125], "texture": "#mastersword_top"}
			}
		},
		{
			"name": "Mastersword",
			"from": [9.5, 4.25, 7.875],
			"to": [9.625, 4.375, 8.125],
			"faces": {
				"north": {"uv": [9.625, 11.625, 9.5, 11.75], "texture": "#texture"},
				"east": {"uv": [8.125, 11.625, 7.875, 11.75], "texture": "#texture"},
				"south": {"uv": [9.5, 11.625, 9.625, 11.75], "texture": "#texture"},
				"down": {"uv": [6.5, 8.125, 6.375, 7.875], "texture": "#mastersword_top"}
			}
		},
		{
			"name": "Mastersword",
			"from": [9.625, 4.625, 7.625],
			"to": [9.75, 4.75, 7.75],
			"faces": {
				"north": {"uv": [9.75, 11.25, 9.625, 11.375], "texture": "#texture"},
				"east": {"uv": [7.75, 11.25, 7.625, 11.375], "texture": "#texture"},
				"down": {"uv": [6.375, 7.75, 6.25, 7.625], "texture": "#mastersword_top"}
			}
		},
		{
			"name": "Mastersword",
			"from": [9.625, 4.875, 7.625],
			"to": [9.875, 5, 7.75],
			"faces": {
				"north": {"uv": [9.875, 11, 9.625, 11.125], "texture": "#texture"},
				"east": {"uv": [7.75, 11, 7.625, 11.125], "texture": "#texture"},
				"west": {"uv": [7.625, 11, 7.75, 11.125], "texture": "#texture"},
				"up": {"uv": [9.625, 7.625, 9.875, 7.75], "texture": "#mastersword_top"}
			}
		},
		{
			"name": "Mastersword",
			"from": [9.625, 4.875, 8.25],
			"to": [9.875, 5, 8.375],
			"faces": {
				"east": {"uv": [8.375, 11, 8.25, 11.125], "texture": "#texture"},
				"south": {"uv": [9.625, 11, 9.875, 11.125], "texture": "#texture"},
				"west": {"uv": [8.25, 11, 8.375, 11.125], "texture": "#texture"},
				"up": {"uv": [9.625, 8.25, 9.875, 8.375], "texture": "#mastersword_top"}
			}
		},
		{
			"name": "Mastersword",
			"from": [9.75, 4.75, 7.75],
			"to": [9.875, 4.875, 7.875],
			"faces": {
				"east": {"uv": [7.875, 11.125, 7.75, 11.25], "texture": "#texture"},
				"down": {"uv": [6.25, 7.875, 6.125, 7.75], "texture": "#mastersword_top"}
			}
		},
		{
			"name": "Mastersword",
			"from": [9.75, 5, 7.875],
			"to": [10.125, 5.125, 8.125],
			"faces": {
				"north": {"uv": [10.125, 10.875, 9.75, 11], "texture": "#texture"},
				"east": {"uv": [8.125, 10.875, 7.875, 11], "texture": "#texture"},
				"south": {"uv": [9.75, 10.875, 10.125, 11], "texture": "#texture"},
				"west": {"uv": [7.875, 10.875, 8.125, 11], "texture": "#texture"},
				"up": {"uv": [9.75, 7.875, 10.125, 8.125], "texture": "#mastersword_top"},
				"down": {"uv": [6.25, 8.125, 5.875, 7.875], "texture": "#mastersword_top"}
			}
		}
	],
	"display": {
		"thirdperson_righthand": {
			"rotation": [0, 90, 0],
			"translation": [0, 8.69, 1],
			"scale": [2, 2, 2]
		},
		"thirdperson_lefthand": {
			"rotation": [0, 90, 0],
			"translation": [0, 8.69, 1],
			"scale": [2, 2, 2]
		},
		"firstperson_righthand": {
			"rotation": [0, -99, -14],
			"translation": [1, 7, 0.56],
			"scale": [1.5, 1.5, 1.5]
		},
		"firstperson_lefthand": {
			"rotation": [0, 99, 14],
			"translation": [1, 7, 0.56],
			"scale": [1.5, 1.5, 1.5]
		},
		"ground": {
			"rotation": [-70, 0, 0],
			"scale": [1.3, 1.3, 1.3]
		},
		"gui": {
			"rotation": [-6, 3, -45],
			"scale": [1.4, 1.4, 1.4]
		},
		"head": {
			"rotation": [0, 180, -146],
			"translation": [0.2, -18.14, 4],
			"scale": [3, 3, 3]
		},
		"fixed": {
			"rotation": [0, 0, 45],
			"scale": [1.5, 1.5, 1.5]
		}
	}
}