{
	"credit": "Made with Blockbench",
	"textures": {
		"1": "custom/elitecreatures/amethystdragon/amethyst_crystal_dragon_skill"
	},
	"elements": [
		{
			"from": [1.3696, 0.584, 7.5984],
			"to": [14.272, 13.4864, 7.5984],
			"rotation": {"angle": 0, "axis": "x", "origin": [6.9584, 0.4512, 7.2368]},
			"faces": {
				"north": {"uv": [3, 6, 0, 3], "rotation": 180, "texture": "#1"},
				"east": {"uv": [0, 0, 7, 0], "rotation": 90, "texture": "#1"},
				"south": {"uv": [3, 3, 0, 6], "texture": "#1"},
				"west": {"uv": [0, 0, 7, 0], "rotation": 270, "texture": "#1"},
				"up": {"uv": [0, 0, 7, 0], "texture": "#1"},
				"down": {"uv": [0, 0, 7, 0], "rotation": 180, "texture": "#1"}
			}
		}
	],
	"display": {
		"thirdperson_righthand": {
			"translation": [0, 3.75, 0]
		},
		"thirdperson_lefthand": {
			"translation": [0, 3.75, 0]
		},
		"firstperson_righthand": {
			"translation": [0, 6.75, 0]
		},
		"firstperson_lefthand": {
			"translation": [0, 6.75, 0]
		},
		"ground": {
			"translation": [0, 11, 0],
			"scale": [2.06, 1.98, 1.96]
		},
		"head": {
			"translation": [1.5, -12.75, -12],
			"scale": [4, 4, 4]
		}
	}
}