{
	"credit": "Made with Blockbench",
	"texture_size": [256, 256],
	"textures": {
		"4": "item/materials/amethyst_crystal_dragon"
	},
	"elements": [
		{
			"from": [3.25109, 3.54896, 11.27066],
			"to": [12.7782, 10.69429, 23.17955],
			"rotation": {"angle": -22.5, "axis": "x", "origin": [7.95447, -11.97974, 22.71832]},
			"faces": {
				"north": {"uv": [2.5, 6.9375, 2.875, 7.21875], "texture": "#4"},
				"east": {"uv": [6.375, 2, 6.84375, 2.28125], "texture": "#4"},
				"south": {"uv": [6.9375, 3.1875, 7.3125, 3.46875], "texture": "#4"},
				"west": {"uv": [5.3125, 6.375, 5.78125, 6.65625], "texture": "#4"},
				"up": {"uv": [6.125, 3.09375, 5.75, 2.625], "texture": "#4"},
				"down": {"uv": [6.125, 4.0625, 5.75, 4.53125], "texture": "#4"}
			}
		},
		{
			"from": [2.85413, 3.54896, 10.8737],
			"to": [13.17516, 10.69429, 23.57651],
			"rotation": {"angle": -22.5, "axis": "x", "origin": [7.95447, -11.97974, 22.71832]},
			"faces": {
				"north": {"uv": [0.75, 6.875, 1.15625, 7.15625], "texture": "#4"},
				"east": {"uv": [0.9375, 6.1875, 1.4375, 6.46875], "texture": "#4"},
				"south": {"uv": [6.875, 2, 7.28125, 2.28125], "texture": "#4"},
				"west": {"uv": [6.1875, 1.375, 6.6875, 1.65625], "texture": "#4"},
				"up": {"uv": [4.21875, 5.9375, 3.8125, 5.4375], "texture": "#4"},
				"down": {"uv": [4.65625, 5.4375, 4.25, 5.9375], "texture": "#4"}
			}
		},
		{
			"from": [3.64805, -13.87902, -2.61057],
			"to": [12.38124, -2.76406, 2.15298],
			"rotation": {"angle": 45, "axis": "x", "origin": [7.95447, -11.97974, 22.71832]},
			"faces": {
				"north": {"uv": [6.46875, 4.625, 6.125, 4.1875], "rotation": 180, "texture": "#4"},
				"east": {"uv": [7.3125, 2.0625, 7.75, 2.25], "rotation": 90, "texture": "#4"},
				"south": {"uv": [6.46875, 4.625, 6.125, 5.0625], "texture": "#4"},
				"west": {"uv": [7.3125, 2.25, 7.75, 2.4375], "rotation": 270, "texture": "#4"},
				"up": {"uv": [6.125, 2.9375, 6.46875, 3.125], "texture": "#4"},
				"down": {"uv": [4.125, 4.625, 4.46875, 4.8125], "rotation": 180, "texture": "#4"}
			}
		},
		{
			"from": [2.45717, -15.06991, -3.4045],
			"to": [5.63287, -7.13065, -0.2288],
			"rotation": {"angle": 45, "axis": "x", "origin": [7.95447, -11.97974, 22.71832]},
			"faces": {
				"north": {"uv": [5.375, 2.9375, 5.25, 2.625], "rotation": 180, "texture": "#4"},
				"east": {"uv": [7, 1.875, 7.3125, 2], "rotation": 90, "texture": "#4"},
				"south": {"uv": [5.75, 4.0625, 5.625, 4.375], "texture": "#4"},
				"west": {"uv": [7.1875, 1.5, 7.5, 1.625], "rotation": 270, "texture": "#4"},
				"up": {"uv": [6, 2.5, 6.125, 2.625], "texture": "#4"},
				"down": {"uv": [3.875, 2.5, 4, 2.625], "rotation": 180, "texture": "#4"}
			}
		},
		{
			"from": [10.39642, -15.06991, -3.4045],
			"to": [13.57213, -7.13065, -0.2288],
			"rotation": {"angle": 45, "axis": "x", "origin": [7.95447, -11.97974, 22.71832]},
			"faces": {
				"north": {"uv": [2.6875, 6.375, 2.5625, 6.0625], "rotation": 180, "texture": "#4"},
				"east": {"uv": [7.9375, 6.9375, 8.25, 7.0625], "rotation": 90, "texture": "#4"},
				"south": {"uv": [2.1875, 6.5625, 2.0625, 6.875], "texture": "#4"},
				"west": {"uv": [7.9375, 7.5625, 8.25, 7.6875], "rotation": 270, "texture": "#4"},
				"up": {"uv": [2.375, 7.125, 2.5, 7.25], "texture": "#4"},
				"down": {"uv": [1.3125, 6.5, 1.4375, 6.625], "rotation": 180, "texture": "#4"}
			}
		},
		{
			"from": [2.0602, 0.8562, 1.5432],
			"to": [5.23591, 7.2076, 4.7189],
			"rotation": {"angle": 22.5, "axis": "x", "origin": [7.95447, -11.97974, 22.71832]},
			"faces": {
				"north": {"uv": [5.25, 2.3125, 5.125, 2.0625], "rotation": 180, "texture": "#4"},
				"east": {"uv": [6.8125, 8.0625, 7.0625, 8.1875], "rotation": 90, "texture": "#4"},
				"south": {"uv": [1.5, 7.375, 1.375, 7.625], "texture": "#4"},
				"west": {"uv": [7.3125, 8.0625, 7.5625, 8.1875], "rotation": 270, "texture": "#4"},
				"up": {"uv": [8.3125, 4.9375, 8.4375, 5.0625], "texture": "#4"},
				"down": {"uv": [6.875, 7.4375, 7, 7.5625], "rotation": 180, "texture": "#4"}
			}
		},
		{
			"from": [4.44198, -2.31951, -0.83858],
			"to": [6.82376, 7.2076, 1.5432],
			"rotation": {"angle": 22.5, "axis": "x", "origin": [7.95447, -11.97974, 22.71832]},
			"faces": {
				"north": {"uv": [3.09375, 8.375, 3, 8], "rotation": 180, "texture": "#4"},
				"east": {"uv": [8, 4.6875, 8.375, 4.78125], "rotation": 90, "texture": "#4"},
				"south": {"uv": [4.59375, 8, 4.5, 8.375], "texture": "#4"},
				"west": {"uv": [8, 4.8125, 8.375, 4.90625], "rotation": 270, "texture": "#4"},
				"up": {"uv": [3.25, 8.375, 3.34375, 8.46875], "texture": "#4"},
				"down": {"uv": [8.375, 3.1875, 8.46875, 3.28125], "rotation": 180, "texture": "#4"}
			}
		},
		{
			"from": [5.63287, -2.31951, -4.01428],
			"to": [5.63287, 18.32256, 0.74927],
			"rotation": {"angle": 22.5, "axis": "x", "origin": [7.95447, -11.97974, 22.71832]},
			"faces": {
				"north": {"uv": [0, 0.8125, 0, 0], "rotation": 180, "texture": "#4"},
				"east": {"uv": [6, 0.6875, 6.8125, 0.5], "rotation": 270, "texture": "#4"},
				"south": {"uv": [0, 0, 0, 0.8125], "texture": "#4"},
				"west": {"uv": [6, 0.5, 6.8125, 0.6875], "rotation": 270, "texture": "#4"},
				"up": {"uv": [0, 0, 0, 0.1875], "texture": "#4"},
				"down": {"uv": [0, 0, 0, 0.1875], "rotation": 180, "texture": "#4"}
			}
		},
		{
			"from": [10.39642, -2.31951, -4.01428],
			"to": [10.39642, 18.32256, 0.74927],
			"rotation": {"angle": 22.5, "axis": "x", "origin": [7.95447, -11.97974, 22.71832]},
			"faces": {
				"north": {"uv": [0, 0.8125, 0, 0], "rotation": 180, "texture": "#4"},
				"east": {"uv": [6, 0.6875, 6.8125, 0.875], "rotation": 90, "texture": "#4"},
				"south": {"uv": [0, 0, 0, 0.8125], "texture": "#4"},
				"west": {"uv": [6, 0.5, 6.8125, 0.6875], "rotation": 270, "texture": "#4"},
				"up": {"uv": [0, 0, 0, 0.1875], "texture": "#4"},
				"down": {"uv": [0, 0, 0, 0.1875], "rotation": 180, "texture": "#4"}
			}
		},
		{
			"from": [2.45717, -2.35632, -3.79065],
			"to": [4.83894, 7.17079, -1.40888],
			"rotation": {"angle": 45, "axis": "x", "origin": [7.95447, -11.97974, 22.71832]},
			"faces": {
				"north": {"uv": [8.09375, 5.8125, 8, 5.4375], "rotation": 180, "texture": "#4"},
				"east": {"uv": [8, 5.1875, 8.375, 5.28125], "rotation": 90, "texture": "#4"},
				"south": {"uv": [8.09375, 5.8125, 8, 6.1875], "texture": "#4"},
				"west": {"uv": [8, 5.3125, 8.375, 5.40625], "rotation": 270, "texture": "#4"},
				"up": {"uv": [3.375, 8.375, 3.46875, 8.46875], "texture": "#4"},
				"down": {"uv": [8.375, 3.3125, 8.46875, 3.40625], "rotation": 180, "texture": "#4"}
			}
		},
		{
			"from": [3.64805, -3.94417, -5.37851],
			"to": [3.64805, 13.5222, 1.76683],
			"rotation": {"angle": 45, "axis": "x", "origin": [7.95447, -11.97974, 22.71832]},
			"faces": {
				"north": {"uv": [0, 0.6875, 0, 0], "rotation": 180, "texture": "#4"},
				"east": {"uv": [5.5, 1.71875, 6.1875, 1.4375], "rotation": 270, "texture": "#4"},
				"south": {"uv": [0, 0, 0, 0.6875], "texture": "#4"},
				"west": {"uv": [5.5, 1.4375, 6.1875, 1.71875], "rotation": 270, "texture": "#4"},
				"up": {"uv": [0, 0, 0, 0.28125], "texture": "#4"},
				"down": {"uv": [0, 0, 0, 0.28125], "rotation": 180, "texture": "#4"}
			}
		},
		{
			"from": [12.38124, -3.94417, -5.37851],
			"to": [12.38124, 13.5222, 1.76683],
			"rotation": {"angle": 45, "axis": "x", "origin": [7.95447, -11.97974, 22.71832]},
			"faces": {
				"north": {"uv": [0, 0.6875, 0, 0], "rotation": 180, "texture": "#4"},
				"east": {"uv": [5.5, 1.71875, 6.1875, 1.4375], "rotation": 270, "texture": "#4"},
				"south": {"uv": [0, 0, 0, 0.6875], "texture": "#4"},
				"west": {"uv": [5.5, 1.4375, 6.1875, 1.71875], "rotation": 270, "texture": "#4"},
				"up": {"uv": [0, 0, 0, 0.28125], "texture": "#4"},
				"down": {"uv": [0, 0, 0, 0.28125], "rotation": 180, "texture": "#4"}
			}
		},
		{
			"from": [9.20553, -2.31951, -0.83858],
			"to": [11.58731, 7.2076, 1.5432],
			"rotation": {"angle": 22.5, "axis": "x", "origin": [7.95447, -11.97974, 22.71832]},
			"faces": {
				"north": {"uv": [7.84375, 8.375, 7.75, 8], "rotation": 180, "texture": "#4"},
				"east": {"uv": [8, 6.1875, 8.375, 6.28125], "rotation": 90, "texture": "#4"},
				"south": {"uv": [1.21875, 8.0625, 1.125, 8.4375], "texture": "#4"},
				"west": {"uv": [8, 6.3125, 8.375, 6.40625], "rotation": 270, "texture": "#4"},
				"up": {"uv": [3.8125, 8.375, 3.90625, 8.46875], "texture": "#4"},
				"down": {"uv": [3.5, 8.375, 3.59375, 8.46875], "rotation": 180, "texture": "#4"}
			}
		},
		{
			"from": [11.19035, -2.35632, -3.79065],
			"to": [13.57213, 7.17079, -1.40888],
			"rotation": {"angle": 45, "axis": "x", "origin": [7.95447, -11.97974, 22.71832]},
			"faces": {
				"north": {"uv": [1.34375, 8.4375, 1.25, 8.0625], "rotation": 180, "texture": "#4"},
				"east": {"uv": [8, 6.4375, 8.375, 6.53125], "rotation": 90, "texture": "#4"},
				"south": {"uv": [1.46875, 8.0625, 1.375, 8.4375], "texture": "#4"},
				"west": {"uv": [8, 6.5625, 8.375, 6.65625], "rotation": 270, "texture": "#4"},
				"up": {"uv": [4.3125, 8.375, 4.40625, 8.46875], "texture": "#4"},
				"down": {"uv": [3.9375, 8.375, 4.03125, 8.46875], "rotation": 180, "texture": "#4"}
			}
		},
		{
			"from": [10.79339, 0.8562, 1.5432],
			"to": [13.96909, 7.2076, 4.7189],
			"rotation": {"angle": 22.5, "axis": "x", "origin": [7.95447, -11.97974, 22.71832]},
			"faces": {
				"north": {"uv": [5.125, 8.3125, 5, 8.0625], "rotation": 180, "texture": "#4"},
				"east": {"uv": [0.75, 8.125, 1, 8.25], "rotation": 90, "texture": "#4"},
				"south": {"uv": [1.75, 8.125, 1.625, 8.375], "texture": "#4"},
				"west": {"uv": [4.0625, 8.125, 4.3125, 8.25], "rotation": 270, "texture": "#4"},
				"up": {"uv": [5.75, 8.3125, 5.875, 8.4375], "texture": "#4"},
				"down": {"uv": [5.625, 8.3125, 5.75, 8.4375], "rotation": 180, "texture": "#4"}
			}
		},
		{
			"from": [4.83894, 5.13681, 4.91925],
			"to": [11.19035, 9.90036, 11.27066],
			"rotation": {"angle": -22.5, "axis": "x", "origin": [7.95447, -11.97974, 22.71832]},
			"faces": {
				"north": {"uv": [4.5625, 2.3125, 4.8125, 2.5], "texture": "#4"},
				"east": {"uv": [5.375, 3.1875, 5.625, 3.375], "texture": "#4"},
				"south": {"uv": [7.8125, 1.875, 8.0625, 2.0625], "texture": "#4"},
				"west": {"uv": [7.8125, 6.75, 8.0625, 6.9375], "texture": "#4"},
				"up": {"uv": [7.8125, 3.3125, 7.5625, 3.0625], "texture": "#4"},
				"down": {"uv": [4.125, 7.5625, 3.875, 7.8125], "texture": "#4"}
			}
		},
		{
			"from": [5.23591, 3.54896, 5.31622],
			"to": [10.79339, 5.13681, 11.27066],
			"rotation": {"angle": -22.5, "axis": "x", "origin": [7.95447, -11.97974, 22.71832]},
			"faces": {
				"north": {"uv": [6.8125, 0.8125, 7.03125, 0.875], "texture": "#4"},
				"east": {"uv": [3.5, 4.5625, 3.75, 4.625], "texture": "#4"},
				"south": {"uv": [6.875, 5.75, 7.09375, 5.8125], "texture": "#4"},
				"west": {"uv": [3.75, 4.5625, 4, 4.625], "texture": "#4"},
				"up": {"uv": [1.34375, 7.9375, 1.125, 7.6875], "texture": "#4"},
				"down": {"uv": [3.34375, 7.6875, 3.125, 7.9375], "texture": "#4"}
			}
		},
		{
			"from": [6.82376, 1.3009, -1.91025],
			"to": [9.20553, 6.06445, 1.26545],
			"rotation": {"angle": 0, "axis": "y", "origin": [7.95447, -11.97974, 22.71832]},
			"faces": {
				"north": {"uv": [1.1875, 6.875, 1.28125, 7.0625], "texture": "#4"},
				"east": {"uv": [6.375, 2.3125, 6.5, 2.5], "texture": "#4"},
				"south": {"uv": [5, 8.3125, 5.09375, 8.5], "texture": "#4"},
				"west": {"uv": [6.4375, 5.375, 6.5625, 5.5625], "texture": "#4"},
				"up": {"uv": [8.46875, 0.5, 8.375, 0.375], "texture": "#4"},
				"down": {"uv": [8.46875, 1.4375, 8.375, 1.5625], "texture": "#4"}
			}
		},
		{
			"from": [5.63287, 3.54896, 6.50711],
			"to": [10.39642, 5.13681, 11.27066],
			"rotation": {"angle": -22.5, "axis": "x", "origin": [7.95447, -11.97974, 22.71832]},
			"faces": {
				"north": {"uv": [5.75, 5.5625, 5.9375, 5.625], "texture": "#4"},
				"east": {"uv": [6.1875, 2, 6.375, 2.0625], "texture": "#4"},
				"south": {"uv": [0.75, 6.8125, 0.9375, 6.875], "texture": "#4"},
				"west": {"uv": [3.25, 6.875, 3.4375, 6.9375], "texture": "#4"},
				"up": {"uv": [3.0625, 6.625, 2.875, 6.4375], "texture": "#4"},
				"down": {"uv": [8.1875, 7.0625, 8, 7.25], "texture": "#4"}
			}
		}
	],
	"display": {
		"thirdperson_righthand": {
			"rotation": [67.25, 0, 0],
			"translation": [0.5, 3.75, 5.25],
			"scale": [0.84, 0.82, 0.79]
		},
		"thirdperson_lefthand": {
			"rotation": [67.25, 0, 0],
			"translation": [0.5, 3.75, 5.25],
			"scale": [0.84, 0.82, 0.79]
		},
		"firstperson_righthand": {
			"translation": [1.25, 3.5, 0],
			"scale": [0.52, 0.53, 0.54]
		},
		"firstperson_lefthand": {
			"translation": [1.25, 3.5, 0],
			"scale": [0.52, 0.53, 0.54]
		},
		"ground": {
			"translation": [0, 10.75, 0],
			"scale": [0.82, 0.86, 0.87]
		},
		"gui": {
			"rotation": [-180, 64.5, 180],
			"translation": [-1.25, 0, 0],
			"scale": [0.53, 0.51, 0.5]
		},
		"head": {
			"rotation": [23, 0, 0],
			"translation": [0, 7.75, -1],
			"scale": [1.55, 1.55, 1.5]
		},
		"fixed": {
			"rotation": [-36.5, 0, 0],
			"translation": [0.5, 1.5, -22.75],
			"scale": [2.7, 2.73, 2.78]
		}
	},
	"groups": [
		{
			"name": "head",
			"origin": [0, 2.23, 0.685],
			"color": 0,
			"children": [
				0,
				1,
				2,
				3,
				4,
				5,
				6,
				7,
				8,
				9,
				10,
				11,
				12,
				13,
				14,
				15,
				16,
				17,
				{
					"name": "mouth",
					"origin": [0, -30.7632, -6.6288],
					"color": 0,
					"children": [18]
				}
			]
		}
	]
}