{
	"credit": "Made with Blockbench",
	"texture_size": [256, 256],
	"textures": {
		"1": "item/materials/cursed_dragon"
	},
	"elements": [
		{
			"from": [0.90134, 20.65434, 7.25485],
			"to": [4.10234, 24.6556, 20.05887],
			"rotation": {"angle": -45, "axis": "x", "origin": [8.1036, 9.19182, 31.30009]},
			"faces": {
				"north": {"uv": [6.375, 12.4375, 6.5, 12.59375], "texture": "#1"},
				"east": {"uv": [12, 1.6875, 12.5, 1.84375], "texture": "#1"},
				"south": {"uv": [6.5, 12.4375, 6.625, 12.59375], "texture": "#1"},
				"west": {"uv": [12, 1.875, 12.5, 2.03125], "texture": "#1"},
				"up": {"uv": [9.5, 12.375, 9.375, 11.875], "texture": "#1"},
				"down": {"uv": [5.6875, 11.9375, 5.5625, 12.4375], "texture": "#1"}
			}
		},
		{
			"from": [19.05763, 6.81209, 22.66835],
			"to": [19.05763, 9.21285, 30.67086],
			"rotation": {"angle": 22.5, "axis": "y", "origin": [8.1036, 9.19182, 31.30009]},
			"faces": {
				"north": {"uv": [0, 0, 0, 0.09375], "texture": "#1"},
				"east": {"uv": [12.375, 2.1875, 12.6875, 2.28125], "texture": "#1"},
				"south": {"uv": [0, 0, 0, 0.09375], "texture": "#1"},
				"west": {"uv": [12.6875, 2.1875, 12.375, 2.28125], "texture": "#1"},
				"up": {"uv": [0, 0.3125, 0, 0], "texture": "#1"},
				"down": {"uv": [0, 0, 0, 0.3125], "texture": "#1"}
			}
		},
		{
			"from": [18.25738, 6.81209, 19.46734],
			"to": [19.85788, 9.21285, 22.66835],
			"rotation": {"angle": 22.5, "axis": "y", "origin": [8.1036, 9.19182, 31.30009]},
			"faces": {
				"north": {"uv": [11.9375, 12.625, 12, 12.71875], "texture": "#1"},
				"east": {"uv": [6.625, 12.5625, 6.75, 12.65625], "texture": "#1"},
				"south": {"uv": [12.625, 12, 12.6875, 12.09375], "texture": "#1"},
				"west": {"uv": [12.5625, 6.6875, 12.6875, 6.78125], "texture": "#1"},
				"up": {"uv": [12.1875, 8.1875, 12.125, 8.0625], "texture": "#1"},
				"down": {"uv": [5.75, 12.1875, 5.6875, 12.3125], "texture": "#1"}
			}
		},
		{
			"from": [2.50184, 5.3321, 5.74256],
			"to": [13.70536, 14.93512, 18.54658],
			"rotation": {"angle": -22.5, "axis": "x", "origin": [8.1036, 9.19182, 31.30009]},
			"faces": {
				"north": {"uv": [11.5625, 3.9375, 12, 4.3125], "texture": "#1"},
				"east": {"uv": [9, 11.5, 9.5, 11.875], "texture": "#1"},
				"south": {"uv": [11.625, 3.0625, 12.0625, 3.4375], "texture": "#1"},
				"west": {"uv": [11.5625, 0, 12.0625, 0.375], "texture": "#1"},
				"up": {"uv": [11.5625, 3.1875, 11.125, 2.6875], "texture": "#1"},
				"down": {"uv": [11.625, 10.125, 11.1875, 10.625], "texture": "#1"}
			}
		},
		{
			"from": [2.50184, -4.27092, 5.74256],
			"to": [13.70536, 5.3321, 18.54658],
			"rotation": {"angle": -22.5, "axis": "x", "origin": [8.1036, 9.19182, 31.30009]},
			"faces": {
				"north": {"uv": [11.625, 4.625, 12.0625, 5], "texture": "#1"},
				"east": {"uv": [11.5625, 0.875, 12.0625, 1.25], "texture": "#1"},
				"south": {"uv": [11.625, 6.9375, 12.0625, 7.3125], "texture": "#1"},
				"west": {"uv": [11.5625, 2.6875, 12.0625, 3.0625], "texture": "#1"},
				"up": {"uv": [11.75, 9.4375, 11.3125, 8.9375], "texture": "#1"},
				"down": {"uv": [11.8125, 11.1875, 11.375, 11.6875], "texture": "#1"}
			}
		},
		{
			"from": [2.54185, 19.37849, 9.88588],
			"to": [13.66535, 24.27838, 21.71525],
			"rotation": {"angle": -45, "axis": "x", "origin": [8.1036, 9.19182, 31.30009]},
			"faces": {
				"north": {"uv": [9.3125, 7.8125, 9.75, 8], "texture": "#1"},
				"east": {"uv": [7, 9.5625, 7.46875, 9.75], "texture": "#1"},
				"south": {"uv": [11.75, 8.1875, 12.1875, 8.375], "texture": "#1"},
				"west": {"uv": [11.625, 3.4375, 12.09375, 3.625], "texture": "#1"},
				"up": {"uv": [11.9375, 6.90625, 11.5, 6.4375], "texture": "#1"},
				"down": {"uv": [7.375, 11.5, 6.9375, 11.96875], "texture": "#1"}
			}
		},
		{
			"from": [2.50184, 11.73411, -4.66071],
			"to": [4.90259, 14.13486, -2.25995],
			"rotation": {"angle": -22.5, "axis": "x", "origin": [8.1036, 9.19182, 31.30009]},
			"faces": {
				"north": {"uv": [10.9375, 12.5625, 11.03125, 12.65625], "texture": "#1"},
				"east": {"uv": [11.0625, 12.5625, 11.15625, 12.65625], "texture": "#1"},
				"south": {"uv": [11.1875, 12.5625, 11.28125, 12.65625], "texture": "#1"},
				"west": {"uv": [12.5625, 11.25, 12.65625, 11.34375], "texture": "#1"},
				"up": {"uv": [11.40625, 12.65625, 11.3125, 12.5625], "texture": "#1"},
				"down": {"uv": [12.65625, 11.375, 12.5625, 11.46875], "texture": "#1"}
			}
		},
		{
			"from": [12.10486, 20.65434, 7.25485],
			"to": [15.30586, 24.6556, 20.05887],
			"rotation": {"angle": -45, "axis": "x", "origin": [8.1036, 9.19182, 31.30009]},
			"faces": {
				"north": {"uv": [6.125, 12.4375, 6.25, 12.59375], "texture": "#1"},
				"east": {"uv": [11.9375, 6.6875, 12.4375, 6.84375], "texture": "#1"},
				"south": {"uv": [6.25, 12.4375, 6.375, 12.59375], "texture": "#1"},
				"west": {"uv": [1.5625, 12, 2.0625, 12.15625], "texture": "#1"},
				"up": {"uv": [7.875, 10.75, 7.75, 10.25], "texture": "#1"},
				"down": {"uv": [9.125, 10.8125, 9, 11.3125], "texture": "#1"}
			}
		},
		{
			"from": [11.30461, 11.73411, -4.66071],
			"to": [13.70536, 14.13486, -2.25995],
			"rotation": {"angle": -22.5, "axis": "x", "origin": [8.1036, 9.19182, 31.30009]},
			"faces": {
				"north": {"uv": [11.4375, 12.5625, 11.53125, 12.65625], "texture": "#1"},
				"east": {"uv": [12.5625, 11.5, 12.65625, 11.59375], "texture": "#1"},
				"south": {"uv": [12, 12.5625, 12.09375, 12.65625], "texture": "#1"},
				"west": {"uv": [12.125, 12.5625, 12.21875, 12.65625], "texture": "#1"},
				"up": {"uv": [12.34375, 12.65625, 12.25, 12.5625], "texture": "#1"},
				"down": {"uv": [12.46875, 12.5625, 12.375, 12.65625], "texture": "#1"}
			}
		},
		{
			"from": [3.70222, -6.15205, -0.53106],
			"to": [12.50498, -1.35054, 8.27171],
			"rotation": {"angle": -22.5, "axis": "x", "origin": [8.1036, -3.11322, 7.92052]},
			"faces": {
				"north": {"uv": [12, 8.6875, 12.34375, 8.875], "texture": "#1"},
				"east": {"uv": [11, 12, 11.34375, 12.1875], "texture": "#1"},
				"south": {"uv": [12, 11.6875, 12.34375, 11.875], "texture": "#1"},
				"west": {"uv": [12, 11.875, 12.34375, 12.0625], "texture": "#1"},
				"up": {"uv": [8.96875, 12.21875, 8.625, 11.875], "texture": "#1"},
				"down": {"uv": [9.34375, 11.875, 9, 12.21875], "texture": "#1"}
			}
		},
		{
			"from": [3.30209, 8.5331, -3.86046],
			"to": [12.90511, 13.33461, 5.74256],
			"rotation": {"angle": -22.5, "axis": "x", "origin": [8.1036, 9.19182, 31.30009]},
			"faces": {
				"north": {"uv": [12, 2.0625, 12.375, 2.25], "texture": "#1"},
				"east": {"uv": [2.5625, 12, 2.9375, 12.1875], "texture": "#1"},
				"south": {"uv": [2.9375, 12, 3.3125, 12.1875], "texture": "#1"},
				"west": {"uv": [3.3125, 12, 3.6875, 12.1875], "texture": "#1"},
				"up": {"uv": [12.125, 8.1875, 11.75, 7.8125], "texture": "#1"},
				"down": {"uv": [12.125, 8.9375, 11.75, 9.3125], "texture": "#1"}
			}
		},
		{
			"from": [10.10423, 0.29674, 11.72362],
			"to": [14.90574, 6.69875, 16.52513],
			"rotation": {"angle": 22.5, "axis": "x", "origin": [8.1036, 9.19182, 31.30009]},
			"faces": {
				"north": {"uv": [12.125, 6.0625, 12.3125, 6.3125], "texture": "#1"},
				"east": {"uv": [12.125, 7.8125, 12.3125, 8.0625], "texture": "#1"},
				"south": {"uv": [12.125, 8.875, 12.3125, 9.125], "texture": "#1"},
				"west": {"uv": [12.125, 11.25, 12.3125, 11.5], "texture": "#1"},
				"up": {"uv": [12.375, 10.3125, 12.1875, 10.125], "texture": "#1"},
				"down": {"uv": [12.375, 10.3125, 12.1875, 10.5], "texture": "#1"}
			}
		},
		{
			"from": [10.90448, 7.83047, 15.64445],
			"to": [14.10549, 14.23249, 19.64571],
			"rotation": {"angle": 22.5, "axis": "x", "origin": [8.1036, 9.19182, 31.30009]},
			"faces": {
				"north": {"uv": [5.0625, 12.25, 5.1875, 12.5], "texture": "#1"},
				"east": {"uv": [9.9375, 12.1875, 10.09375, 12.4375], "texture": "#1"},
				"south": {"uv": [12.25, 6.3125, 12.375, 6.5625], "texture": "#1"},
				"west": {"uv": [10.125, 12.1875, 10.28125, 12.4375], "texture": "#1"},
				"up": {"uv": [5.6875, 12.59375, 5.5625, 12.4375], "texture": "#1"},
				"down": {"uv": [12.5625, 5.75, 12.4375, 5.90625], "texture": "#1"}
			}
		},
		{
			"from": [11.30461, 20.997, 23.42248],
			"to": [13.70536, 25.79851, 26.62349],
			"rotation": {"angle": -22.5, "axis": "x", "origin": [8.1036, 9.19182, 31.30009]},
			"faces": {
				"north": {"uv": [7.125, 12.4375, 7.21875, 12.625], "texture": "#1"},
				"east": {"uv": [9, 12.375, 9.125, 12.5625], "texture": "#1"},
				"south": {"uv": [7.25, 12.4375, 7.34375, 12.625], "texture": "#1"},
				"west": {"uv": [9.125, 12.375, 9.25, 12.5625], "texture": "#1"},
				"up": {"uv": [12.59375, 12.3125, 12.5, 12.1875], "texture": "#1"},
				"down": {"uv": [4.65625, 12.5625, 4.5625, 12.6875], "texture": "#1"}
			}
		},
		{
			"from": [11.70473, 14.42666, 11.44902],
			"to": [13.30523, 17.62767, 16.25053],
			"rotation": {"angle": 22.5, "axis": "x", "origin": [8.1036, 9.19182, 31.30009]},
			"faces": {
				"north": {"uv": [8.6875, 11.625, 8.625, 11.5], "rotation": 180, "texture": "#1"},
				"east": {"uv": [8.75, 12.375, 8.875, 12.5625], "rotation": 90, "texture": "#1"},
				"south": {"uv": [9.8125, 11.5, 9.75, 11.625], "texture": "#1"},
				"west": {"uv": [8.875, 12.375, 9, 12.5625], "rotation": 270, "texture": "#1"},
				"up": {"uv": [9.125, 11, 9.1875, 11.1875], "texture": "#1"},
				"down": {"uv": [9.125, 10.8125, 9.1875, 11], "rotation": 180, "texture": "#1"}
			}
		},
		{
			"from": [12.10486, 26.93024, 20.96485],
			"to": [12.90511, 31.73175, 24.16586],
			"rotation": {"angle": -22.5, "axis": "x", "origin": [8.1036, 9.19182, 31.30009]},
			"faces": {
				"north": {"uv": [3.625, 12.4375, 3.65625, 12.625], "texture": "#1"},
				"east": {"uv": [8.625, 12.375, 8.75, 12.5625], "texture": "#1"},
				"south": {"uv": [11.8125, 12.5, 11.84375, 12.6875], "texture": "#1"},
				"west": {"uv": [12.375, 8.6875, 12.5, 8.875], "texture": "#1"},
				"up": {"uv": [12.65625, 12.5, 12.625, 12.375], "texture": "#1"},
				"down": {"uv": [12.53125, 12.625, 12.5, 12.75], "texture": "#1"}
			}
		},
		{
			"from": [12.50498, 17.82184, 8.05384],
			"to": [12.50498, 24.22385, 12.0551],
			"rotation": {"angle": 22.5, "axis": "x", "origin": [8.1036, 9.19182, 31.30009]},
			"faces": {
				"north": {"uv": [0, 0, 0, 0.25], "texture": "#1"},
				"east": {"uv": [7.1875, 12.1875, 7.34375, 12.4375], "texture": "#1"},
				"south": {"uv": [0, 0, 0, 0.25], "texture": "#1"},
				"west": {"uv": [7.34375, 12.1875, 7.1875, 12.4375], "texture": "#1"},
				"up": {"uv": [0, 0.15625, 0, 0], "texture": "#1"},
				"down": {"uv": [0, 0, 0, 0.15625], "texture": "#1"}
			}
		},
		{
			"from": [10.50435, 16.4701, 15.69457],
			"to": [14.50561, 21.27161, 22.09658],
			"rotation": {"angle": -22.5, "axis": "x", "origin": [8.1036, 9.19182, 31.30009]},
			"faces": {
				"north": {"uv": [12.53125, 0.875, 12.375, 1.0625], "rotation": 180, "texture": "#1"},
				"east": {"uv": [12.125, 3.3125, 12.3125, 3.5625], "rotation": 270, "texture": "#1"},
				"south": {"uv": [0.59375, 12.5625, 0.4375, 12.375], "texture": "#1"},
				"west": {"uv": [12.125, 5.8125, 12.3125, 6.0625], "rotation": 90, "texture": "#1"},
				"up": {"uv": [12.1875, 5.375, 12.34375, 5.625], "rotation": 180, "texture": "#1"},
				"down": {"uv": [7, 12.1875, 7.15625, 12.4375], "texture": "#1"}
			}
		},
		{
			"from": [1.30146, 0.29674, 11.72362],
			"to": [6.10297, 6.69875, 16.52513],
			"rotation": {"angle": 22.5, "axis": "x", "origin": [8.1036, 9.19182, 31.30009]},
			"faces": {
				"north": {"uv": [10.8125, 8.9375, 11, 9.1875], "texture": "#1"},
				"east": {"uv": [5.0625, 12, 5.25, 12.25], "texture": "#1"},
				"south": {"uv": [12.0625, 6.875, 12.25, 7.125], "texture": "#1"},
				"west": {"uv": [12, 12.0625, 12.1875, 12.3125], "texture": "#1"},
				"up": {"uv": [9.1875, 11.5, 9, 11.3125], "texture": "#1"},
				"down": {"uv": [12.375, 5.625, 12.1875, 5.8125], "texture": "#1"}
			}
		},
		{
			"from": [2.10171, 7.83047, 15.64445],
			"to": [5.30272, 14.23249, 19.64571],
			"rotation": {"angle": 22.5, "axis": "x", "origin": [8.1036, 9.19182, 31.30009]},
			"faces": {
				"north": {"uv": [5.75, 11.5, 5.875, 11.75], "texture": "#1"},
				"east": {"uv": [3.3125, 12.1875, 3.46875, 12.4375], "texture": "#1"},
				"south": {"uv": [1.9375, 12.1875, 2.0625, 12.4375], "texture": "#1"},
				"west": {"uv": [3.5, 12.1875, 3.65625, 12.4375], "texture": "#1"},
				"up": {"uv": [5.3125, 12.59375, 5.1875, 12.4375], "texture": "#1"},
				"down": {"uv": [5.4375, 12.4375, 5.3125, 12.59375], "texture": "#1"}
			}
		},
		{
			"from": [2.50184, 20.997, 23.42248],
			"to": [4.90259, 25.79851, 26.62349],
			"rotation": {"angle": -22.5, "axis": "x", "origin": [8.1036, 9.19182, 31.30009]},
			"faces": {
				"north": {"uv": [12.4375, 6.6875, 12.53125, 6.875], "texture": "#1"},
				"east": {"uv": [8.25, 12.375, 8.375, 12.5625], "texture": "#1"},
				"south": {"uv": [7, 12.4375, 7.09375, 12.625], "texture": "#1"},
				"west": {"uv": [8.5, 12.375, 8.625, 12.5625], "texture": "#1"},
				"up": {"uv": [12.59375, 6.6875, 12.5, 6.5625], "texture": "#1"},
				"down": {"uv": [12.59375, 11.125, 12.5, 11.25], "texture": "#1"}
			}
		},
		{
			"from": [2.90197, 14.42666, 11.44902],
			"to": [4.50247, 17.62767, 16.25053],
			"rotation": {"angle": 22.5, "axis": "x", "origin": [8.1036, 9.19182, 31.30009]},
			"faces": {
				"north": {"uv": [9.1875, 11.3125, 9.125, 11.1875], "rotation": 180, "texture": "#1"},
				"east": {"uv": [12.375, 8.0625, 12.5, 8.25], "rotation": 90, "texture": "#1"},
				"south": {"uv": [11.5, 1.4375, 11.4375, 1.5625], "texture": "#1"},
				"west": {"uv": [8.125, 12.375, 8.25, 12.5625], "rotation": 270, "texture": "#1"},
				"up": {"uv": [8.9375, 10.8125, 9, 11], "texture": "#1"},
				"down": {"uv": [9.8125, 10.4375, 9.875, 10.625], "rotation": 180, "texture": "#1"}
			}
		},
		{
			"from": [3.30209, 26.93024, 20.96485],
			"to": [4.10234, 31.73175, 24.16586],
			"rotation": {"angle": -22.5, "axis": "x", "origin": [8.1036, 9.19182, 31.30009]},
			"faces": {
				"north": {"uv": [11.3125, 12.1875, 11.34375, 12.375], "texture": "#1"},
				"east": {"uv": [4.1875, 12.375, 4.3125, 12.5625], "texture": "#1"},
				"south": {"uv": [5.6875, 12.3125, 5.71875, 12.5], "texture": "#1"},
				"west": {"uv": [8, 12.375, 8.125, 12.5625], "texture": "#1"},
				"up": {"uv": [12.65625, 12.25, 12.625, 12.125], "texture": "#1"},
				"down": {"uv": [12.65625, 12.25, 12.625, 12.375], "texture": "#1"}
			}
		},
		{
			"from": [3.70222, 17.82184, 8.05384],
			"to": [3.70222, 24.22385, 12.0551],
			"rotation": {"angle": 22.5, "axis": "x", "origin": [8.1036, 9.19182, 31.30009]},
			"faces": {
				"north": {"uv": [0, 0, 0, 0.25], "texture": "#1"},
				"east": {"uv": [3.28125, 12.1875, 3.125, 12.4375], "texture": "#1"},
				"south": {"uv": [0, 0, 0, 0.25], "texture": "#1"},
				"west": {"uv": [3.125, 12.1875, 3.28125, 12.4375], "texture": "#1"},
				"up": {"uv": [0, 0.15625, 0, 0], "texture": "#1"},
				"down": {"uv": [0, 0, 0, 0.15625], "texture": "#1"}
			}
		},
		{
			"from": [1.70159, 16.4701, 15.69457],
			"to": [5.70285, 21.27161, 22.09658],
			"rotation": {"angle": -22.5, "axis": "x", "origin": [8.1036, 9.19182, 31.30009]},
			"faces": {
				"north": {"uv": [0.40625, 12.375, 0.25, 12.5625], "rotation": 180, "texture": "#1"},
				"east": {"uv": [9.75, 2.6875, 9.9375, 2.9375], "rotation": 270, "texture": "#1"},
				"south": {"uv": [12.53125, 0.3125, 12.375, 0.125], "texture": "#1"},
				"west": {"uv": [7.875, 9.8125, 8.0625, 10.0625], "rotation": 90, "texture": "#1"},
				"up": {"uv": [2.5625, 12.1875, 2.71875, 12.4375], "rotation": 180, "texture": "#1"},
				"down": {"uv": [2.75, 12.1875, 2.90625, 12.4375], "texture": "#1"}
			}
		},
		{
			"from": [19.05763, 2.3729, 22.74641],
			"to": [19.05763, 4.77365, 29.14842],
			"rotation": {"angle": 22.5, "axis": "y", "origin": [8.1036, 9.19182, 31.30009]},
			"faces": {
				"north": {"uv": [0, 0, 0, 0.09375], "texture": "#1"},
				"east": {"uv": [12.375, 10.125, 12.625, 10.21875], "texture": "#1"},
				"south": {"uv": [0, 0, 0, 0.09375], "texture": "#1"},
				"west": {"uv": [12.625, 10.125, 12.375, 10.21875], "texture": "#1"},
				"up": {"uv": [0, 0.25, 0, 0], "texture": "#1"},
				"down": {"uv": [0, 0, 0, 0.25], "texture": "#1"}
			}
		},
		{
			"from": [18.25738, 2.3729, 19.5454],
			"to": [19.85788, 4.77365, 22.74641],
			"rotation": {"angle": 22.5, "axis": "y", "origin": [8.1036, 9.19182, 31.30009]},
			"faces": {
				"north": {"uv": [11.875, 12.625, 11.9375, 12.71875], "texture": "#1"},
				"east": {"uv": [12.5625, 6.0625, 12.6875, 6.15625], "texture": "#1"},
				"south": {"uv": [12.625, 11.875, 12.6875, 11.96875], "texture": "#1"},
				"west": {"uv": [12.5625, 6.1875, 12.6875, 6.28125], "texture": "#1"},
				"up": {"uv": [12.125, 3.4375, 12.0625, 3.3125], "texture": "#1"},
				"down": {"uv": [5.75, 12.0625, 5.6875, 12.1875], "texture": "#1"}
			}
		},
		{
			"from": [19.05763, -0.85088, 22.82147],
			"to": [19.05763, 1.54987, 27.62298],
			"rotation": {"angle": 22.5, "axis": "y", "origin": [8.1036, 9.19182, 31.30009]},
			"faces": {
				"north": {"uv": [0, 0, 0, 0.09375], "texture": "#1"},
				"east": {"uv": [12.4375, 5.9375, 12.625, 6.03125], "texture": "#1"},
				"south": {"uv": [0, 0, 0, 0.09375], "texture": "#1"},
				"west": {"uv": [12.625, 5.9375, 12.4375, 6.03125], "texture": "#1"},
				"up": {"uv": [0, 0.1875, 0, 0], "texture": "#1"},
				"down": {"uv": [0, 0, 0, 0.1875], "texture": "#1"}
			}
		},
		{
			"from": [18.25738, -0.85088, 19.62046],
			"to": [19.85788, 1.54987, 22.82147],
			"rotation": {"angle": 22.5, "axis": "y", "origin": [8.1036, 9.19182, 31.30009]},
			"faces": {
				"north": {"uv": [12.625, 11.625, 12.6875, 11.71875], "texture": "#1"},
				"east": {"uv": [5.8125, 12.5625, 5.9375, 12.65625], "texture": "#1"},
				"south": {"uv": [12.625, 11.75, 12.6875, 11.84375], "texture": "#1"},
				"west": {"uv": [5.9375, 12.5625, 6.0625, 12.65625], "texture": "#1"},
				"up": {"uv": [10.4375, 11.9375, 10.375, 11.8125], "texture": "#1"},
				"down": {"uv": [5.75, 11.9375, 5.6875, 12.0625], "texture": "#1"}
			}
		},
		{
			"from": [-3.65068, 6.81209, 19.46734],
			"to": [-2.05018, 9.21285, 22.66835],
			"rotation": {"angle": -22.5, "axis": "y", "origin": [8.1036, 9.19182, 31.30009]},
			"faces": {
				"north": {"uv": [10.25, 12.625, 10.3125, 12.71875], "texture": "#1"},
				"east": {"uv": [5.6875, 12.5625, 5.8125, 12.65625], "texture": "#1"},
				"south": {"uv": [12.625, 11.125, 12.6875, 11.21875], "texture": "#1"},
				"west": {"uv": [12.5625, 5.75, 12.6875, 5.84375], "texture": "#1"},
				"up": {"uv": [9.8125, 11.75, 9.75, 11.625], "texture": "#1"},
				"down": {"uv": [8.6875, 11.75, 8.625, 11.875], "texture": "#1"}
			}
		},
		{
			"from": [-2.85043, 6.81209, 22.66835],
			"to": [-2.85043, 9.21285, 30.67086],
			"rotation": {"angle": -22.5, "axis": "y", "origin": [8.1036, 9.19182, 31.30009]},
			"faces": {
				"north": {"uv": [0, 0, 0, 0.09375], "texture": "#1"},
				"east": {"uv": [12.6875, 2.0625, 12.375, 2.15625], "texture": "#1"},
				"south": {"uv": [0, 0, 0, 0.09375], "texture": "#1"},
				"west": {"uv": [12.375, 2.0625, 12.6875, 2.15625], "texture": "#1"},
				"up": {"uv": [0, 0.3125, 0, 0], "texture": "#1"},
				"down": {"uv": [0, 0, 0, 0.3125], "texture": "#1"}
			}
		},
		{
			"from": [-3.65068, 2.3729, 19.5454],
			"to": [-2.05018, 4.77365, 22.74641],
			"rotation": {"angle": -22.5, "axis": "y", "origin": [8.1036, 9.19182, 31.30009]},
			"faces": {
				"north": {"uv": [3.625, 12.625, 3.6875, 12.71875], "texture": "#1"},
				"east": {"uv": [12.5625, 4.6875, 12.6875, 4.78125], "texture": "#1"},
				"south": {"uv": [6.5625, 12.625, 6.625, 12.71875], "texture": "#1"},
				"west": {"uv": [5.4375, 12.5625, 5.5625, 12.65625], "texture": "#1"},
				"up": {"uv": [11.625, 10.875, 11.5625, 10.75], "texture": "#1"},
				"down": {"uv": [8.6875, 11.625, 8.625, 11.75], "texture": "#1"}
			}
		},
		{
			"from": [-2.85043, 2.3729, 22.74641],
			"to": [-2.85043, 4.77365, 29.14842],
			"rotation": {"angle": -22.5, "axis": "y", "origin": [8.1036, 9.19182, 31.30009]},
			"faces": {
				"north": {"uv": [0, 0, 0, 0.09375], "texture": "#1"},
				"east": {"uv": [9.625, 12.375, 9.375, 12.46875], "texture": "#1"},
				"south": {"uv": [0, 0, 0, 0.09375], "texture": "#1"},
				"west": {"uv": [9.375, 12.375, 9.625, 12.46875], "texture": "#1"},
				"up": {"uv": [0, 0.25, 0, 0], "texture": "#1"},
				"down": {"uv": [0, 0, 0, 0.25], "texture": "#1"}
			}
		},
		{
			"from": [-3.65068, -0.85088, 19.62046],
			"to": [-2.05018, 1.54987, 22.82147],
			"rotation": {"angle": -22.5, "axis": "y", "origin": [8.1036, 9.19182, 31.30009]},
			"faces": {
				"north": {"uv": [10.3125, 12.1875, 10.375, 12.28125], "texture": "#1"},
				"east": {"uv": [12.5625, 4.5625, 12.6875, 4.65625], "texture": "#1"},
				"south": {"uv": [1.5, 12.3125, 1.5625, 12.40625], "texture": "#1"},
				"west": {"uv": [4.6875, 12.5625, 4.8125, 12.65625], "texture": "#1"},
				"up": {"uv": [11.625, 3.1875, 11.5625, 3.0625], "texture": "#1"},
				"down": {"uv": [11.625, 10.625, 11.5625, 10.75], "texture": "#1"}
			}
		},
		{
			"from": [-2.85043, -0.85088, 22.82147],
			"to": [-2.85043, 1.54987, 27.62298],
			"rotation": {"angle": -22.5, "axis": "y", "origin": [8.1036, 9.19182, 31.30009]},
			"faces": {
				"north": {"uv": [0, 0, 0, 0.09375], "texture": "#1"},
				"east": {"uv": [6.9375, 11.875, 6.75, 11.96875], "texture": "#1"},
				"south": {"uv": [0, 0, 0, 0.09375], "texture": "#1"},
				"west": {"uv": [6.75, 11.875, 6.9375, 11.96875], "texture": "#1"},
				"up": {"uv": [0, 0.1875, 0, 0], "texture": "#1"},
				"down": {"uv": [0, 0, 0, 0.1875], "texture": "#1"}
			}
		},
		{
			"from": [4.10234, -11.40425, 7.81282],
			"to": [12.10486, -2.60149, 11.01383],
			"rotation": {"angle": 22.5, "axis": "x", "origin": [8.1036, -1.99458, 8.92729]},
			"faces": {
				"north": {"uv": [10.6875, 12.28125, 10.375, 11.9375], "rotation": 180, "texture": "#1"},
				"east": {"uv": [9.5, 4.625, 9.84375, 4.75], "rotation": 90, "texture": "#1"},
				"south": {"uv": [11, 11.9375, 10.6875, 12.28125], "texture": "#1"},
				"west": {"uv": [7.875, 10.6875, 8.21875, 10.8125], "rotation": 270, "texture": "#1"},
				"up": {"uv": [11.125, 1.4375, 11.4375, 1.5625], "texture": "#1"},
				"down": {"uv": [9.9375, 3.9375, 10.25, 4.0625], "rotation": 180, "texture": "#1"}
			}
		},
		{
			"from": [4.50247, -11.00413, 4.61182],
			"to": [11.70473, -3.00161, 7.81282],
			"rotation": {"angle": 22.5, "axis": "x", "origin": [8.1036, -1.99458, 8.92729]},
			"faces": {
				"north": {"uv": [0.90625, 12.3125, 0.625, 12], "rotation": 180, "texture": "#1"},
				"east": {"uv": [12.0625, 4.875, 12.375, 5], "rotation": 90, "texture": "#1"},
				"south": {"uv": [1.21875, 12, 0.9375, 12.3125], "texture": "#1"},
				"west": {"uv": [12.0625, 7.125, 12.375, 7.25], "rotation": 270, "texture": "#1"},
				"up": {"uv": [12.125, 11.5, 12.40625, 11.625], "texture": "#1"},
				"down": {"uv": [12.125, 9.125, 12.40625, 9.25], "rotation": 180, "texture": "#1"}
			}
		},
		{
			"from": [4.10234, -11.40425, 11.01383],
			"to": [12.10486, -2.60149, 15.81534],
			"rotation": {"angle": 22.5, "axis": "x", "origin": [8.1036, -1.99458, 8.92729]},
			"faces": {
				"north": {"uv": [0.3125, 12.34375, 0, 12], "rotation": 180, "texture": "#1"},
				"east": {"uv": [12, 4.1875, 12.34375, 4.375], "rotation": 90, "texture": "#1"},
				"south": {"uv": [0.625, 12, 0.3125, 12.34375], "texture": "#1"},
				"west": {"uv": [7, 12, 7.34375, 12.1875], "rotation": 270, "texture": "#1"},
				"up": {"uv": [12.0625, 0.1875, 12.375, 0.375], "texture": "#1"},
				"down": {"uv": [12.0625, 0, 12.375, 0.1875], "rotation": 180, "texture": "#1"}
			}
		}
	],
	"display": {
		"thirdperson_righthand": {
			"rotation": [44.5, 0, 0],
			"translation": [0.5, 0.75, 0],
			"scale": [0.44, 0.42, 0.39]
		},
		"thirdperson_lefthand": {
			"rotation": [44.5, 0, 0],
			"translation": [0.5, 0.75, 0],
			"scale": [0.44, 0.42, 0.39]
		},
		"firstperson_righthand": {
			"translation": [2.25, 4.5, 0],
			"scale": [0.34, 0.34, 0.39]
		},
		"firstperson_lefthand": {
			"translation": [2.25, 4.5, 0],
			"scale": [0.34, 0.34, 0.39]
		},
		"ground": {
			"translation": [0, 16.5, 0],
			"scale": [0.82, 0.83, 0.83]
		},
		"gui": {
			"rotation": [-180, 59, -180],
			"translation": [-1.75, 0, 0],
			"scale": [0.35, 0.34, 0.35]
		},
		"head": {
			"rotation": [21.25, 0, 0],
			"translation": [0, 8.75, -3.5],
			"scale": [1.26, 1.26, 1.29]
		},
		"fixed": {
			"rotation": [-19.5, 0, 0],
			"translation": [-1, 9, -30],
			"scale": [2.3, 2.34, 2.42]
		}
	},
	"groups": [
		{
			"name": "head",
			"origin": [0.052, -0.1668, 0.4664],
			"color": 0,
			"children": [
				0,
				1,
				2,
				3,
				4,
				5,
				6,
				7,
				8,
				9,
				10,
				11,
				12,
				13,
				14,
				15,
				16,
				17,
				18,
				19,
				20,
				21,
				22,
				23,
				24,
				25,
				26,
				27,
				28,
				29,
				30,
				31,
				32,
				33,
				34,
				{
					"name": "mouth",
					"origin": [1.91144, -18.5483, -7.183],
					"color": 0,
					"children": [35, 36, 37]
				}
			]
		}
	]
}