{
	"credit": "Made with Blockbench",
	"texture_size": [32, 32],
	"textures": {
		"0": "custom/elitecreatures/curseddragon/skullprojectile",
		"particle": "custom/elitecreatures/curseddragon/skullprojectile"
	},
	"elements": [
		{
			"from": [-10.72, 0, -12.28],
			"to": [20.48, 31.2, 18.92],
			"rotation": {"angle": 0, "axis": "x", "origin": [-48.16, -31.2, -37.24]},
			"faces": {
				"north": {"uv": [0, 0, 2.5, 2.5], "texture": "#0"},
				"east": {"uv": [5, 2.5, 2.5, 5], "texture": "#0"},
				"south": {"uv": [2.5, 0, 5, 2.5], "texture": "#0"},
				"west": {"uv": [2.5, 2.5, 5, 5], "texture": "#0"},
				"up": {"uv": [2.5, 7.5, 0, 5], "texture": "#0"},
				"down": {"uv": [7.5, 0, 5, 2.5], "texture": "#0"}
			}
		},
		{
			"from": [-10.72, -6.24, -12.28],
			"to": [20.48, 0, -12.28],
			"rotation": {"angle": 0, "axis": "x", "origin": [-48.16, -31.2, -37.24]},
			"faces": {
				"north": {"uv": [5.5, 6, 8, 6.5], "texture": "#0"},
				"east": {"uv": [0, 0, 0, 0.5], "texture": "#0"},
				"south": {"uv": [8, 6, 5.5, 6.5], "texture": "#0"},
				"west": {"uv": [0, 0, 0, 0.5], "texture": "#0"},
				"up": {"uv": [2.5, 0, 0, 0], "texture": "#0"},
				"down": {"uv": [2.5, 0, 0, 0], "texture": "#0"}
			}
		},
		{
			"from": [-4.48, -12.48, -12.28],
			"to": [14.24, 0, 6.44],
			"rotation": {"angle": -45, "axis": "x", "origin": [8, 0, 6.44]},
			"faces": {
				"north": {"uv": [4, 5, 5.5, 6], "texture": "#0"},
				"east": {"uv": [5.5, 6, 4, 7], "texture": "#0"},
				"south": {"uv": [5.5, 5, 7, 6], "texture": "#0"},
				"west": {"uv": [4, 6, 5.5, 7], "texture": "#0"},
				"up": {"uv": [4, 6.5, 2.5, 5], "texture": "#0"},
				"down": {"uv": [6.5, 2.5, 5, 4], "texture": "#0"}
			}
		},
		{
			"from": [-4.48, 0, -12.28],
			"to": [14.24, 6.24, -12.28],
			"rotation": {"angle": -45, "axis": "x", "origin": [8, 0, 6.44]},
			"faces": {
				"north": {"uv": [6.5, 4.5, 8, 5], "texture": "#0"},
				"east": {"uv": [0, 0, 0, 0.5], "texture": "#0"},
				"south": {"uv": [8, 4.5, 6.5, 5], "texture": "#0"},
				"west": {"uv": [0, 0, 0, 0.5], "texture": "#0"},
				"up": {"uv": [1.5, 0, 0, 0], "texture": "#0"},
				"down": {"uv": [1.5, 0, 0, 0], "texture": "#0"}
			}
		}
	],
	"display": {
		"thirdperson_righthand": {
			"translation": [0.75, 0, 0]
		},
		"thirdperson_lefthand": {
			"translation": [-0.75, 0, 0]
		},
		"firstperson_righthand": {
			"translation": [6.75, 3.25, 0]
		},
		"firstperson_lefthand": {
			"translation": [6.75, 3.25, 0]
		},
		"ground": {
			"translation": [0, 4.5, 0],
			"scale": [0.88, 0.87, 0.86]
		},
		"gui": {
			"rotation": [-180, 21.75, -180],
			"translation": [0, 3.25, 0]
		},
		"head": {
			"rotation": [1.25, 0, 0],
			"translation": [10.75, 55, 3.75],
			"scale": [4, 4, 4]
		},
		"fixed": {
			"translation": [1.5, 4, -4.75],
			"scale": [4, 4, 4]
		}
	}
}