{
	"credit": "Made with Blockbench",
	"textures": {
		"0": "item/materials/summonamethystdragon",
		"particle": "item/materials/summonamethystdragon"
	},
	"elements": [
		{
			"from": [5, 0, 9],
			"to": [10, 5, 9],
			"rotation": {"angle": 0, "axis": "y", "origin": [12, 8, 17]},
			"faces": {
				"north": {"uv": [4.75, 5, 0, 10], "texture": "#0"},
				"east": {"uv": [0, 0, 0, 5], "texture": "#0"},
				"south": {"uv": [0, 5, 4.75, 10], "texture": "#0"},
				"west": {"uv": [0, 0, 0, 5], "texture": "#0"},
				"up": {"uv": [5, 0, 0, 0], "texture": "#0"},
				"down": {"uv": [5, 0, 0, 0], "texture": "#0"}
			}
		}
	],
	"display": {
		"thirdperson_righthand": {
			"translation": [0, 7, 0]
		},
		"thirdperson_lefthand": {
			"translation": [0, 7, 0]
		},
		"firstperson_righthand": {
			"translation": [0, 10, 1.5],
			"scale": [1.15234, 1.11914, 1]
		},
		"firstperson_lefthand": {
			"translation": [-0.75, 10, 1.5],
			"scale": [1.15234, 1.11914, 1]
		},
		"ground": {
			"translation": [0, 6.5, 0],
			"scale": [1.32, 1.32, 1.3]
		},
		"gui": {
			"translation": [1.5, 15, 0],
			"scale": [2.88867, 2.72852, 1]
		},
		"fixed": {
			"translation": [2, 22.25, -5.75],
			"scale": [4, 4, 4]
		}
	}
}