{
  "providers": [
    {
      "type": "space",
      "advances": {
        "": -1,
        "": -2,
        "": -3,
        "": -4,
        "": -5,
        "": -6,
        "": -7,
        "": -8,
        "": -16,
        "": -32,
        "": -64,
        "": -128,
        "": -256,
        "": -512,
        "": -1024,
        "": 1,
        "": 2,
        "": 3,
        "": 4,
        "": 5,
        "": 6,
        "": 7,
        "": 8,
        "": 16,
        "": 32,
        "": 64,
        "": 128,
        "": 256,
        "": 512,
        "": 1024
      }
    }
  ]
}