{
	"credit": "Created by Droobledore with BDcraft Cubik PRO 0.93 Beta. Used with permission in NathanWolf's Magic plugin. Edited by PhvntxmX using BlockBench.",
	"parent": "magic:base/lit",
	"ambientocclusion": false,
	"textures": {
		"texture": "magic:other/wand_wand2"
	},
	"elements": [
		{
			"name": "Nathan2",
			"from": [7.875, 1.125, 7.5],
			"to": [8.125, 1.25, 8.5],
			"faces": {
				"north": {"uv": [7.876, 14.751, 8.124, 14.874], "texture": "#texture"},
				"east": {"uv": [7.501, 14.751, 8.499, 14.874], "texture": "#texture"},
				"south": {"uv": [7.876, 14.751, 8.124, 14.874], "texture": "#texture"},
				"west": {"uv": [7.501, 14.751, 8.499, 14.874], "texture": "#texture"},
				"up": {"uv": [7.501, 7.876, 8.499, 8.124], "rotation": 270, "texture": "#texture"},
				"down": {"uv": [8.499, 8.124, 7.501, 7.876], "rotation": 90, "texture": "#texture"}
			}
		},
		{
			"name": "Nathan2",
			"from": [7.875, 1.5, 7.5],
			"to": [8.125, 2, 8.5],
			"faces": {
				"north": {"uv": [7.876, 14.001, 8.124, 14.499], "texture": "#texture"},
				"east": {"uv": [7.501, 14.001, 8.499, 14.499], "texture": "#texture"},
				"south": {"uv": [7.876, 14.001, 8.124, 14.499], "texture": "#texture"},
				"west": {"uv": [7.501, 14.001, 8.499, 14.499], "texture": "#texture"},
				"up": {"uv": [7.501, 7.876, 8.499, 8.124], "rotation": 270, "texture": "#texture"},
				"down": {"uv": [8.499, 8.124, 7.501, 7.876], "rotation": 90, "texture": "#texture"}
			}
		},
		{
			"name": "Nathan2",
			"from": [7.875, 5.75, 7.5],
			"to": [8.125, 6.375, 8.5],
			"faces": {
				"north": {"uv": [7.876, 9.626, 8.124, 10.249], "texture": "#texture"},
				"east": {"uv": [7.501, 9.626, 8.499, 10.249], "texture": "#texture"},
				"south": {"uv": [7.876, 9.626, 8.124, 10.249], "texture": "#texture"},
				"west": {"uv": [7.501, 9.626, 8.499, 10.249], "texture": "#texture"},
				"up": {"uv": [7.501, 7.876, 8.499, 8.124], "rotation": 270, "texture": "#texture"},
				"down": {"uv": [8.499, 8.124, 7.501, 7.876], "rotation": 90, "texture": "#texture"}
			}
		},
		{
			"name": "Nathan2",
			"from": [7.875, 12.625, 7.5],
			"to": [8.125, 12.75, 8.5],
			"faces": {
				"north": {"uv": [7.876, 3.251, 8.124, 3.374], "texture": "#texture"},
				"east": {"uv": [7.501, 3.251, 8.499, 3.374], "texture": "#texture"},
				"south": {"uv": [7.876, 3.251, 8.124, 3.374], "texture": "#texture"},
				"west": {"uv": [7.501, 3.251, 8.499, 3.374], "texture": "#texture"},
				"up": {"uv": [7.501, 7.876, 8.499, 8.124], "rotation": 270, "texture": "#texture"},
				"down": {"uv": [8.499, 8.124, 7.501, 7.876], "rotation": 90, "texture": "#texture"}
			}
		},
		{
			"name": "Nathan2",
			"from": [6.75, 14.125, 7.625],
			"to": [6.875, 14.375, 8.375],
			"faces": {
				"north": {"uv": [9.126, 1.626, 9.249, 1.874], "texture": "#texture"},
				"east": {"uv": [7.626, 1.626, 8.374, 1.874], "texture": "#texture"},
				"south": {"uv": [6.751, 1.626, 6.874, 1.874], "texture": "#texture"},
				"west": {"uv": [7.626, 1.626, 8.374, 1.874], "texture": "#texture"},
				"up": {"uv": [7.626, 6.751, 8.374, 6.874], "rotation": 270, "texture": "#texture"},
				"down": {"uv": [8.374, 6.874, 7.626, 6.751], "rotation": 90, "texture": "#texture"}
			}
		},
		{
			"name": "Nathan2",
			"from": [6.875, 14, 7.625],
			"to": [7, 14.125, 8.375],
			"faces": {
				"north": {"uv": [9.001, 1.876, 9.124, 1.999], "texture": "#texture"},
				"east": {"uv": [7.626, 1.876, 8.374, 1.999], "texture": "#texture"},
				"south": {"uv": [6.876, 1.876, 6.999, 1.999], "texture": "#texture"},
				"west": {"uv": [7.626, 1.876, 8.374, 1.999], "texture": "#texture"},
				"up": {"uv": [7.626, 6.876, 8.374, 6.999], "rotation": 270, "texture": "#texture"},
				"down": {"uv": [8.374, 6.999, 7.626, 6.876], "rotation": 90, "texture": "#texture"}
			}
		},
		{
			"name": "Nathan2",
			"from": [7, 13.875, 7.625],
			"to": [7.125, 14, 8.375],
			"faces": {
				"north": {"uv": [8.876, 2.001, 8.999, 2.124], "texture": "#texture"},
				"east": {"uv": [7.626, 2.001, 8.374, 2.124], "texture": "#texture"},
				"south": {"uv": [7.001, 2.001, 7.124, 2.124], "texture": "#texture"},
				"west": {"uv": [7.626, 2.001, 8.374, 2.124], "texture": "#texture"},
				"up": {"uv": [7.626, 7.001, 8.374, 7.124], "rotation": 270, "texture": "#texture"},
				"down": {"uv": [8.374, 7.124, 7.626, 7.001], "rotation": 90, "texture": "#texture"}
			}
		},
		{
			"name": "Nathan2",
			"from": [7.125, 13.75, 7.625],
			"to": [7.25, 13.875, 8.375],
			"faces": {
				"north": {"uv": [8.751, 2.126, 8.874, 2.249], "texture": "#texture"},
				"east": {"uv": [7.626, 2.126, 8.374, 2.249], "texture": "#texture"},
				"south": {"uv": [7.126, 2.126, 7.249, 2.249], "texture": "#texture"},
				"west": {"uv": [7.626, 2.126, 8.374, 2.249], "texture": "#texture"},
				"up": {"uv": [7.626, 7.126, 8.374, 7.249], "rotation": 270, "texture": "#texture"},
				"down": {"uv": [8.374, 7.249, 7.626, 7.126], "rotation": 90, "texture": "#texture"}
			}
		},
		{
			"name": "Nathan2",
			"from": [7.25, 13.625, 7.625],
			"to": [7.375, 13.75, 8.375],
			"faces": {
				"north": {"uv": [8.626, 2.251, 8.749, 2.374], "texture": "#texture"},
				"east": {"uv": [7.626, 2.251, 8.374, 2.374], "texture": "#texture"},
				"south": {"uv": [7.251, 2.251, 7.374, 2.374], "texture": "#texture"},
				"west": {"uv": [7.626, 2.251, 8.374, 2.374], "texture": "#texture"},
				"up": {"uv": [7.626, 7.251, 8.374, 7.374], "rotation": 270, "texture": "#texture"},
				"down": {"uv": [8.374, 7.374, 7.626, 7.251], "rotation": 90, "texture": "#texture"}
			}
		},
		{
			"name": "Nathan2",
			"from": [7.375, 13.5, 7.625],
			"to": [7.75, 13.625, 8.375],
			"faces": {
				"north": {"uv": [8.251, 2.376, 8.624, 2.499], "texture": "#texture"},
				"east": {"uv": [7.626, 2.376, 8.374, 2.499], "texture": "#texture"},
				"south": {"uv": [7.376, 2.376, 7.749, 2.499], "texture": "#texture"},
				"west": {"uv": [7.626, 2.376, 8.374, 2.499], "texture": "#texture"},
				"up": {"uv": [7.626, 7.376, 8.374, 7.749], "rotation": 270, "texture": "#texture"},
				"down": {"uv": [8.374, 7.749, 7.626, 7.376], "rotation": 90, "texture": "#texture"}
			}
		},
		{
			"name": "Nathan2",
			"from": [7.75, 1.125, 7.625],
			"to": [7.875, 1.25, 8.375],
			"faces": {
				"north": {"uv": [8.126, 14.751, 8.249, 14.874], "texture": "#texture"},
				"south": {"uv": [7.751, 14.751, 7.874, 14.874], "texture": "#texture"},
				"west": {"uv": [7.626, 14.751, 8.374, 14.874], "texture": "#texture"},
				"up": {"uv": [7.626, 7.751, 8.374, 7.874], "rotation": 270, "texture": "#texture"},
				"down": {"uv": [8.374, 7.874, 7.626, 7.751], "rotation": 90, "texture": "#texture"}
			}
		},
		{
			"name": "Nathan2",
			"from": [7.75, 1.5, 7.625],
			"to": [7.875, 2, 8.375],
			"faces": {
				"north": {"uv": [8.126, 14.001, 8.249, 14.499], "texture": "#texture"},
				"south": {"uv": [7.751, 14.001, 7.874, 14.499], "texture": "#texture"},
				"west": {"uv": [7.626, 14.001, 8.374, 14.499], "texture": "#texture"},
				"up": {"uv": [7.626, 7.751, 8.374, 7.874], "rotation": 270, "texture": "#texture"},
				"down": {"uv": [8.374, 7.874, 7.626, 7.751], "rotation": 90, "texture": "#texture"}
			}
		},
		{
			"name": "Nathan2",
			"from": [7.75, 5.75, 7.625],
			"to": [7.875, 6.375, 8.375],
			"faces": {
				"north": {"uv": [8.126, 9.626, 8.249, 10.249], "texture": "#texture"},
				"south": {"uv": [7.751, 9.626, 7.874, 10.249], "texture": "#texture"},
				"west": {"uv": [7.626, 9.626, 8.374, 10.249], "texture": "#texture"},
				"up": {"uv": [7.626, 7.751, 8.374, 7.874], "rotation": 270, "texture": "#texture"},
				"down": {"uv": [8.374, 7.874, 7.626, 7.751], "rotation": 90, "texture": "#texture"}
			}
		},
		{
			"name": "Nathan2",
			"from": [7.75, 12.625, 7.625],
			"to": [7.875, 12.75, 8.375],
			"faces": {
				"north": {"uv": [8.126, 3.251, 8.249, 3.374], "texture": "#texture"},
				"south": {"uv": [7.751, 3.251, 7.874, 3.374], "texture": "#texture"},
				"west": {"uv": [7.626, 3.251, 8.374, 3.374], "texture": "#texture"},
				"up": {"uv": [7.626, 7.751, 8.374, 7.874], "rotation": 270, "texture": "#texture"},
				"down": {"uv": [8.374, 7.874, 7.626, 7.751], "rotation": 90, "texture": "#texture"}
			}
		},
		{
			"name": "Nathan2",
			"from": [7.875, 0.875, 7.625],
			"to": [8.125, 1.125, 8.375],
			"faces": {
				"north": {"uv": [7.876, 14.876, 8.124, 15.124], "texture": "#texture"},
				"east": {"uv": [7.626, 14.876, 8.374, 15.124], "texture": "#texture"},
				"south": {"uv": [7.876, 14.876, 8.124, 15.124], "texture": "#texture"},
				"west": {"uv": [7.626, 14.876, 8.374, 15.124], "texture": "#texture"},
				"down": {"uv": [8.374, 8.124, 7.626, 7.876], "rotation": 90, "texture": "#texture"}
			}
		},
		{
			"name": "Nathan2",
			"from": [7.875, 1.25, 7.625],
			"to": [8.125, 1.5, 8.375],
			"faces": {
				"north": {"uv": [7.876, 14.501, 8.124, 14.749], "texture": "#texture"},
				"east": {"uv": [7.626, 14.501, 8.374, 14.749], "texture": "#texture"},
				"south": {"uv": [7.876, 14.501, 8.124, 14.749], "texture": "#texture"},
				"west": {"uv": [7.626, 14.501, 8.374, 14.749], "texture": "#texture"}
			}
		},
		{
			"name": "Nathan2",
			"from": [7.875, 2, 7.625],
			"to": [8.125, 2.25, 8.375],
			"faces": {
				"north": {"uv": [7.876, 13.751, 8.124, 13.999], "texture": "#texture"},
				"east": {"uv": [7.626, 13.751, 8.374, 13.999], "texture": "#texture"},
				"south": {"uv": [7.876, 13.751, 8.124, 13.999], "texture": "#texture"},
				"west": {"uv": [7.626, 13.751, 8.374, 13.999], "texture": "#texture"},
				"up": {"uv": [7.626, 7.876, 8.374, 8.124], "rotation": 270, "texture": "#texture"}
			}
		},
		{
			"name": "Nathan2",
			"from": [7.875, 12.25, 7.625],
			"to": [8.125, 12.375, 8.375],
			"faces": {
				"north": {"uv": [7.876, 3.626, 8.124, 3.749], "texture": "#texture"},
				"east": {"uv": [7.626, 3.626, 8.374, 3.749], "texture": "#texture"},
				"south": {"uv": [7.876, 3.626, 8.124, 3.749], "texture": "#texture"},
				"west": {"uv": [7.626, 3.626, 8.374, 3.749], "texture": "#texture"},
				"up": {"uv": [7.626, 7.876, 8.374, 8.124], "rotation": 270, "texture": "#texture"},
				"down": {"uv": [8.374, 8.124, 7.626, 7.876], "rotation": 90, "texture": "#texture"}
			}
		},
		{
			"name": "Nathan2",
			"from": [7.875, 12.75, 7.625],
			"to": [8.125, 13, 8.375],
			"faces": {
				"north": {"uv": [7.876, 3.001, 8.124, 3.249], "texture": "#texture"},
				"east": {"uv": [7.626, 3.001, 8.374, 3.249], "texture": "#texture"},
				"south": {"uv": [7.876, 3.001, 8.124, 3.249], "texture": "#texture"},
				"west": {"uv": [7.626, 3.001, 8.374, 3.249], "texture": "#texture"},
				"up": {"uv": [7.626, 7.876, 8.374, 8.124], "rotation": 270, "texture": "#texture"}
			}
		},
		{
			"name": "Nathan2",
			"from": [7.875, 13.375, 7.625],
			"to": [8.125, 13.5, 8.375],
			"faces": {
				"north": {"uv": [7.876, 2.501, 8.124, 2.624], "texture": "#texture"},
				"east": {"uv": [7.626, 2.501, 8.374, 2.624], "texture": "#texture"},
				"south": {"uv": [7.876, 2.501, 8.124, 2.624], "texture": "#texture"},
				"west": {"uv": [7.626, 2.501, 8.374, 2.624], "texture": "#texture"},
				"up": {"uv": [7.626, 7.876, 8.374, 8.124], "rotation": 270, "texture": "#texture"},
				"down": {"uv": [8.374, 8.124, 7.626, 7.876], "rotation": 90, "texture": "#texture"}
			}
		},
		{
			"name": "Nathan2",
			"from": [8.125, 1.125, 7.625],
			"to": [8.25, 1.25, 8.375],
			"faces": {
				"north": {"uv": [7.751, 14.751, 7.874, 14.874], "texture": "#texture"},
				"east": {"uv": [7.626, 14.751, 8.374, 14.874], "texture": "#texture"},
				"south": {"uv": [8.126, 14.751, 8.249, 14.874], "texture": "#texture"},
				"up": {"uv": [7.626, 8.126, 8.374, 8.249], "rotation": 270, "texture": "#texture"},
				"down": {"uv": [8.374, 8.249, 7.626, 8.126], "rotation": 90, "texture": "#texture"}
			}
		},
		{
			"name": "Nathan2",
			"from": [8.125, 1.5, 7.625],
			"to": [8.25, 2, 8.375],
			"faces": {
				"north": {"uv": [7.751, 14.001, 7.874, 14.499], "texture": "#texture"},
				"east": {"uv": [7.626, 14.001, 8.374, 14.499], "texture": "#texture"},
				"south": {"uv": [8.126, 14.001, 8.249, 14.499], "texture": "#texture"},
				"up": {"uv": [7.626, 8.126, 8.374, 8.249], "rotation": 270, "texture": "#texture"},
				"down": {"uv": [8.374, 8.249, 7.626, 8.126], "rotation": 90, "texture": "#texture"}
			}
		},
		{
			"name": "Nathan2",
			"from": [8.125, 5.75, 7.625],
			"to": [8.25, 6.375, 8.375],
			"faces": {
				"north": {"uv": [7.751, 9.626, 7.874, 10.249], "texture": "#texture"},
				"east": {"uv": [7.626, 9.626, 8.374, 10.249], "texture": "#texture"},
				"south": {"uv": [8.126, 9.626, 8.249, 10.249], "texture": "#texture"},
				"up": {"uv": [7.626, 8.126, 8.374, 8.249], "rotation": 270, "texture": "#texture"},
				"down": {"uv": [8.374, 8.249, 7.626, 8.126], "rotation": 90, "texture": "#texture"}
			}
		},
		{
			"name": "Nathan2",
			"from": [8.125, 12.625, 7.625],
			"to": [8.25, 12.75, 8.375],
			"faces": {
				"north": {"uv": [7.751, 3.251, 7.874, 3.374], "texture": "#texture"},
				"east": {"uv": [7.626, 3.251, 8.374, 3.374], "texture": "#texture"},
				"south": {"uv": [8.126, 3.251, 8.249, 3.374], "texture": "#texture"},
				"up": {"uv": [7.626, 8.126, 8.374, 8.249], "rotation": 270, "texture": "#texture"},
				"down": {"uv": [8.374, 8.249, 7.626, 8.126], "rotation": 90, "texture": "#texture"}
			}
		},
		{
			"name": "Nathan2",
			"from": [8.25, 13.5, 7.625],
			"to": [8.625, 13.625, 8.375],
			"faces": {
				"north": {"uv": [7.376, 2.376, 7.749, 2.499], "texture": "#texture"},
				"east": {"uv": [7.626, 2.376, 8.374, 2.499], "texture": "#texture"},
				"south": {"uv": [8.251, 2.376, 8.624, 2.499], "texture": "#texture"},
				"west": {"uv": [7.626, 2.376, 8.374, 2.499], "texture": "#texture"},
				"up": {"uv": [7.626, 8.251, 8.374, 8.624], "rotation": 270, "texture": "#texture"},
				"down": {"uv": [8.374, 8.624, 7.626, 8.251], "rotation": 90, "texture": "#texture"}
			}
		},
		{
			"name": "Nathan2",
			"from": [8.625, 13.625, 7.625],
			"to": [8.75, 13.75, 8.375],
			"faces": {
				"north": {"uv": [7.251, 2.251, 7.374, 2.374], "texture": "#texture"},
				"east": {"uv": [7.626, 2.251, 8.374, 2.374], "texture": "#texture"},
				"south": {"uv": [8.626, 2.251, 8.749, 2.374], "texture": "#texture"},
				"west": {"uv": [7.626, 2.251, 8.374, 2.374], "texture": "#texture"},
				"up": {"uv": [7.626, 8.626, 8.374, 8.749], "rotation": 270, "texture": "#texture"},
				"down": {"uv": [8.374, 8.749, 7.626, 8.626], "rotation": 90, "texture": "#texture"}
			}
		},
		{
			"name": "Nathan2",
			"from": [8.75, 13.75, 7.625],
			"to": [8.875, 13.875, 8.375],
			"faces": {
				"north": {"uv": [7.126, 2.126, 7.249, 2.249], "texture": "#texture"},
				"east": {"uv": [7.626, 2.126, 8.374, 2.249], "texture": "#texture"},
				"south": {"uv": [8.751, 2.126, 8.874, 2.249], "texture": "#texture"},
				"west": {"uv": [7.626, 2.126, 8.374, 2.249], "texture": "#texture"},
				"up": {"uv": [7.626, 8.751, 8.374, 8.874], "rotation": 270, "texture": "#texture"},
				"down": {"uv": [8.374, 8.874, 7.626, 8.751], "rotation": 90, "texture": "#texture"}
			}
		},
		{
			"name": "Nathan2",
			"from": [8.875, 13.875, 7.625],
			"to": [9, 14, 8.375],
			"faces": {
				"north": {"uv": [7.001, 2.001, 7.124, 2.124], "texture": "#texture"},
				"east": {"uv": [7.626, 2.001, 8.374, 2.124], "texture": "#texture"},
				"south": {"uv": [8.876, 2.001, 8.999, 2.124], "texture": "#texture"},
				"west": {"uv": [7.626, 2.001, 8.374, 2.124], "texture": "#texture"},
				"up": {"uv": [7.626, 8.876, 8.374, 8.999], "rotation": 270, "texture": "#texture"},
				"down": {"uv": [8.374, 8.999, 7.626, 8.876], "rotation": 90, "texture": "#texture"}
			}
		},
		{
			"name": "Nathan2",
			"from": [9, 14, 7.625],
			"to": [9.125, 14.125, 8.375],
			"faces": {
				"north": {"uv": [6.876, 1.876, 6.999, 1.999], "texture": "#texture"},
				"east": {"uv": [7.626, 1.876, 8.374, 1.999], "texture": "#texture"},
				"south": {"uv": [9.001, 1.876, 9.124, 1.999], "texture": "#texture"},
				"west": {"uv": [7.626, 1.876, 8.374, 1.999], "texture": "#texture"},
				"up": {"uv": [7.626, 9.001, 8.374, 9.124], "rotation": 270, "texture": "#texture"},
				"down": {"uv": [8.374, 9.124, 7.626, 9.001], "rotation": 90, "texture": "#texture"}
			}
		},
		{
			"name": "Nathan2",
			"from": [9.125, 14.125, 7.625],
			"to": [9.25, 14.375, 8.375],
			"faces": {
				"north": {"uv": [6.751, 1.626, 6.874, 1.874], "texture": "#texture"},
				"east": {"uv": [7.626, 1.626, 8.374, 1.874], "texture": "#texture"},
				"south": {"uv": [9.126, 1.626, 9.249, 1.874], "texture": "#texture"},
				"west": {"uv": [7.626, 1.626, 8.374, 1.874], "texture": "#texture"},
				"up": {"uv": [7.626, 9.126, 8.374, 9.249], "rotation": 270, "texture": "#texture"},
				"down": {"uv": [8.374, 9.249, 7.626, 9.126], "rotation": 90, "texture": "#texture"}
			}
		},
		{
			"name": "Nathan2",
			"from": [6.625, 14.25, 7.75],
			"to": [6.75, 14.875, 8.25],
			"faces": {
				"north": {"uv": [9.251, 1.126, 9.374, 1.749], "texture": "#texture"},
				"east": {"uv": [7.751, 1.126, 8.249, 1.749], "texture": "#texture"},
				"south": {"uv": [6.626, 1.126, 6.749, 1.749], "texture": "#texture"},
				"west": {"uv": [7.751, 1.126, 8.249, 1.749], "texture": "#texture"},
				"up": {"uv": [7.751, 6.626, 8.249, 6.749], "rotation": 270, "texture": "#texture"},
				"down": {"uv": [8.249, 6.749, 7.751, 6.626], "rotation": 90, "texture": "#texture"}
			}
		},
		{
			"name": "Nathan2",
			"from": [6.75, 14, 7.75],
			"to": [6.875, 14.125, 8.25],
			"faces": {
				"north": {"uv": [9.126, 1.876, 9.249, 1.999], "texture": "#texture"},
				"south": {"uv": [6.751, 1.876, 6.874, 1.999], "texture": "#texture"},
				"west": {"uv": [7.751, 1.876, 8.249, 1.999], "texture": "#texture"},
				"down": {"uv": [8.249, 6.874, 7.751, 6.751], "rotation": 90, "texture": "#texture"}
			}
		},
		{
			"name": "Nathan2",
			"from": [6.75, 14.375, 7.75],
			"to": [6.875, 15.125, 8.25],
			"faces": {
				"north": {"uv": [9.126, 0.876, 9.249, 1.624], "texture": "#texture"},
				"east": {"uv": [7.751, 0.876, 8.249, 1.624], "texture": "#texture"},
				"south": {"uv": [6.751, 0.876, 6.874, 1.624], "texture": "#texture"},
				"west": {"uv": [7.751, 0.876, 8.249, 1.624], "texture": "#texture"},
				"up": {"uv": [7.751, 6.751, 8.249, 6.874], "rotation": 270, "texture": "#texture"}
			}
		},
		{
			"name": "Nathan2",
			"from": [6.875, 13.875, 7.75],
			"to": [7, 14, 8.25],
			"faces": {
				"north": {"uv": [9.001, 2.001, 9.124, 2.124], "texture": "#texture"},
				"south": {"uv": [6.876, 2.001, 6.999, 2.124], "texture": "#texture"},
				"west": {"uv": [7.751, 2.001, 8.249, 2.124], "texture": "#texture"},
				"down": {"uv": [8.249, 6.999, 7.751, 6.876], "rotation": 90, "texture": "#texture"}
			}
		},
		{
			"name": "Nathan2",
			"from": [6.875, 14.125, 7.75],
			"to": [7, 14.375, 8.25],
			"faces": {
				"north": {"uv": [9.001, 1.626, 9.124, 1.874], "texture": "#texture"},
				"east": {"uv": [7.751, 1.626, 8.249, 1.874], "texture": "#texture"},
				"south": {"uv": [6.876, 1.626, 6.999, 1.874], "texture": "#texture"},
				"up": {"uv": [7.751, 6.876, 8.249, 6.999], "rotation": 270, "texture": "#texture"}
			}
		},
		{
			"name": "Nathan2",
			"from": [7, 13.625, 7.75],
			"to": [7.25, 13.75, 8.25],
			"faces": {
				"north": {"uv": [8.751, 2.251, 8.999, 2.374], "texture": "#texture"},
				"south": {"uv": [7.001, 2.251, 7.249, 2.374], "texture": "#texture"},
				"west": {"uv": [7.751, 2.251, 8.249, 2.374], "texture": "#texture"},
				"up": {"uv": [7.751, 7.001, 8.249, 7.249], "rotation": 270, "texture": "#texture"},
				"down": {"uv": [8.249, 7.249, 7.751, 7.001], "rotation": 90, "texture": "#texture"}
			}
		},
		{
			"name": "Nathan2",
			"from": [7, 13.75, 7.75],
			"to": [7.125, 13.875, 8.25],
			"faces": {
				"north": {"uv": [8.876, 2.126, 8.999, 2.249], "texture": "#texture"},
				"south": {"uv": [7.001, 2.126, 7.124, 2.249], "texture": "#texture"},
				"west": {"uv": [7.751, 2.126, 8.249, 2.249], "texture": "#texture"}
			}
		},
		{
			"name": "Nathan2",
			"from": [7, 14, 7.75],
			"to": [7.125, 14.125, 8.25],
			"faces": {
				"north": {"uv": [8.876, 1.876, 8.999, 1.999], "texture": "#texture"},
				"east": {"uv": [7.751, 1.876, 8.249, 1.999], "texture": "#texture"},
				"south": {"uv": [7.001, 1.876, 7.124, 1.999], "texture": "#texture"},
				"up": {"uv": [7.751, 7.001, 8.249, 7.124], "rotation": 270, "texture": "#texture"}
			}
		},
		{
			"name": "Nathan2",
			"from": [7.125, 13.5, 7.75],
			"to": [7.375, 13.625, 8.25],
			"faces": {
				"north": {"uv": [8.626, 2.376, 8.874, 2.499], "texture": "#texture"},
				"south": {"uv": [7.126, 2.376, 7.374, 2.499], "texture": "#texture"},
				"west": {"uv": [7.751, 2.376, 8.249, 2.499], "texture": "#texture"},
				"up": {"uv": [7.751, 7.126, 8.249, 7.374], "rotation": 270, "texture": "#texture"},
				"down": {"uv": [8.249, 7.374, 7.751, 7.126], "rotation": 90, "texture": "#texture"}
			}
		},
		{
			"name": "Nathan2",
			"from": [7.125, 13.875, 7.75],
			"to": [7.25, 14, 8.25],
			"faces": {
				"north": {"uv": [8.751, 2.001, 8.874, 2.124], "texture": "#texture"},
				"east": {"uv": [7.751, 2.001, 8.249, 2.124], "texture": "#texture"},
				"south": {"uv": [7.126, 2.001, 7.249, 2.124], "texture": "#texture"},
				"up": {"uv": [7.751, 7.126, 8.249, 7.249], "rotation": 270, "texture": "#texture"}
			}
		},
		{
			"name": "Nathan2",
			"from": [7.25, 13.75, 7.75],
			"to": [7.375, 13.875, 8.25],
			"faces": {
				"north": {"uv": [8.626, 2.126, 8.749, 2.249], "texture": "#texture"},
				"east": {"uv": [7.751, 2.126, 8.249, 2.249], "texture": "#texture"},
				"south": {"uv": [7.251, 2.126, 7.374, 2.249], "texture": "#texture"},
				"up": {"uv": [7.751, 7.251, 8.249, 7.374], "rotation": 270, "texture": "#texture"}
			}
		},
		{
			"name": "Nathan2",
			"from": [7.375, 13.625, 7.75],
			"to": [7.75, 13.75, 8.25],
			"faces": {
				"north": {"uv": [8.251, 2.251, 8.624, 2.374], "texture": "#texture"},
				"east": {"uv": [7.751, 2.251, 8.249, 2.374], "texture": "#texture"},
				"south": {"uv": [7.376, 2.251, 7.749, 2.374], "texture": "#texture"},
				"up": {"uv": [7.751, 7.376, 8.249, 7.749], "rotation": 270, "texture": "#texture"}
			}
		},
		{
			"name": "Nathan2",
			"from": [7.5, 13.375, 7.75],
			"to": [7.875, 13.5, 8.25],
			"faces": {
				"north": {"uv": [8.126, 2.501, 8.499, 2.624], "texture": "#texture"},
				"south": {"uv": [7.501, 2.501, 7.874, 2.624], "texture": "#texture"},
				"west": {"uv": [7.751, 2.501, 8.249, 2.624], "texture": "#texture"},
				"up": {"uv": [7.751, 7.501, 8.249, 7.874], "rotation": 270, "texture": "#texture"},
				"down": {"uv": [8.249, 7.874, 7.751, 7.501], "rotation": 90, "texture": "#texture"}
			}
		},
		{
			"name": "Nathan2",
			"from": [7.625, 1.125, 7.75],
			"to": [7.75, 1.25, 8.25],
			"faces": {
				"north": {"uv": [8.251, 14.751, 8.374, 14.874], "texture": "#texture"},
				"south": {"uv": [7.626, 14.751, 7.749, 14.874], "texture": "#texture"},
				"west": {"uv": [7.751, 14.751, 8.249, 14.874], "texture": "#texture"},
				"up": {"uv": [7.751, 7.626, 8.249, 7.749], "rotation": 270, "texture": "#texture"},
				"down": {"uv": [8.249, 7.749, 7.751, 7.626], "rotation": 90, "texture": "#texture"}
			}
		},
		{
			"name": "Nathan2",
			"from": [7.625, 1.5, 7.75],
			"to": [7.75, 2, 8.25],
			"faces": {
				"north": {"uv": [8.251, 14.001, 8.374, 14.499], "texture": "#texture"},
				"south": {"uv": [7.626, 14.001, 7.749, 14.499], "texture": "#texture"},
				"west": {"uv": [7.751, 14.001, 8.249, 14.499], "texture": "#texture"},
				"up": {"uv": [7.751, 7.626, 8.249, 7.749], "rotation": 270, "texture": "#texture"},
				"down": {"uv": [8.249, 7.749, 7.751, 7.626], "rotation": 90, "texture": "#texture"}
			}
		},
		{
			"name": "Nathan2",
			"from": [7.625, 5.75, 7.75],
			"to": [7.75, 6.375, 8.25],
			"faces": {
				"north": {"uv": [8.251, 9.626, 8.374, 10.249], "texture": "#texture"},
				"south": {"uv": [7.626, 9.626, 7.749, 10.249], "texture": "#texture"},
				"west": {"uv": [7.751, 9.626, 8.249, 10.249], "texture": "#texture"},
				"up": {"uv": [7.751, 7.626, 8.249, 7.749], "rotation": 270, "texture": "#texture"},
				"down": {"uv": [8.249, 7.749, 7.751, 7.626], "rotation": 90, "texture": "#texture"}
			}
		},
		{
			"name": "Nathan2",
			"from": [7.625, 12.625, 7.75],
			"to": [7.75, 12.75, 8.25],
			"faces": {
				"north": {"uv": [8.251, 3.251, 8.374, 3.374], "texture": "#texture"},
				"south": {"uv": [7.626, 3.251, 7.749, 3.374], "texture": "#texture"},
				"west": {"uv": [7.751, 3.251, 8.249, 3.374], "texture": "#texture"},
				"up": {"uv": [7.751, 7.626, 8.249, 7.749], "rotation": 270, "texture": "#texture"},
				"down": {"uv": [8.249, 7.749, 7.751, 7.626], "rotation": 90, "texture": "#texture"}
			}
		},
		{
			"name": "Nathan2",
			"from": [7.75, 0.875, 7.75],
			"to": [7.875, 1.125, 8.25],
			"faces": {
				"north": {"uv": [8.126, 14.876, 8.249, 15.124], "texture": "#texture"},
				"south": {"uv": [7.751, 14.876, 7.874, 15.124], "texture": "#texture"},
				"west": {"uv": [7.751, 14.876, 8.249, 15.124], "texture": "#texture"},
				"down": {"uv": [8.249, 7.874, 7.751, 7.751], "rotation": 90, "texture": "#texture"}
			}
		},
		{
			"name": "Nathan2",
			"from": [7.75, 1.25, 7.75],
			"to": [7.875, 1.5, 8.25],
			"faces": {
				"north": {"uv": [8.126, 14.501, 8.249, 14.749], "texture": "#texture"},
				"south": {"uv": [7.751, 14.501, 7.874, 14.749], "texture": "#texture"},
				"west": {"uv": [7.751, 14.501, 8.249, 14.749], "texture": "#texture"}
			}
		},
		{
			"name": "Nathan2",
			"from": [7.75, 2, 7.75],
			"to": [7.875, 2.25, 8.25],
			"faces": {
				"north": {"uv": [8.126, 13.751, 8.249, 13.999], "texture": "#texture"},
				"south": {"uv": [7.751, 13.751, 7.874, 13.999], "texture": "#texture"},
				"west": {"uv": [7.751, 13.751, 8.249, 13.999], "texture": "#texture"},
				"up": {"uv": [7.751, 7.751, 8.249, 7.874], "rotation": 270, "texture": "#texture"}
			}
		},
		{
			"name": "Nathan2",
			"from": [7.75, 12.25, 7.75],
			"to": [7.875, 12.375, 8.25],
			"faces": {
				"north": {"uv": [8.126, 3.626, 8.249, 3.749], "texture": "#texture"},
				"south": {"uv": [7.751, 3.626, 7.874, 3.749], "texture": "#texture"},
				"west": {"uv": [7.751, 3.626, 8.249, 3.749], "texture": "#texture"},
				"up": {"uv": [7.751, 7.751, 8.249, 7.874], "rotation": 270, "texture": "#texture"},
				"down": {"uv": [8.249, 7.874, 7.751, 7.751], "rotation": 90, "texture": "#texture"}
			}
		},
		{
			"name": "Nathan2",
			"from": [7.75, 12.75, 7.75],
			"to": [7.875, 13, 8.25],
			"faces": {
				"north": {"uv": [8.126, 3.001, 8.249, 3.249], "texture": "#texture"},
				"south": {"uv": [7.751, 3.001, 7.874, 3.249], "texture": "#texture"},
				"west": {"uv": [7.751, 3.001, 8.249, 3.249], "texture": "#texture"},
				"up": {"uv": [7.751, 7.751, 8.249, 7.874], "rotation": 270, "texture": "#texture"}
			}
		},
		{
			"name": "Nathan2",
			"from": [7.75, 13.5, 7.75],
			"to": [8.25, 13.625, 8.25],
			"faces": {
				"north": {"uv": [7.751, 2.376, 8.249, 2.499], "texture": "#texture"},
				"south": {"uv": [7.751, 2.376, 8.249, 2.499], "texture": "#texture"},
				"up": {"uv": [7.751, 7.751, 8.249, 8.249], "rotation": 270, "texture": "#texture"},
				"down": {"uv": [8.249, 8.249, 7.751, 7.751], "rotation": 90, "texture": "#texture"}
			}
		},
		{
			"name": "Nathan2",
			"from": [7.75, 14.75, 7.75],
			"to": [8.25, 15, 8.25],
			"faces": {
				"north": {"uv": [0.999, 0.501, 0.501, 0.999], "texture": "#texture"},
				"east": {"uv": [0.999, 0.999, 0.501, 0.501], "texture": "#texture"},
				"south": {"uv": [0.501, 0.501, 0.999, 0.999], "texture": "#texture"},
				"west": {"uv": [0.999, 0.501, 0.501, 0.999], "texture": "#texture"},
				"up": {"uv": [0.999, 0.501, 0.501, 0.999], "rotation": 270, "texture": "#texture"},
				"down": {"uv": [0.999, 0.999, 0.501, 0.501], "rotation": 90, "texture": "#texture"}
			}
		},
		{
			"name": "Nathan2",
			"from": [7.875, 0.5, 7.75],
			"to": [8.125, 0.875, 8.25],
			"faces": {
				"north": {"uv": [7.876, 15.126, 8.124, 15.499], "texture": "#texture"},
				"east": {"uv": [7.751, 15.126, 8.249, 15.499], "texture": "#texture"},
				"south": {"uv": [7.876, 15.126, 8.124, 15.499], "texture": "#texture"},
				"west": {"uv": [7.751, 15.126, 8.249, 15.499], "texture": "#texture"},
				"down": {"uv": [8.249, 8.124, 7.751, 7.876], "rotation": 90, "texture": "#texture"}
			}
		},
		{
			"name": "Nathan2",
			"from": [7.875, 2.25, 7.75],
			"to": [8.125, 5.75, 8.25],
			"faces": {
				"north": {"uv": [7.876, 10.251, 8.124, 13.749], "texture": "#texture"},
				"east": {"uv": [7.751, 10.251, 8.249, 13.749], "texture": "#texture"},
				"south": {"uv": [7.876, 10.251, 8.124, 13.749], "texture": "#texture"},
				"west": {"uv": [7.751, 10.251, 8.249, 13.749], "texture": "#texture"}
			}
		},
		{
			"name": "Nathan2",
			"from": [7.875, 6.375, 7.75],
			"to": [8.125, 7.625, 8.25],
			"faces": {
				"north": {"uv": [7.876, 8.376, 8.124, 9.624], "texture": "#texture"},
				"east": {"uv": [7.751, 8.376, 8.249, 9.624], "texture": "#texture"},
				"south": {"uv": [7.876, 8.376, 8.124, 9.624], "texture": "#texture"},
				"west": {"uv": [7.751, 8.376, 8.249, 9.624], "texture": "#texture"},
				"up": {"uv": [7.751, 7.876, 8.249, 8.124], "rotation": 270, "texture": "#texture"}
			}
		},
		{
			"name": "Nathan2",
			"from": [7.875, 12, 7.75],
			"to": [8.125, 12.25, 8.25],
			"faces": {
				"north": {"uv": [7.876, 3.751, 8.124, 3.999], "texture": "#texture"},
				"east": {"uv": [7.751, 3.751, 8.249, 3.999], "texture": "#texture"},
				"south": {"uv": [7.876, 3.751, 8.124, 3.999], "texture": "#texture"},
				"west": {"uv": [7.751, 3.751, 8.249, 3.999], "texture": "#texture"},
				"down": {"uv": [8.249, 8.124, 7.751, 7.876], "rotation": 90, "texture": "#texture"}
			}
		},
		{
			"name": "Nathan2",
			"from": [7.875, 12.375, 7.75],
			"to": [8.125, 12.625, 8.25],
			"faces": {
				"north": {"uv": [7.876, 3.376, 8.124, 3.624], "texture": "#texture"},
				"east": {"uv": [7.751, 3.376, 8.249, 3.624], "texture": "#texture"},
				"south": {"uv": [7.876, 3.376, 8.124, 3.624], "texture": "#texture"},
				"west": {"uv": [7.751, 3.376, 8.249, 3.624], "texture": "#texture"}
			}
		},
		{
			"name": "Nathan2",
			"from": [7.875, 13, 7.75],
			"to": [8.125, 13.125, 8.25],
			"faces": {
				"north": {"uv": [7.876, 2.876, 8.124, 2.999], "texture": "#texture"},
				"east": {"uv": [7.751, 2.876, 8.249, 2.999], "texture": "#texture"},
				"south": {"uv": [7.876, 2.876, 8.124, 2.999], "texture": "#texture"},
				"west": {"uv": [7.751, 2.876, 8.249, 2.999], "texture": "#texture"},
				"up": {"uv": [7.751, 7.876, 8.249, 8.124], "rotation": 270, "texture": "#texture"}
			}
		},
		{
			"name": "Nathan2",
			"from": [7.875, 13.25, 7.75],
			"to": [8.125, 13.375, 8.25],
			"faces": {
				"north": {"uv": [7.876, 2.626, 8.124, 2.749], "texture": "#texture"},
				"east": {"uv": [7.751, 2.626, 8.249, 2.749], "texture": "#texture"},
				"south": {"uv": [7.876, 2.626, 8.124, 2.749], "texture": "#texture"},
				"west": {"uv": [7.751, 2.626, 8.249, 2.749], "texture": "#texture"},
				"down": {"uv": [8.249, 8.124, 7.751, 7.876], "rotation": 90, "texture": "#texture"}
			}
		},
		{
			"name": "Nathan2",
			"from": [7.875, 14.625, 7.75],
			"to": [8.125, 14.75, 8.25],
			"faces": {
				"north": {"uv": [0.999, 0.501, 0.501, 0.999], "texture": "#texture"},
				"east": {"uv": [0.999, 0.999, 0.501, 0.501], "texture": "#texture"},
				"south": {"uv": [0.501, 0.501, 0.999, 0.999], "texture": "#texture"},
				"west": {"uv": [0.999, 0.501, 0.501, 0.999], "texture": "#texture"},
				"down": {"uv": [0.999, 0.999, 0.501, 0.501], "rotation": 90, "texture": "#texture"}
			}
		},
		{
			"name": "Nathan2",
			"from": [7.875, 15, 7.75],
			"to": [8.125, 15.125, 8.25],
			"faces": {
				"north": {"uv": [0.999, 0.501, 0.501, 0.999], "texture": "#texture"},
				"east": {"uv": [0.999, 0.999, 0.501, 0.501], "texture": "#texture"},
				"south": {"uv": [0.501, 0.501, 0.999, 0.999], "texture": "#texture"},
				"west": {"uv": [0.999, 0.501, 0.501, 0.999], "texture": "#texture"},
				"up": {"uv": [0.999, 0.501, 0.501, 0.999], "rotation": 270, "texture": "#texture"}
			}
		},
		{
			"name": "Nathan2",
			"from": [8.125, 0.875, 7.75],
			"to": [8.25, 1.125, 8.25],
			"faces": {
				"north": {"uv": [7.751, 14.876, 7.874, 15.124], "texture": "#texture"},
				"east": {"uv": [7.751, 14.876, 8.249, 15.124], "texture": "#texture"},
				"south": {"uv": [8.126, 14.876, 8.249, 15.124], "texture": "#texture"},
				"down": {"uv": [8.249, 8.249, 7.751, 8.126], "rotation": 90, "texture": "#texture"}
			}
		},
		{
			"name": "Nathan2",
			"from": [8.125, 1.25, 7.75],
			"to": [8.25, 1.5, 8.25],
			"faces": {
				"north": {"uv": [7.751, 14.501, 7.874, 14.749], "texture": "#texture"},
				"east": {"uv": [7.751, 14.501, 8.249, 14.749], "texture": "#texture"},
				"south": {"uv": [8.126, 14.501, 8.249, 14.749], "texture": "#texture"}
			}
		},
		{
			"name": "Nathan2",
			"from": [8.125, 2, 7.75],
			"to": [8.25, 2.25, 8.25],
			"faces": {
				"north": {"uv": [7.751, 13.751, 7.874, 13.999], "texture": "#texture"},
				"east": {"uv": [7.751, 13.751, 8.249, 13.999], "texture": "#texture"},
				"south": {"uv": [8.126, 13.751, 8.249, 13.999], "texture": "#texture"},
				"up": {"uv": [7.751, 8.126, 8.249, 8.249], "rotation": 270, "texture": "#texture"}
			}
		},
		{
			"name": "Nathan2",
			"from": [8.125, 12.25, 7.75],
			"to": [8.25, 12.375, 8.25],
			"faces": {
				"north": {"uv": [7.751, 3.626, 7.874, 3.749], "texture": "#texture"},
				"east": {"uv": [7.751, 3.626, 8.249, 3.749], "texture": "#texture"},
				"south": {"uv": [8.126, 3.626, 8.249, 3.749], "texture": "#texture"},
				"up": {"uv": [7.751, 8.126, 8.249, 8.249], "rotation": 270, "texture": "#texture"},
				"down": {"uv": [8.249, 8.249, 7.751, 8.126], "rotation": 90, "texture": "#texture"}
			}
		},
		{
			"name": "Nathan2",
			"from": [8.125, 12.75, 7.75],
			"to": [8.25, 13, 8.25],
			"faces": {
				"north": {"uv": [7.751, 3.001, 7.874, 3.249], "texture": "#texture"},
				"east": {"uv": [7.751, 3.001, 8.249, 3.249], "texture": "#texture"},
				"south": {"uv": [8.126, 3.001, 8.249, 3.249], "texture": "#texture"},
				"up": {"uv": [7.751, 8.126, 8.249, 8.249], "rotation": 270, "texture": "#texture"}
			}
		},
		{
			"name": "Nathan2",
			"from": [8.125, 13.375, 7.75],
			"to": [8.5, 13.5, 8.25],
			"faces": {
				"north": {"uv": [7.501, 2.501, 7.874, 2.624], "texture": "#texture"},
				"east": {"uv": [7.751, 2.501, 8.249, 2.624], "texture": "#texture"},
				"south": {"uv": [8.126, 2.501, 8.499, 2.624], "texture": "#texture"},
				"up": {"uv": [7.751, 8.126, 8.249, 8.499], "rotation": 270, "texture": "#texture"},
				"down": {"uv": [8.249, 8.499, 7.751, 8.126], "rotation": 90, "texture": "#texture"}
			}
		},
		{
			"name": "Nathan2",
			"from": [8.25, 1.125, 7.75],
			"to": [8.375, 1.25, 8.25],
			"faces": {
				"north": {"uv": [7.626, 14.751, 7.749, 14.874], "texture": "#texture"},
				"east": {"uv": [7.751, 14.751, 8.249, 14.874], "texture": "#texture"},
				"south": {"uv": [8.251, 14.751, 8.374, 14.874], "texture": "#texture"},
				"up": {"uv": [7.751, 8.251, 8.249, 8.374], "rotation": 270, "texture": "#texture"},
				"down": {"uv": [8.249, 8.374, 7.751, 8.251], "rotation": 90, "texture": "#texture"}
			}
		},
		{
			"name": "Nathan2",
			"from": [8.25, 1.5, 7.75],
			"to": [8.375, 2, 8.25],
			"faces": {
				"north": {"uv": [7.626, 14.001, 7.749, 14.499], "texture": "#texture"},
				"east": {"uv": [7.751, 14.001, 8.249, 14.499], "texture": "#texture"},
				"south": {"uv": [8.251, 14.001, 8.374, 14.499], "texture": "#texture"},
				"up": {"uv": [7.751, 8.251, 8.249, 8.374], "rotation": 270, "texture": "#texture"},
				"down": {"uv": [8.249, 8.374, 7.751, 8.251], "rotation": 90, "texture": "#texture"}
			}
		},
		{
			"name": "Nathan2",
			"from": [8.25, 5.75, 7.75],
			"to": [8.375, 6.375, 8.25],
			"faces": {
				"north": {"uv": [7.626, 9.626, 7.749, 10.249], "texture": "#texture"},
				"east": {"uv": [7.751, 9.626, 8.249, 10.249], "texture": "#texture"},
				"south": {"uv": [8.251, 9.626, 8.374, 10.249], "texture": "#texture"},
				"up": {"uv": [7.751, 8.251, 8.249, 8.374], "rotation": 270, "texture": "#texture"},
				"down": {"uv": [8.249, 8.374, 7.751, 8.251], "rotation": 90, "texture": "#texture"}
			}
		},
		{
			"name": "Nathan2",
			"from": [8.25, 12.625, 7.75],
			"to": [8.375, 12.75, 8.25],
			"faces": {
				"north": {"uv": [7.626, 3.251, 7.749, 3.374], "texture": "#texture"},
				"east": {"uv": [7.751, 3.251, 8.249, 3.374], "texture": "#texture"},
				"south": {"uv": [8.251, 3.251, 8.374, 3.374], "texture": "#texture"},
				"up": {"uv": [7.751, 8.251, 8.249, 8.374], "rotation": 270, "texture": "#texture"},
				"down": {"uv": [8.249, 8.374, 7.751, 8.251], "rotation": 90, "texture": "#texture"}
			}
		},
		{
			"name": "Nathan2",
			"from": [8.25, 13.625, 7.75],
			"to": [8.625, 13.75, 8.25],
			"faces": {
				"north": {"uv": [7.376, 2.251, 7.749, 2.374], "texture": "#texture"},
				"south": {"uv": [8.251, 2.251, 8.624, 2.374], "texture": "#texture"},
				"west": {"uv": [7.751, 2.251, 8.249, 2.374], "texture": "#texture"},
				"up": {"uv": [7.751, 8.251, 8.249, 8.624], "rotation": 270, "texture": "#texture"}
			}
		},
		{
			"name": "Nathan2",
			"from": [8.625, 13.5, 7.75],
			"to": [8.875, 13.625, 8.25],
			"faces": {
				"north": {"uv": [7.126, 2.376, 7.374, 2.499], "texture": "#texture"},
				"east": {"uv": [7.751, 2.376, 8.249, 2.499], "texture": "#texture"},
				"south": {"uv": [8.626, 2.376, 8.874, 2.499], "texture": "#texture"},
				"up": {"uv": [7.751, 8.626, 8.249, 8.874], "rotation": 270, "texture": "#texture"},
				"down": {"uv": [8.249, 8.874, 7.751, 8.626], "rotation": 90, "texture": "#texture"}
			}
		},
		{
			"name": "Nathan2",
			"from": [8.625, 13.75, 7.75],
			"to": [8.75, 13.875, 8.25],
			"faces": {
				"north": {"uv": [7.251, 2.126, 7.374, 2.249], "texture": "#texture"},
				"south": {"uv": [8.626, 2.126, 8.749, 2.249], "texture": "#texture"},
				"west": {"uv": [7.751, 2.126, 8.249, 2.249], "texture": "#texture"},
				"up": {"uv": [7.751, 8.626, 8.249, 8.749], "rotation": 270, "texture": "#texture"}
			}
		},
		{
			"name": "Nathan2",
			"from": [8.75, 13.625, 7.75],
			"to": [9, 13.75, 8.25],
			"faces": {
				"north": {"uv": [7.001, 2.251, 7.249, 2.374], "texture": "#texture"},
				"east": {"uv": [7.751, 2.251, 8.249, 2.374], "texture": "#texture"},
				"south": {"uv": [8.751, 2.251, 8.999, 2.374], "texture": "#texture"},
				"up": {"uv": [7.751, 8.751, 8.249, 8.999], "rotation": 270, "texture": "#texture"},
				"down": {"uv": [8.249, 8.999, 7.751, 8.751], "rotation": 90, "texture": "#texture"}
			}
		},
		{
			"name": "Nathan2",
			"from": [8.75, 13.875, 7.75],
			"to": [8.875, 14, 8.25],
			"faces": {
				"north": {"uv": [7.126, 2.001, 7.249, 2.124], "texture": "#texture"},
				"south": {"uv": [8.751, 2.001, 8.874, 2.124], "texture": "#texture"},
				"west": {"uv": [7.751, 2.001, 8.249, 2.124], "texture": "#texture"},
				"up": {"uv": [7.751, 8.751, 8.249, 8.874], "rotation": 270, "texture": "#texture"}
			}
		},
		{
			"name": "Nathan2",
			"from": [8.875, 13.75, 7.75],
			"to": [9, 13.875, 8.25],
			"faces": {
				"north": {"uv": [7.001, 2.126, 7.124, 2.249], "texture": "#texture"},
				"east": {"uv": [7.751, 2.126, 8.249, 2.249], "texture": "#texture"},
				"south": {"uv": [8.876, 2.126, 8.999, 2.249], "texture": "#texture"}
			}
		},
		{
			"name": "Nathan2",
			"from": [8.875, 14, 7.75],
			"to": [9, 14.125, 8.25],
			"faces": {
				"north": {"uv": [7.001, 1.876, 7.124, 1.999], "texture": "#texture"},
				"south": {"uv": [8.876, 1.876, 8.999, 1.999], "texture": "#texture"},
				"west": {"uv": [7.751, 1.876, 8.249, 1.999], "texture": "#texture"},
				"up": {"uv": [7.751, 8.876, 8.249, 8.999], "rotation": 270, "texture": "#texture"}
			}
		},
		{
			"name": "Nathan2",
			"from": [9, 13.875, 7.75],
			"to": [9.125, 14, 8.25],
			"faces": {
				"north": {"uv": [6.876, 2.001, 6.999, 2.124], "texture": "#texture"},
				"east": {"uv": [7.751, 2.001, 8.249, 2.124], "texture": "#texture"},
				"south": {"uv": [9.001, 2.001, 9.124, 2.124], "texture": "#texture"},
				"down": {"uv": [8.249, 9.124, 7.751, 9.001], "rotation": 90, "texture": "#texture"}
			}
		},
		{
			"name": "Nathan2",
			"from": [9, 14.125, 7.75],
			"to": [9.125, 14.375, 8.25],
			"faces": {
				"north": {"uv": [6.876, 1.626, 6.999, 1.874], "texture": "#texture"},
				"south": {"uv": [9.001, 1.626, 9.124, 1.874], "texture": "#texture"},
				"west": {"uv": [7.751, 1.626, 8.249, 1.874], "texture": "#texture"},
				"up": {"uv": [7.751, 9.001, 8.249, 9.124], "rotation": 270, "texture": "#texture"}
			}
		},
		{
			"name": "Nathan2",
			"from": [9.125, 14, 7.75],
			"to": [9.25, 14.125, 8.25],
			"faces": {
				"north": {"uv": [6.751, 1.876, 6.874, 1.999], "texture": "#texture"},
				"east": {"uv": [7.751, 1.876, 8.249, 1.999], "texture": "#texture"},
				"south": {"uv": [9.126, 1.876, 9.249, 1.999], "texture": "#texture"},
				"down": {"uv": [8.249, 9.249, 7.751, 9.126], "rotation": 90, "texture": "#texture"}
			}
		},
		{
			"name": "Nathan2",
			"from": [9.125, 14.375, 7.75],
			"to": [9.375, 14.875, 8.25],
			"faces": {
				"north": {"uv": [6.626, 1.126, 6.874, 1.624], "texture": "#texture"},
				"east": {"uv": [7.751, 1.126, 8.249, 1.624], "texture": "#texture"},
				"south": {"uv": [9.126, 1.126, 9.374, 1.624], "texture": "#texture"},
				"west": {"uv": [7.751, 1.126, 8.249, 1.624], "texture": "#texture"},
				"up": {"uv": [7.751, 9.126, 8.249, 9.374], "rotation": 270, "texture": "#texture"},
				"down": {"uv": [8.249, 9.374, 7.751, 9.126], "rotation": 90, "texture": "#texture"}
			}
		},
		{
			"name": "Nathan2",
			"from": [9.125, 14.875, 7.75],
			"to": [9.25, 15.125, 8.25],
			"faces": {
				"north": {"uv": [6.751, 0.876, 6.874, 1.124], "texture": "#texture"},
				"east": {"uv": [7.751, 0.876, 8.249, 1.124], "texture": "#texture"},
				"south": {"uv": [9.126, 0.876, 9.249, 1.124], "texture": "#texture"},
				"west": {"uv": [7.751, 0.876, 8.249, 1.124], "texture": "#texture"},
				"up": {"uv": [7.751, 9.126, 8.249, 9.249], "rotation": 270, "texture": "#texture"}
			}
		},
		{
			"name": "Nathan2",
			"from": [9.25, 14.25, 7.75],
			"to": [9.375, 14.375, 8.25],
			"faces": {
				"north": {"uv": [6.626, 1.626, 6.749, 1.749], "texture": "#texture"},
				"east": {"uv": [7.751, 1.626, 8.249, 1.749], "texture": "#texture"},
				"south": {"uv": [9.251, 1.626, 9.374, 1.749], "texture": "#texture"},
				"down": {"uv": [8.249, 9.374, 7.751, 9.251], "rotation": 90, "texture": "#texture"}
			}
		},
		{
			"name": "Nathan2",
			"from": [6.5, 14.375, 7.875],
			"to": [6.625, 14.875, 8.125],
			"faces": {
				"north": {"uv": [9.376, 1.126, 9.499, 1.624], "texture": "#texture"},
				"south": {"uv": [6.501, 1.126, 6.624, 1.624], "texture": "#texture"},
				"west": {"uv": [7.876, 1.126, 8.124, 1.624], "texture": "#texture"},
				"up": {"uv": [7.876, 6.501, 8.124, 6.624], "rotation": 270, "texture": "#texture"},
				"down": {"uv": [8.124, 6.624, 7.876, 6.501], "rotation": 90, "texture": "#texture"}
			}
		},
		{
			"name": "Nathan2",
			"from": [6.625, 13.875, 7.875],
			"to": [6.875, 14, 8.125],
			"faces": {
				"north": {"uv": [9.126, 2.001, 9.374, 2.124], "texture": "#texture"},
				"south": {"uv": [6.626, 2.001, 6.874, 2.124], "texture": "#texture"},
				"west": {"uv": [7.876, 2.001, 8.124, 2.124], "texture": "#texture"},
				"up": {"uv": [7.876, 6.626, 8.124, 6.874], "rotation": 270, "texture": "#texture"},
				"down": {"uv": [8.124, 6.874, 7.876, 6.626], "rotation": 90, "texture": "#texture"}
			}
		},
		{
			"name": "Nathan2",
			"from": [6.625, 14, 7.875],
			"to": [6.75, 14.25, 8.125],
			"faces": {
				"north": {"uv": [9.251, 1.751, 9.374, 1.999], "texture": "#texture"},
				"east": {"uv": [7.876, 1.751, 8.124, 1.999], "texture": "#texture"},
				"south": {"uv": [6.626, 1.751, 6.749, 1.999], "texture": "#texture"},
				"west": {"uv": [7.876, 1.751, 8.124, 1.999], "texture": "#texture"}
			}
		},
		{
			"name": "Nathan2",
			"from": [6.625, 14.875, 7.875],
			"to": [6.75, 15.125, 8.125],
			"faces": {
				"north": {"uv": [9.251, 0.876, 9.374, 1.124], "texture": "#texture"},
				"south": {"uv": [6.626, 0.876, 6.749, 1.124], "texture": "#texture"},
				"west": {"uv": [7.876, 0.876, 8.124, 1.124], "texture": "#texture"},
				"up": {"uv": [7.876, 6.626, 8.124, 6.749], "rotation": 270, "texture": "#texture"}
			}
		},
		{
			"name": "Nathan2",
			"from": [6.75, 13.75, 7.875],
			"to": [7, 13.875, 8.125],
			"faces": {
				"north": {"uv": [9.001, 2.126, 9.249, 2.249], "texture": "#texture"},
				"south": {"uv": [6.751, 2.126, 6.999, 2.249], "texture": "#texture"},
				"west": {"uv": [7.876, 2.126, 8.124, 2.249], "texture": "#texture"},
				"up": {"uv": [7.876, 6.751, 8.124, 6.999], "rotation": 270, "texture": "#texture"},
				"down": {"uv": [8.124, 6.999, 7.876, 6.751], "rotation": 90, "texture": "#texture"}
			}
		},
		{
			"name": "Nathan2",
			"from": [6.75, 15.125, 7.875],
			"to": [7, 15.375, 8.125],
			"faces": {
				"north": {"uv": [9.001, 0.626, 9.249, 0.874], "texture": "#texture"},
				"east": {"uv": [7.876, 0.626, 8.124, 0.874], "texture": "#texture"},
				"south": {"uv": [6.751, 0.626, 6.999, 0.874], "texture": "#texture"},
				"west": {"uv": [7.876, 0.626, 8.124, 0.874], "texture": "#texture"},
				"up": {"uv": [7.876, 6.751, 8.124, 6.999], "rotation": 270, "texture": "#texture"},
				"down": {"uv": [8.124, 6.999, 7.876, 6.751], "rotation": 90, "texture": "#texture"}
			}
		},
		{
			"name": "Nathan2",
			"from": [6.875, 13.625, 7.875],
			"to": [7, 13.75, 8.125],
			"faces": {
				"north": {"uv": [9.001, 2.251, 9.124, 2.374], "texture": "#texture"},
				"south": {"uv": [6.876, 2.251, 6.999, 2.374], "texture": "#texture"},
				"west": {"uv": [7.876, 2.251, 8.124, 2.374], "texture": "#texture"},
				"down": {"uv": [8.124, 6.999, 7.876, 6.876], "rotation": 90, "texture": "#texture"}
			}
		},
		{
			"name": "Nathan2",
			"from": [6.875, 14.375, 7.875],
			"to": [7, 15.125, 8.125],
			"faces": {
				"north": {"uv": [9.001, 0.876, 9.124, 1.624], "texture": "#texture"},
				"east": {"uv": [7.876, 0.876, 8.124, 1.624], "texture": "#texture"},
				"south": {"uv": [6.876, 0.876, 6.999, 1.624], "texture": "#texture"}
			}
		},
		{
			"name": "Nathan2",
			"from": [6.875, 15.375, 7.875],
			"to": [7.125, 15.5, 8.125],
			"faces": {
				"north": {"uv": [8.876, 0.501, 9.124, 0.624], "texture": "#texture"},
				"east": {"uv": [7.876, 0.501, 8.124, 0.624], "texture": "#texture"},
				"south": {"uv": [6.876, 0.501, 7.124, 0.624], "texture": "#texture"},
				"west": {"uv": [7.876, 0.501, 8.124, 0.624], "texture": "#texture"},
				"up": {"uv": [7.876, 6.876, 8.124, 7.124], "rotation": 270, "texture": "#texture"},
				"down": {"uv": [8.124, 7.124, 7.876, 6.876], "rotation": 90, "texture": "#texture"}
			}
		},
		{
			"name": "Nathan2",
			"from": [7, 13.5, 7.875],
			"to": [7.125, 13.625, 8.125],
			"faces": {
				"north": {"uv": [8.876, 2.376, 8.999, 2.499], "texture": "#texture"},
				"south": {"uv": [7.001, 2.376, 7.124, 2.499], "texture": "#texture"},
				"west": {"uv": [7.876, 2.376, 8.124, 2.499], "texture": "#texture"},
				"down": {"uv": [8.124, 7.124, 7.876, 7.001], "rotation": 90, "texture": "#texture"}
			}
		},
		{
			"name": "Nathan2",
			"from": [7, 14.125, 7.875],
			"to": [7.25, 14.25, 8.125],
			"faces": {
				"north": {"uv": [8.751, 1.751, 8.999, 1.874], "texture": "#texture"},
				"east": {"uv": [7.876, 1.751, 8.124, 1.874], "texture": "#texture"},
				"south": {"uv": [7.001, 1.751, 7.249, 1.874], "texture": "#texture"},
				"up": {"uv": [7.876, 7.001, 8.124, 7.249], "rotation": 270, "texture": "#texture"},
				"down": {"uv": [8.124, 7.249, 7.876, 7.001], "rotation": 90, "texture": "#texture"}
			}
		},
		{
			"name": "Nathan2",
			"from": [7, 14.25, 7.875],
			"to": [7.125, 14.375, 8.125],
			"faces": {
				"north": {"uv": [8.876, 1.626, 8.999, 1.749], "texture": "#texture"},
				"east": {"uv": [7.876, 1.626, 8.124, 1.749], "texture": "#texture"},
				"south": {"uv": [7.001, 1.626, 7.124, 1.749], "texture": "#texture"},
				"up": {"uv": [7.876, 7.001, 8.124, 7.124], "rotation": 270, "texture": "#texture"}
			}
		},
		{
			"name": "Nathan2",
			"from": [7.125, 13.375, 7.875],
			"to": [7.5, 13.5, 8.125],
			"faces": {
				"north": {"uv": [8.501, 2.501, 8.874, 2.624], "texture": "#texture"},
				"south": {"uv": [7.126, 2.501, 7.499, 2.624], "texture": "#texture"},
				"west": {"uv": [7.876, 2.501, 8.124, 2.624], "texture": "#texture"},
				"up": {"uv": [7.876, 7.126, 8.124, 7.499], "rotation": 270, "texture": "#texture"},
				"down": {"uv": [8.124, 7.499, 7.876, 7.126], "rotation": 90, "texture": "#texture"}
			}
		},
		{
			"name": "Nathan2",
			"from": [7.125, 14, 7.875],
			"to": [7.375, 14.125, 8.125],
			"faces": {
				"north": {"uv": [8.626, 1.876, 8.874, 1.999], "texture": "#texture"},
				"east": {"uv": [7.876, 1.876, 8.124, 1.999], "texture": "#texture"},
				"south": {"uv": [7.126, 1.876, 7.374, 1.999], "texture": "#texture"},
				"up": {"uv": [7.876, 7.126, 8.124, 7.374], "rotation": 270, "texture": "#texture"},
				"down": {"uv": [8.124, 7.374, 7.876, 7.126], "rotation": 90, "texture": "#texture"}
			}
		},
		{
			"name": "Nathan2",
			"from": [7.125, 15.5, 7.875],
			"to": [7.25, 15.625, 8.125],
			"faces": {
				"north": {"uv": [8.751, 0.376, 8.874, 0.499], "texture": "#texture"},
				"east": {"uv": [7.876, 0.376, 8.124, 0.499], "texture": "#texture"},
				"south": {"uv": [7.126, 0.376, 7.249, 0.499], "texture": "#texture"},
				"west": {"uv": [7.876, 0.376, 8.124, 0.499], "texture": "#texture"},
				"up": {"uv": [7.876, 7.126, 8.124, 7.249], "rotation": 270, "texture": "#texture"},
				"down": {"uv": [8.124, 7.249, 7.876, 7.126], "rotation": 90, "texture": "#texture"}
			}
		},
		{
			"name": "Nathan2",
			"from": [7.25, 13.875, 7.875],
			"to": [7.375, 14, 8.125],
			"faces": {
				"north": {"uv": [8.626, 2.001, 8.749, 2.124], "texture": "#texture"},
				"east": {"uv": [7.876, 2.001, 8.124, 2.124], "texture": "#texture"},
				"south": {"uv": [7.251, 2.001, 7.374, 2.124], "texture": "#texture"}
			}
		},
		{
			"name": "Nathan2",
			"from": [7.375, 13.75, 7.875],
			"to": [7.75, 13.875, 8.125],
			"faces": {
				"north": {"uv": [8.251, 2.126, 8.624, 2.249], "texture": "#texture"},
				"east": {"uv": [7.876, 2.126, 8.124, 2.249], "texture": "#texture"},
				"south": {"uv": [7.376, 2.126, 7.749, 2.249], "texture": "#texture"},
				"up": {"uv": [7.876, 7.376, 8.124, 7.749], "rotation": 270, "texture": "#texture"}
			}
		},
		{
			"name": "Nathan2",
			"from": [7.375, 14.875, 7.875],
			"to": [7.75, 15, 8.125],
			"faces": {
				"north": {"uv": [-0.001, -0.001, 0.001, 0.001], "texture": "#texture"},
				"south": {"uv": [-0.001, -0.001, 0.001, 0.001], "texture": "#texture"},
				"west": {"uv": [-0.001, -0.001, 0.001, 0.001], "texture": "#texture"},
				"up": {"uv": [-0.001, -0.001, 0.001, 0.001], "rotation": 270, "texture": "#texture"},
				"down": {"uv": [-0.001, -0.001, 0.001, 0.001], "rotation": 90, "texture": "#texture"}
			}
		},
		{
			"name": "Nathan2",
			"from": [7.5, 1.125, 7.875],
			"to": [7.625, 1.25, 8.125],
			"faces": {
				"north": {"uv": [8.376, 14.751, 8.499, 14.874], "texture": "#texture"},
				"south": {"uv": [7.501, 14.751, 7.624, 14.874], "texture": "#texture"},
				"west": {"uv": [7.876, 14.751, 8.124, 14.874], "texture": "#texture"},
				"up": {"uv": [7.876, 7.501, 8.124, 7.624], "rotation": 270, "texture": "#texture"},
				"down": {"uv": [8.124, 7.624, 7.876, 7.501], "rotation": 90, "texture": "#texture"}
			}
		},
		{
			"name": "Nathan2",
			"from": [7.5, 1.5, 7.875],
			"to": [7.625, 2, 8.125],
			"faces": {
				"north": {"uv": [8.376, 14.001, 8.499, 14.499], "texture": "#texture"},
				"south": {"uv": [7.501, 14.001, 7.624, 14.499], "texture": "#texture"},
				"west": {"uv": [7.876, 14.001, 8.124, 14.499], "texture": "#texture"},
				"up": {"uv": [7.876, 7.501, 8.124, 7.624], "rotation": 270, "texture": "#texture"},
				"down": {"uv": [8.124, 7.624, 7.876, 7.501], "rotation": 90, "texture": "#texture"}
			}
		},
		{
			"name": "Nathan2",
			"from": [7.5, 5.75, 7.875],
			"to": [7.625, 6.375, 8.125],
			"faces": {
				"north": {"uv": [8.376, 9.626, 8.499, 10.249], "texture": "#texture"},
				"south": {"uv": [7.501, 9.626, 7.624, 10.249], "texture": "#texture"},
				"west": {"uv": [7.876, 9.626, 8.124, 10.249], "texture": "#texture"},
				"up": {"uv": [7.876, 7.501, 8.124, 7.624], "rotation": 270, "texture": "#texture"},
				"down": {"uv": [8.124, 7.624, 7.876, 7.501], "rotation": 90, "texture": "#texture"}
			}
		},
		{
			"name": "Nathan2",
			"from": [7.5, 12.625, 7.875],
			"to": [7.625, 12.75, 8.125],
			"faces": {
				"north": {"uv": [8.376, 3.251, 8.499, 3.374], "texture": "#texture"},
				"south": {"uv": [7.501, 3.251, 7.624, 3.374], "texture": "#texture"},
				"west": {"uv": [7.876, 3.251, 8.124, 3.374], "texture": "#texture"},
				"up": {"uv": [7.876, 7.501, 8.124, 7.624], "rotation": 270, "texture": "#texture"},
				"down": {"uv": [8.124, 7.624, 7.876, 7.501], "rotation": 90, "texture": "#texture"}
			}
		},
		{
			"name": "Nathan2",
			"from": [7.5, 13.25, 7.875],
			"to": [7.875, 13.375, 8.125],
			"faces": {
				"north": {"uv": [8.126, 2.626, 8.499, 2.749], "texture": "#texture"},
				"south": {"uv": [7.501, 2.626, 7.874, 2.749], "texture": "#texture"},
				"west": {"uv": [7.876, 2.626, 8.124, 2.749], "texture": "#texture"},
				"down": {"uv": [8.124, 7.874, 7.876, 7.501], "rotation": 90, "texture": "#texture"}
			}
		},
		{
			"name": "Nathan2",
			"from": [7.5, 14.75, 7.875],
			"to": [7.75, 14.875, 8.125],
			"faces": {
				"north": {"uv": [-0.001, -0.001, 0.001, 0.001], "texture": "#texture"},
				"south": {"uv": [-0.001, -0.001, 0.001, 0.001], "texture": "#texture"},
				"west": {"uv": [-0.001, -0.001, 0.001, 0.001], "texture": "#texture"},
				"down": {"uv": [-0.001, -0.001, 0.001, 0.001], "rotation": 90, "texture": "#texture"}
			}
		},
		{
			"name": "Nathan2",
			"from": [7.625, 0.875, 7.875],
			"to": [7.75, 1.125, 8.125],
			"faces": {
				"north": {"uv": [8.251, 14.876, 8.374, 15.124], "texture": "#texture"},
				"south": {"uv": [7.626, 14.876, 7.749, 15.124], "texture": "#texture"},
				"west": {"uv": [7.876, 14.876, 8.124, 15.124], "texture": "#texture"},
				"down": {"uv": [8.124, 7.749, 7.876, 7.626], "rotation": 90, "texture": "#texture"}
			}
		},
		{
			"name": "Nathan2",
			"from": [7.625, 1.25, 7.875],
			"to": [7.75, 1.5, 8.125],
			"faces": {
				"north": {"uv": [8.251, 14.501, 8.374, 14.749], "texture": "#texture"},
				"south": {"uv": [7.626, 14.501, 7.749, 14.749], "texture": "#texture"},
				"west": {"uv": [7.876, 14.501, 8.124, 14.749], "texture": "#texture"}
			}
		},
		{
			"name": "Nathan2",
			"from": [7.625, 2, 7.875],
			"to": [7.75, 2.25, 8.125],
			"faces": {
				"north": {"uv": [8.251, 13.751, 8.374, 13.999], "texture": "#texture"},
				"south": {"uv": [7.626, 13.751, 7.749, 13.999], "texture": "#texture"},
				"west": {"uv": [7.876, 13.751, 8.124, 13.999], "texture": "#texture"},
				"up": {"uv": [7.876, 7.626, 8.124, 7.749], "rotation": 270, "texture": "#texture"}
			}
		},
		{
			"name": "Nathan2",
			"from": [7.625, 12.25, 7.875],
			"to": [7.75, 12.375, 8.125],
			"faces": {
				"north": {"uv": [8.251, 3.626, 8.374, 3.749], "texture": "#texture"},
				"south": {"uv": [7.626, 3.626, 7.749, 3.749], "texture": "#texture"},
				"west": {"uv": [7.876, 3.626, 8.124, 3.749], "texture": "#texture"},
				"up": {"uv": [7.876, 7.626, 8.124, 7.749], "rotation": 270, "texture": "#texture"},
				"down": {"uv": [8.124, 7.749, 7.876, 7.626], "rotation": 90, "texture": "#texture"}
			}
		},
		{
			"name": "Nathan2",
			"from": [7.625, 12.75, 7.875],
			"to": [7.75, 13, 8.125],
			"faces": {
				"north": {"uv": [8.251, 3.001, 8.374, 3.249], "texture": "#texture"},
				"south": {"uv": [7.626, 3.001, 7.749, 3.249], "texture": "#texture"},
				"west": {"uv": [7.876, 3.001, 8.124, 3.249], "texture": "#texture"},
				"up": {"uv": [7.876, 7.626, 8.124, 7.749], "rotation": 270, "texture": "#texture"}
			}
		},
		{
			"name": "Nathan2",
			"from": [7.625, 15, 7.875],
			"to": [7.875, 15.125, 8.125],
			"faces": {
				"north": {"uv": [-0.001, -0.001, 0.001, 0.001], "texture": "#texture"},
				"south": {"uv": [-0.001, -0.001, 0.001, 0.001], "texture": "#texture"},
				"west": {"uv": [-0.001, -0.001, 0.001, 0.001], "texture": "#texture"},
				"up": {"uv": [-0.001, -0.001, 0.001, 0.001], "rotation": 270, "texture": "#texture"},
				"down": {"uv": [-0.001, -0.001, 0.001, 0.001], "rotation": 90, "texture": "#texture"}
			}
		},
		{
			"name": "Nathan2",
			"from": [7.75, 0.5, 7.875],
			"to": [7.875, 0.875, 8.125],
			"faces": {
				"north": {"uv": [8.126, 15.126, 8.249, 15.499], "texture": "#texture"},
				"south": {"uv": [7.751, 15.126, 7.874, 15.499], "texture": "#texture"},
				"west": {"uv": [7.876, 15.126, 8.124, 15.499], "texture": "#texture"},
				"down": {"uv": [8.124, 7.874, 7.876, 7.751], "rotation": 90, "texture": "#texture"}
			}
		},
		{
			"name": "Nathan2",
			"from": [7.75, 2.25, 7.875],
			"to": [7.875, 5.75, 8.125],
			"faces": {
				"north": {"uv": [8.126, 10.251, 8.249, 13.749], "texture": "#texture"},
				"south": {"uv": [7.751, 10.251, 7.874, 13.749], "texture": "#texture"},
				"west": {"uv": [7.876, 10.251, 8.124, 13.749], "texture": "#texture"}
			}
		},
		{
			"name": "Nathan2",
			"from": [7.75, 6.375, 7.875],
			"to": [7.875, 7.625, 8.125],
			"faces": {
				"north": {"uv": [8.126, 8.376, 8.249, 9.624], "texture": "#texture"},
				"south": {"uv": [7.751, 8.376, 7.874, 9.624], "texture": "#texture"},
				"west": {"uv": [7.876, 8.376, 8.124, 9.624], "texture": "#texture"},
				"up": {"uv": [7.876, 7.751, 8.124, 7.874], "rotation": 270, "texture": "#texture"}
			}
		},
		{
			"name": "Nathan2",
			"from": [7.75, 12, 7.875],
			"to": [7.875, 12.25, 8.125],
			"faces": {
				"north": {"uv": [8.126, 3.751, 8.249, 3.999], "texture": "#texture"},
				"south": {"uv": [7.751, 3.751, 7.874, 3.999], "texture": "#texture"},
				"west": {"uv": [7.876, 3.751, 8.124, 3.999], "texture": "#texture"},
				"down": {"uv": [8.124, 7.874, 7.876, 7.751], "rotation": 90, "texture": "#texture"}
			}
		},
		{
			"name": "Nathan2",
			"from": [7.75, 12.375, 7.875],
			"to": [7.875, 12.625, 8.125],
			"faces": {
				"north": {"uv": [8.126, 3.376, 8.249, 3.624], "texture": "#texture"},
				"south": {"uv": [7.751, 3.376, 7.874, 3.624], "texture": "#texture"},
				"west": {"uv": [7.876, 3.376, 8.124, 3.624], "texture": "#texture"}
			}
		},
		{
			"name": "Nathan2",
			"from": [7.75, 13, 7.875],
			"to": [7.875, 13.125, 8.125],
			"faces": {
				"north": {"uv": [8.126, 2.876, 8.249, 2.999], "texture": "#texture"},
				"south": {"uv": [7.751, 2.876, 7.874, 2.999], "texture": "#texture"},
				"west": {"uv": [7.876, 2.876, 8.124, 2.999], "texture": "#texture"},
				"up": {"uv": [7.876, 7.751, 8.124, 7.874], "rotation": 270, "texture": "#texture"}
			}
		},
		{
			"name": "Nathan2",
			"from": [7.75, 13.625, 7.875],
			"to": [8.25, 13.75, 8.125],
			"faces": {
				"north": {"uv": [7.751, 2.251, 8.249, 2.374], "texture": "#texture"},
				"south": {"uv": [7.751, 2.251, 8.249, 2.374], "texture": "#texture"},
				"up": {"uv": [7.876, 7.751, 8.124, 8.249], "rotation": 270, "texture": "#texture"}
			}
		},
		{
			"name": "Nathan2",
			"from": [7.75, 14.625, 7.875],
			"to": [7.875, 14.75, 8.125],
			"faces": {
				"north": {"uv": [-0.001, -0.001, 0.001, 0.001], "texture": "#texture"},
				"south": {"uv": [-0.001, -0.001, 0.001, 0.001], "texture": "#texture"},
				"west": {"uv": [-0.001, -0.001, 0.001, 0.001], "texture": "#texture"},
				"down": {"uv": [-0.001, -0.001, 0.001, 0.001], "rotation": 90, "texture": "#texture"}
			}
		},
		{
			"name": "Nathan2",
			"from": [7.75, 15.125, 7.875],
			"to": [8.25, 15.25, 8.125],
			"faces": {
				"north": {"uv": [0.499, 0.001, 0.001, 0.499], "texture": "#texture"},
				"east": {"uv": [0.499, 0.499, 0.001, 0.001], "texture": "#texture"},
				"south": {"uv": [0.001, 0.001, 0.499, 0.499], "texture": "#texture"},
				"west": {"uv": [0.499, 0.001, 0.001, 0.499], "texture": "#texture"},
				"up": {"uv": [0.499, 0.001, 0.001, 0.499], "rotation": 270, "texture": "#texture"},
				"down": {"uv": [0.499, 0.499, 0.001, 0.001], "rotation": 90, "texture": "#texture"}
			}
		},
		{
			"name": "Nathan2",
			"from": [7.875, 0.25, 7.875],
			"to": [8.125, 0.5, 8.125],
			"faces": {
				"north": {"uv": [7.876, 15.501, 8.124, 15.749], "texture": "#texture"},
				"east": {"uv": [7.876, 15.501, 8.124, 15.749], "texture": "#texture"},
				"south": {"uv": [7.876, 15.501, 8.124, 15.749], "texture": "#texture"},
				"west": {"uv": [7.876, 15.501, 8.124, 15.749], "texture": "#texture"},
				"down": {"uv": [8.124, 8.124, 7.876, 7.876], "rotation": 90, "texture": "#texture"}
			}
		},
		{
			"name": "Nathan2",
			"from": [7.875, 7.625, 7.875],
			"to": [8.125, 12, 8.125],
			"faces": {
				"north": {"uv": [7.876, 4.001, 8.124, 8.374], "texture": "#texture"},
				"east": {"uv": [7.876, 4.001, 8.124, 8.374], "texture": "#texture"},
				"south": {"uv": [7.876, 4.001, 8.124, 8.374], "texture": "#texture"},
				"west": {"uv": [7.876, 4.001, 8.124, 8.374], "texture": "#texture"}
			}
		},
		{
			"name": "Nathan2",
			"from": [7.875, 13.125, 7.875],
			"to": [8.125, 13.25, 8.125],
			"faces": {
				"north": {"uv": [7.876, 2.751, 8.124, 2.874], "texture": "#texture"},
				"east": {"uv": [7.876, 2.751, 8.124, 2.874], "texture": "#texture"},
				"south": {"uv": [7.876, 2.751, 8.124, 2.874], "texture": "#texture"},
				"west": {"uv": [7.876, 2.751, 8.124, 2.874], "texture": "#texture"}
			}
		},
		{
			"name": "Nathan2",
			"from": [7.875, 14.375, 7.875],
			"to": [8.125, 14.625, 8.125],
			"faces": {
				"north": {"uv": [-0.001, -0.001, 0.001, 0.001], "texture": "#texture"},
				"east": {"uv": [-0.001, -0.001, 0.001, 0.001], "texture": "#texture"},
				"south": {"uv": [-0.001, -0.001, 0.001, 0.001], "texture": "#texture"},
				"west": {"uv": [-0.001, -0.001, 0.001, 0.001], "texture": "#texture"},
				"down": {"uv": [-0.001, -0.001, 0.001, 0.001], "rotation": 90, "texture": "#texture"}
			}
		},
		{
			"name": "Nathan2",
			"from": [7.875, 15.25, 7.875],
			"to": [8.125, 15.5, 8.125],
			"faces": {
				"north": {"uv": [0.499, 0.001, 0.001, 0.499], "texture": "#texture"},
				"east": {"uv": [0.499, 0.499, 0.001, 0.001], "texture": "#texture"},
				"south": {"uv": [0.001, 0.001, 0.499, 0.499], "texture": "#texture"},
				"west": {"uv": [0.499, 0.001, 0.001, 0.499], "texture": "#texture"},
				"up": {"uv": [0.499, 0.001, 0.001, 0.499], "rotation": 270, "texture": "#texture"}
			}
		},
		{
			"name": "Nathan2",
			"from": [8.125, 0.5, 7.875],
			"to": [8.25, 0.875, 8.125],
			"faces": {
				"north": {"uv": [7.751, 15.126, 7.874, 15.499], "texture": "#texture"},
				"east": {"uv": [7.876, 15.126, 8.124, 15.499], "texture": "#texture"},
				"south": {"uv": [8.126, 15.126, 8.249, 15.499], "texture": "#texture"},
				"down": {"uv": [8.124, 8.249, 7.876, 8.126], "rotation": 90, "texture": "#texture"}
			}
		},
		{
			"name": "Nathan2",
			"from": [8.125, 2.25, 7.875],
			"to": [8.25, 5.75, 8.125],
			"faces": {
				"north": {"uv": [7.751, 10.251, 7.874, 13.749], "texture": "#texture"},
				"east": {"uv": [7.876, 10.251, 8.124, 13.749], "texture": "#texture"},
				"south": {"uv": [8.126, 10.251, 8.249, 13.749], "texture": "#texture"}
			}
		},
		{
			"name": "Nathan2",
			"from": [8.125, 6.375, 7.875],
			"to": [8.25, 7.625, 8.125],
			"faces": {
				"north": {"uv": [7.751, 8.376, 7.874, 9.624], "texture": "#texture"},
				"east": {"uv": [7.876, 8.376, 8.124, 9.624], "texture": "#texture"},
				"south": {"uv": [8.126, 8.376, 8.249, 9.624], "texture": "#texture"},
				"up": {"uv": [7.876, 8.126, 8.124, 8.249], "rotation": 270, "texture": "#texture"}
			}
		},
		{
			"name": "Nathan2",
			"from": [8.125, 12, 7.875],
			"to": [8.25, 12.25, 8.125],
			"faces": {
				"north": {"uv": [7.751, 3.751, 7.874, 3.999], "texture": "#texture"},
				"east": {"uv": [7.876, 3.751, 8.124, 3.999], "texture": "#texture"},
				"south": {"uv": [8.126, 3.751, 8.249, 3.999], "texture": "#texture"},
				"down": {"uv": [8.124, 8.249, 7.876, 8.126], "rotation": 90, "texture": "#texture"}
			}
		},
		{
			"name": "Nathan2",
			"from": [8.125, 12.375, 7.875],
			"to": [8.25, 12.625, 8.125],
			"faces": {
				"north": {"uv": [7.751, 3.376, 7.874, 3.624], "texture": "#texture"},
				"east": {"uv": [7.876, 3.376, 8.124, 3.624], "texture": "#texture"},
				"south": {"uv": [8.126, 3.376, 8.249, 3.624], "texture": "#texture"}
			}
		},
		{
			"name": "Nathan2",
			"from": [8.125, 13, 7.875],
			"to": [8.25, 13.125, 8.125],
			"faces": {
				"north": {"uv": [7.751, 2.876, 7.874, 2.999], "texture": "#texture"},
				"east": {"uv": [7.876, 2.876, 8.124, 2.999], "texture": "#texture"},
				"south": {"uv": [8.126, 2.876, 8.249, 2.999], "texture": "#texture"},
				"up": {"uv": [7.876, 8.126, 8.124, 8.249], "rotation": 270, "texture": "#texture"}
			}
		},
		{
			"name": "Nathan2",
			"from": [8.125, 13.25, 7.875],
			"to": [8.5, 13.375, 8.125],
			"faces": {
				"north": {"uv": [7.501, 2.626, 7.874, 2.749], "texture": "#texture"},
				"east": {"uv": [7.876, 2.626, 8.124, 2.749], "texture": "#texture"},
				"south": {"uv": [8.126, 2.626, 8.499, 2.749], "texture": "#texture"},
				"down": {"uv": [8.124, 8.499, 7.876, 8.126], "rotation": 90, "texture": "#texture"}
			}
		},
		{
			"name": "Nathan2",
			"from": [8.125, 14.625, 7.875],
			"to": [8.25, 14.75, 8.125],
			"faces": {
				"north": {"uv": [-0.001, -0.001, 0.001, 0.001], "texture": "#texture"},
				"east": {"uv": [-0.001, -0.001, 0.001, 0.001], "texture": "#texture"},
				"south": {"uv": [-0.001, -0.001, 0.001, 0.001], "texture": "#texture"},
				"down": {"uv": [-0.001, -0.001, 0.001, 0.001], "rotation": 90, "texture": "#texture"}
			}
		},
		{
			"name": "Nathan2",
			"from": [8.125, 15, 7.875],
			"to": [8.375, 15.125, 8.125],
			"faces": {
				"north": {"uv": [0.499, 0.001, 0.001, 0.499], "texture": "#texture"},
				"east": {"uv": [0.499, 0.499, 0.001, 0.001], "texture": "#texture"},
				"south": {"uv": [0.001, 0.001, 0.499, 0.499], "texture": "#texture"},
				"up": {"uv": [0.499, 0.001, 0.001, 0.499], "rotation": 270, "texture": "#texture"},
				"down": {"uv": [0.499, 0.499, 0.001, 0.001], "rotation": 90, "texture": "#texture"}
			}
		},
		{
			"name": "Nathan2",
			"from": [8.25, 0.875, 7.875],
			"to": [8.375, 1.125, 8.125],
			"faces": {
				"north": {"uv": [7.626, 14.876, 7.749, 15.124], "texture": "#texture"},
				"east": {"uv": [7.876, 14.876, 8.124, 15.124], "texture": "#texture"},
				"south": {"uv": [8.251, 14.876, 8.374, 15.124], "texture": "#texture"},
				"down": {"uv": [8.124, 8.374, 7.876, 8.251], "rotation": 90, "texture": "#texture"}
			}
		},
		{
			"name": "Nathan2",
			"from": [8.25, 1.25, 7.875],
			"to": [8.375, 1.5, 8.125],
			"faces": {
				"north": {"uv": [7.626, 14.501, 7.749, 14.749], "texture": "#texture"},
				"east": {"uv": [7.876, 14.501, 8.124, 14.749], "texture": "#texture"},
				"south": {"uv": [8.251, 14.501, 8.374, 14.749], "texture": "#texture"}
			}
		},
		{
			"name": "Nathan2",
			"from": [8.25, 2, 7.875],
			"to": [8.375, 2.25, 8.125],
			"faces": {
				"north": {"uv": [7.626, 13.751, 7.749, 13.999], "texture": "#texture"},
				"east": {"uv": [7.876, 13.751, 8.124, 13.999], "texture": "#texture"},
				"south": {"uv": [8.251, 13.751, 8.374, 13.999], "texture": "#texture"},
				"up": {"uv": [7.876, 8.251, 8.124, 8.374], "rotation": 270, "texture": "#texture"}
			}
		},
		{
			"name": "Nathan2",
			"from": [8.25, 12.25, 7.875],
			"to": [8.375, 12.375, 8.125],
			"faces": {
				"north": {"uv": [7.626, 3.626, 7.749, 3.749], "texture": "#texture"},
				"east": {"uv": [7.876, 3.626, 8.124, 3.749], "texture": "#texture"},
				"south": {"uv": [8.251, 3.626, 8.374, 3.749], "texture": "#texture"},
				"up": {"uv": [7.876, 8.251, 8.124, 8.374], "rotation": 270, "texture": "#texture"},
				"down": {"uv": [8.124, 8.374, 7.876, 8.251], "rotation": 90, "texture": "#texture"}
			}
		},
		{
			"name": "Nathan2",
			"from": [8.25, 12.75, 7.875],
			"to": [8.375, 13, 8.125],
			"faces": {
				"north": {"uv": [7.626, 3.001, 7.749, 3.249], "texture": "#texture"},
				"east": {"uv": [7.876, 3.001, 8.124, 3.249], "texture": "#texture"},
				"south": {"uv": [8.251, 3.001, 8.374, 3.249], "texture": "#texture"},
				"up": {"uv": [7.876, 8.251, 8.124, 8.374], "rotation": 270, "texture": "#texture"}
			}
		},
		{
			"name": "Nathan2",
			"from": [8.25, 13.75, 7.875],
			"to": [8.625, 13.875, 8.125],
			"faces": {
				"north": {"uv": [7.376, 2.126, 7.749, 2.249], "texture": "#texture"},
				"south": {"uv": [8.251, 2.126, 8.624, 2.249], "texture": "#texture"},
				"west": {"uv": [7.876, 2.126, 8.124, 2.249], "texture": "#texture"},
				"up": {"uv": [7.876, 8.251, 8.124, 8.624], "rotation": 270, "texture": "#texture"}
			}
		},
		{
			"name": "Nathan2",
			"from": [8.25, 14.75, 7.875],
			"to": [8.5, 15, 8.125],
			"faces": {
				"north": {"uv": [0.499, 0.001, 0.001, 0.499], "texture": "#texture"},
				"east": {"uv": [0.499, 0.499, 0.001, 0.001], "texture": "#texture"},
				"south": {"uv": [0.001, 0.001, 0.499, 0.499], "texture": "#texture"},
				"up": {"uv": [0.499, 0.001, 0.001, 0.499], "rotation": 270, "texture": "#texture"},
				"down": {"uv": [0.499, 0.499, 0.001, 0.001], "rotation": 90, "texture": "#texture"}
			}
		},
		{
			"name": "Nathan2",
			"from": [8.375, 1.125, 7.875],
			"to": [8.5, 1.25, 8.125],
			"faces": {
				"north": {"uv": [7.501, 14.751, 7.624, 14.874], "texture": "#texture"},
				"east": {"uv": [7.876, 14.751, 8.124, 14.874], "texture": "#texture"},
				"south": {"uv": [8.376, 14.751, 8.499, 14.874], "texture": "#texture"},
				"up": {"uv": [7.876, 8.376, 8.124, 8.499], "rotation": 270, "texture": "#texture"},
				"down": {"uv": [8.124, 8.499, 7.876, 8.376], "rotation": 90, "texture": "#texture"}
			}
		},
		{
			"name": "Nathan2",
			"from": [8.375, 1.5, 7.875],
			"to": [8.5, 2, 8.125],
			"faces": {
				"north": {"uv": [7.501, 14.001, 7.624, 14.499], "texture": "#texture"},
				"east": {"uv": [7.876, 14.001, 8.124, 14.499], "texture": "#texture"},
				"south": {"uv": [8.376, 14.001, 8.499, 14.499], "texture": "#texture"},
				"up": {"uv": [7.876, 8.376, 8.124, 8.499], "rotation": 270, "texture": "#texture"},
				"down": {"uv": [8.124, 8.499, 7.876, 8.376], "rotation": 90, "texture": "#texture"}
			}
		},
		{
			"name": "Nathan2",
			"from": [8.375, 5.75, 7.875],
			"to": [8.5, 6.375, 8.125],
			"faces": {
				"north": {"uv": [7.501, 9.626, 7.624, 10.249], "texture": "#texture"},
				"east": {"uv": [7.876, 9.626, 8.124, 10.249], "texture": "#texture"},
				"south": {"uv": [8.376, 9.626, 8.499, 10.249], "texture": "#texture"},
				"up": {"uv": [7.876, 8.376, 8.124, 8.499], "rotation": 270, "texture": "#texture"},
				"down": {"uv": [8.124, 8.499, 7.876, 8.376], "rotation": 90, "texture": "#texture"}
			}
		},
		{
			"name": "Nathan2",
			"from": [8.375, 12.625, 7.875],
			"to": [8.5, 12.75, 8.125],
			"faces": {
				"north": {"uv": [7.501, 3.251, 7.624, 3.374], "texture": "#texture"},
				"east": {"uv": [7.876, 3.251, 8.124, 3.374], "texture": "#texture"},
				"south": {"uv": [8.376, 3.251, 8.499, 3.374], "texture": "#texture"},
				"up": {"uv": [7.876, 8.376, 8.124, 8.499], "rotation": 270, "texture": "#texture"},
				"down": {"uv": [8.124, 8.499, 7.876, 8.376], "rotation": 90, "texture": "#texture"}
			}
		},
		{
			"name": "Nathan2",
			"from": [8.5, 13.375, 7.875],
			"to": [8.875, 13.5, 8.125],
			"faces": {
				"north": {"uv": [7.126, 2.501, 7.499, 2.624], "texture": "#texture"},
				"east": {"uv": [7.876, 2.501, 8.124, 2.624], "texture": "#texture"},
				"south": {"uv": [8.501, 2.501, 8.874, 2.624], "texture": "#texture"},
				"up": {"uv": [7.876, 8.501, 8.124, 8.874], "rotation": 270, "texture": "#texture"},
				"down": {"uv": [8.124, 8.874, 7.876, 8.501], "rotation": 90, "texture": "#texture"}
			}
		},
		{
			"name": "Nathan2",
			"from": [8.5, 14.875, 7.875],
			"to": [8.625, 15, 8.125],
			"faces": {
				"north": {"uv": [-0.001, -0.001, 0.001, 0.001], "texture": "#texture"},
				"east": {"uv": [-0.001, -0.001, 0.001, 0.001], "texture": "#texture"},
				"south": {"uv": [-0.001, -0.001, 0.001, 0.001], "texture": "#texture"},
				"up": {"uv": [-0.001, -0.001, 0.001, 0.001], "rotation": 270, "texture": "#texture"},
				"down": {"uv": [-0.001, -0.001, 0.001, 0.001], "rotation": 90, "texture": "#texture"}
			}
		},
		{
			"name": "Nathan2",
			"from": [8.625, 13.875, 7.875],
			"to": [8.75, 14.125, 8.125],
			"faces": {
				"north": {"uv": [7.251, 1.876, 7.374, 2.124], "texture": "#texture"},
				"east": {"uv": [7.876, 1.876, 8.124, 2.124], "texture": "#texture"},
				"south": {"uv": [8.626, 1.876, 8.749, 2.124], "texture": "#texture"},
				"west": {"uv": [7.876, 1.876, 8.124, 2.124], "texture": "#texture"},
				"up": {"uv": [7.876, 8.626, 8.124, 8.749], "rotation": 270, "texture": "#texture"}
			}
		},
		{
			"name": "Nathan2",
			"from": [8.75, 14, 7.875],
			"to": [8.875, 14.25, 8.125],
			"faces": {
				"north": {"uv": [7.126, 1.751, 7.249, 1.999], "texture": "#texture"},
				"east": {"uv": [7.876, 1.751, 8.124, 1.999], "texture": "#texture"},
				"south": {"uv": [8.751, 1.751, 8.874, 1.999], "texture": "#texture"},
				"west": {"uv": [7.876, 1.751, 8.124, 1.999], "texture": "#texture"},
				"up": {"uv": [7.876, 8.751, 8.124, 8.874], "rotation": 270, "texture": "#texture"}
			}
		},
		{
			"name": "Nathan2",
			"from": [8.75, 15.5, 7.875],
			"to": [8.875, 15.625, 8.125],
			"faces": {
				"north": {"uv": [7.126, 0.376, 7.249, 0.499], "texture": "#texture"},
				"east": {"uv": [7.876, 0.376, 8.124, 0.499], "texture": "#texture"},
				"south": {"uv": [8.751, 0.376, 8.874, 0.499], "texture": "#texture"},
				"west": {"uv": [7.876, 0.376, 8.124, 0.499], "texture": "#texture"},
				"up": {"uv": [7.876, 8.751, 8.124, 8.874], "rotation": 270, "texture": "#texture"},
				"down": {"uv": [8.124, 8.874, 7.876, 8.751], "rotation": 90, "texture": "#texture"}
			}
		},
		{
			"name": "Nathan2",
			"from": [8.875, 13.5, 7.875],
			"to": [9, 13.625, 8.125],
			"faces": {
				"north": {"uv": [7.001, 2.376, 7.124, 2.499], "texture": "#texture"},
				"east": {"uv": [7.876, 2.376, 8.124, 2.499], "texture": "#texture"},
				"south": {"uv": [8.876, 2.376, 8.999, 2.499], "texture": "#texture"},
				"down": {"uv": [8.124, 8.999, 7.876, 8.876], "rotation": 90, "texture": "#texture"}
			}
		},
		{
			"name": "Nathan2",
			"from": [8.875, 14.125, 7.875],
			"to": [9, 14.375, 8.125],
			"faces": {
				"north": {"uv": [7.001, 1.626, 7.124, 1.874], "texture": "#texture"},
				"south": {"uv": [8.876, 1.626, 8.999, 1.874], "texture": "#texture"},
				"west": {"uv": [7.876, 1.626, 8.124, 1.874], "texture": "#texture"},
				"up": {"uv": [7.876, 8.876, 8.124, 8.999], "rotation": 270, "texture": "#texture"}
			}
		},
		{
			"name": "Nathan2",
			"from": [8.875, 15.375, 7.875],
			"to": [9.125, 15.5, 8.125],
			"faces": {
				"north": {"uv": [6.876, 0.501, 7.124, 0.624], "texture": "#texture"},
				"east": {"uv": [7.876, 0.501, 8.124, 0.624], "texture": "#texture"},
				"south": {"uv": [8.876, 0.501, 9.124, 0.624], "texture": "#texture"},
				"west": {"uv": [7.876, 0.501, 8.124, 0.624], "texture": "#texture"},
				"up": {"uv": [7.876, 8.876, 8.124, 9.124], "rotation": 270, "texture": "#texture"},
				"down": {"uv": [8.124, 9.124, 7.876, 8.876], "rotation": 90, "texture": "#texture"}
			}
		},
		{
			"name": "Nathan2",
			"from": [9, 13.625, 7.875],
			"to": [9.125, 13.875, 8.125],
			"faces": {
				"north": {"uv": [6.876, 2.126, 6.999, 2.374], "texture": "#texture"},
				"east": {"uv": [7.876, 2.126, 8.124, 2.374], "texture": "#texture"},
				"south": {"uv": [9.001, 2.126, 9.124, 2.374], "texture": "#texture"},
				"west": {"uv": [7.876, 2.126, 8.124, 2.374], "texture": "#texture"},
				"down": {"uv": [8.124, 9.124, 7.876, 9.001], "rotation": 90, "texture": "#texture"}
			}
		},
		{
			"name": "Nathan2",
			"from": [9, 14.375, 7.875],
			"to": [9.125, 15.375, 8.125],
			"faces": {
				"north": {"uv": [6.876, 0.626, 6.999, 1.624], "texture": "#texture"},
				"east": {"uv": [7.876, 0.626, 8.124, 1.624], "texture": "#texture"},
				"south": {"uv": [9.001, 0.626, 9.124, 1.624], "texture": "#texture"},
				"west": {"uv": [7.876, 0.626, 8.124, 1.624], "texture": "#texture"}
			}
		},
		{
			"name": "Nathan2",
			"from": [9.125, 13.75, 7.875],
			"to": [9.25, 14, 8.125],
			"faces": {
				"north": {"uv": [6.751, 2.001, 6.874, 2.249], "texture": "#texture"},
				"east": {"uv": [7.876, 2.001, 8.124, 2.249], "texture": "#texture"},
				"south": {"uv": [9.126, 2.001, 9.249, 2.249], "texture": "#texture"},
				"west": {"uv": [7.876, 2.001, 8.124, 2.249], "texture": "#texture"},
				"down": {"uv": [8.124, 9.249, 7.876, 9.126], "rotation": 90, "texture": "#texture"}
			}
		},
		{
			"name": "Nathan2",
			"from": [9.125, 15.125, 7.875],
			"to": [9.25, 15.375, 8.125],
			"faces": {
				"north": {"uv": [6.751, 0.626, 6.874, 0.874], "texture": "#texture"},
				"east": {"uv": [7.876, 0.626, 8.124, 0.874], "texture": "#texture"},
				"south": {"uv": [9.126, 0.626, 9.249, 0.874], "texture": "#texture"},
				"up": {"uv": [7.876, 9.126, 8.124, 9.249], "rotation": 270, "texture": "#texture"}
			}
		},
		{
			"name": "Nathan2",
			"from": [9.25, 13.875, 7.875],
			"to": [9.375, 14.25, 8.125],
			"faces": {
				"north": {"uv": [6.626, 1.751, 6.749, 2.124], "texture": "#texture"},
				"east": {"uv": [7.876, 1.751, 8.124, 2.124], "texture": "#texture"},
				"south": {"uv": [9.251, 1.751, 9.374, 2.124], "texture": "#texture"},
				"west": {"uv": [7.876, 1.751, 8.124, 2.124], "texture": "#texture"},
				"down": {"uv": [8.124, 9.374, 7.876, 9.251], "rotation": 90, "texture": "#texture"}
			}
		},
		{
			"name": "Nathan2",
			"from": [9.25, 14.875, 7.875],
			"to": [9.375, 15.125, 8.125],
			"faces": {
				"north": {"uv": [6.626, 0.876, 6.749, 1.124], "texture": "#texture"},
				"east": {"uv": [7.876, 0.876, 8.124, 1.124], "texture": "#texture"},
				"south": {"uv": [9.251, 0.876, 9.374, 1.124], "texture": "#texture"},
				"up": {"uv": [7.876, 9.251, 8.124, 9.374], "rotation": 270, "texture": "#texture"}
			}
		},
		{
			"name": "Nathan2",
			"from": [9.375, 14.375, 7.875],
			"to": [9.5, 14.875, 8.125],
			"faces": {
				"north": {"uv": [6.501, 1.126, 6.624, 1.624], "texture": "#texture"},
				"east": {"uv": [7.876, 1.126, 8.124, 1.624], "texture": "#texture"},
				"south": {"uv": [9.376, 1.126, 9.499, 1.624], "texture": "#texture"},
				"up": {"uv": [7.876, 9.376, 8.124, 9.499], "rotation": 270, "texture": "#texture"},
				"down": {"uv": [8.124, 9.499, 7.876, 9.376], "rotation": 90, "texture": "#texture"}
			}
		}
	],
	"display": {
		"thirdperson_righthand": {
			"rotation": [0, 180, 0],
			"translation": [0, 1.89, 1.13],
			"scale": [1.2, 1.2, 1.2]
		},
		"thirdperson_lefthand": {
			"rotation": [0, 180, 0],
			"translation": [0, 1.89, 1.13],
			"scale": [1.2, 1.2, 1.2]
		},
		"firstperson_righthand": {
			"rotation": [0, -99, -14],
			"translation": [1, 3.25, 0.56],
			"scale": [0.9, 0.9, 0.9]
		},
		"firstperson_lefthand": {
			"rotation": [0, 99, 14],
			"translation": [1, 3.25, 0.56],
			"scale": [0.9, 0.9, 0.9]
		},
		"ground": {
			"rotation": [-70, 0, 0]
		},
		"gui": {
			"rotation": [71, 45, -84],
			"translation": [-0.2, -0.2, 0],
			"scale": [1.2, 1.2, 1.2]
		},
		"head": {
			"rotation": [-70, 0, 0],
			"translation": [6.99, 0.5, 0],
			"scale": [1.3, 1.3, 1.3]
		},
		"fixed": {
			"rotation": [0, 0, 45],
			"translation": [0, 0, -0.5],
			"scale": [1.2, 1.2, 1.2]
		}
	}
}