{
	"credit": "Made with Blockbench",
	"texture_size": [64, 64],
	"textures": {
		"1": "item/weapons/axe_cursed"
	},
	"elements": [
		{
			"from": [7.25, 2, 7.25],
			"to": [8.75, 22, 8.75],
			"rotation": {"angle": 0, "axis": "y", "origin": [8, 13.69573, 8]},
			"faces": {
				"north": {"uv": [3.75, 0, 4.125, 5], "texture": "#1"},
				"east": {"uv": [4.25, 0, 4.625, 5], "texture": "#1"},
				"south": {"uv": [4.75, 0, 5.125, 5], "texture": "#1"},
				"west": {"uv": [3.75, 5, 4.125, 10], "texture": "#1"},
				"up": {"uv": [8.125, 8.375, 7.75, 8], "texture": "#1"},
				"down": {"uv": [0.375, 8.25, 0, 8.625], "texture": "#1"}
			}
		},
		{
			"from": [7, 19, 7],
			"to": [9, 28, 9],
			"rotation": {"angle": 0, "axis": "y", "origin": [8, 13.69573, 8]},
			"faces": {
				"north": {"uv": [4.25, 5, 4.75, 7.25], "texture": "#1"},
				"east": {"uv": [4.75, 5, 5.25, 7.25], "texture": "#1"},
				"south": {"uv": [5.25, 0, 5.75, 2.25], "texture": "#1"},
				"west": {"uv": [5.25, 2.25, 5.75, 4.5], "texture": "#1"},
				"up": {"uv": [5.25, 7.75, 4.75, 7.25], "texture": "#1"},
				"down": {"uv": [7.75, 6, 7.25, 6.5], "texture": "#1"}
			}
		},
		{
			"from": [5, 25.25, 7.5],
			"to": [16, 26.75, 8.5],
			"rotation": {"angle": 0, "axis": "y", "origin": [8, 13.69573, 8]},
			"faces": {
				"north": {"uv": [5.25, 4.5, 8, 4.875], "texture": "#1"},
				"east": {"uv": [1.75, 6.5, 2, 6.875], "texture": "#1"},
				"south": {"uv": [5.25, 5, 8, 5.375], "texture": "#1"},
				"west": {"uv": [3.5, 6.5, 3.75, 6.875], "texture": "#1"},
				"up": {"uv": [8.5, 0.25, 5.75, 0], "texture": "#1"},
				"down": {"uv": [8.5, 0.25, 5.75, 0.5], "texture": "#1"}
			}
		},
		{
			"from": [1, 16.75, 7.75],
			"to": [16, 27.25, 8.25],
			"rotation": {"angle": 0, "axis": "y", "origin": [8, 13.69573, 8]},
			"faces": {
				"north": {"uv": [0, 0, 3.75, 2.625], "texture": "#1"},
				"east": {"uv": [4.25, 7.25, 4.375, 9.875], "texture": "#1"},
				"south": {"uv": [0, 2.75, 3.75, 5.375], "texture": "#1"},
				"west": {"uv": [4.5, 7.25, 4.625, 9.875], "texture": "#1"},
				"up": {"uv": [9.5, 4.125, 5.75, 4], "texture": "#1"},
				"down": {"uv": [9.5, 4.25, 5.75, 4.375], "texture": "#1"}
			}
		},
		{
			"from": [16, 21.25, 7.25],
			"to": [18, 27.25, 8.75],
			"rotation": {"angle": 0, "axis": "y", "origin": [8, 13.69573, 8]},
			"faces": {
				"north": {"uv": [2, 5.5, 2.5, 7], "texture": "#1"},
				"east": {"uv": [0.75, 6.5, 1.125, 8], "texture": "#1"},
				"south": {"uv": [2.5, 5.5, 3, 7], "texture": "#1"},
				"west": {"uv": [1.25, 6.5, 1.625, 8], "texture": "#1"},
				"up": {"uv": [5.25, 8.125, 4.75, 7.75], "texture": "#1"},
				"down": {"uv": [8.25, 6, 7.75, 6.375], "texture": "#1"}
			}
		},
		{
			"from": [11.57421, 21.10859, 7.2],
			"to": [13.57421, 26.10859, 8.7],
			"rotation": {"angle": -22.5, "axis": "z", "origin": [3.57421, 12.55432, 8]},
			"faces": {
				"north": {"uv": [5.75, 5.5, 6.25, 6.75], "texture": "#1"},
				"east": {"uv": [6.25, 6.75, 6.625, 8], "texture": "#1"},
				"south": {"uv": [6.25, 5.5, 6.75, 6.75], "texture": "#1"},
				"west": {"uv": [3.25, 7, 3.625, 8.25], "texture": "#1"},
				"up": {"uv": [8.25, 7.875, 7.75, 7.5], "texture": "#1"},
				"down": {"uv": [1.25, 8, 0.75, 8.375], "texture": "#1"}
			}
		},
		{
			"from": [6.9312, 23.67162, 7.25],
			"to": [9.4312, 27.67162, 8.75],
			"rotation": {"angle": -45, "axis": "z", "origin": [-0.5688, 14.11735, 8]},
			"faces": {
				"north": {"uv": [0, 6.5, 0.625, 7.5], "texture": "#1"},
				"east": {"uv": [7.25, 1.5, 7.625, 2.5], "texture": "#1"},
				"south": {"uv": [6.5, 0.5, 7.125, 1.5], "texture": "#1"},
				"west": {"uv": [7.25, 2.5, 7.625, 3.5], "texture": "#1"},
				"up": {"uv": [7.875, 6.875, 7.25, 6.5], "texture": "#1"},
				"down": {"uv": [7.875, 7, 7.25, 7.375], "texture": "#1"}
			}
		},
		{
			"from": [6.9312, 27.67162, 7.25],
			"to": [7.9312, 28.67162, 8.75],
			"rotation": {"angle": -45, "axis": "z", "origin": [-0.5688, 14.11735, 8]},
			"faces": {
				"north": {"uv": [3.5, 8.5, 3.75, 8.75], "texture": "#1"},
				"east": {"uv": [8.25, 6, 8.625, 6.25], "texture": "#1"},
				"south": {"uv": [8.5, 3.5, 8.75, 3.75], "texture": "#1"},
				"west": {"uv": [8.25, 6.25, 8.625, 6.5], "texture": "#1"},
				"up": {"uv": [7, 8.625, 6.75, 8.25], "texture": "#1"},
				"down": {"uv": [7.25, 8.25, 7, 8.625], "texture": "#1"}
			}
		},
		{
			"from": [11.8165, 14.12076, 7.2],
			"to": [12.77321, 16.43046, 8.7],
			"rotation": {"angle": 22.5, "axis": "z", "origin": [13.8165, 15.18046, 8]},
			"faces": {
				"north": {"uv": [3, 8, 3.25, 8.625], "texture": "#1"},
				"east": {"uv": [0, 7.5, 0.375, 8.125], "texture": "#1"},
				"south": {"uv": [6.25, 8, 6.5, 8.625], "texture": "#1"},
				"west": {"uv": [7.25, 7.5, 7.625, 8.125], "texture": "#1"},
				"up": {"uv": [6.75, 8.375, 6.5, 8], "texture": "#1"},
				"down": {"uv": [2.5, 8.25, 2.25, 8.625], "texture": "#1"}
			}
		},
		{
			"from": [5, 21.75, 7.52],
			"to": [11, 22.75, 8.52],
			"rotation": {"angle": 0, "axis": "y", "origin": [8, 13.69573, 8]},
			"faces": {
				"north": {"uv": [7.25, 0.5, 8.75, 0.75], "texture": "#1"},
				"east": {"uv": [1, 8.5, 1.25, 8.75], "texture": "#1"},
				"south": {"uv": [7.25, 0.75, 8.75, 1], "texture": "#1"},
				"west": {"uv": [1.25, 8.5, 1.5, 8.75], "texture": "#1"},
				"up": {"uv": [8.75, 1.25, 7.25, 1], "texture": "#1"},
				"down": {"uv": [8.75, 1.25, 7.25, 1.5], "texture": "#1"}
			}
		},
		{
			"from": [4.89056, 25.10904, 7.4999],
			"to": [7.39056, 26.10904, 8.5001],
			"rotation": {"angle": -45, "axis": "z", "origin": [3.89056, 17.05477, 7.9999]},
			"faces": {
				"north": {"uv": [8, 5.75, 8.625, 6], "texture": "#1"},
				"east": {"uv": [1.5, 8.5, 1.75, 8.75], "texture": "#1"},
				"south": {"uv": [8, 6.5, 8.625, 6.75], "texture": "#1"},
				"west": {"uv": [8.5, 1.5, 8.75, 1.75], "texture": "#1"},
				"up": {"uv": [8.625, 7, 8, 6.75], "texture": "#1"},
				"down": {"uv": [8.625, 7, 8, 7.25], "texture": "#1"}
			}
		},
		{
			"from": [3.82322, 25.73744, 7.499],
			"to": [5.82322, 27.23744, 8.501],
			"rotation": {"angle": -45, "axis": "z", "origin": [4.82322, 26.48744, 7.999]},
			"faces": {
				"north": {"uv": [1.25, 8, 1.75, 8.375], "texture": "#1"},
				"east": {"uv": [8.25, 8.25, 8.5, 8.625], "texture": "#1"},
				"south": {"uv": [8, 1.5, 8.5, 1.875], "texture": "#1"},
				"west": {"uv": [8.5, 0, 8.75, 0.375], "texture": "#1"},
				"up": {"uv": [8.75, 2.75, 8.25, 2.5], "texture": "#1"},
				"down": {"uv": [8.75, 2.75, 8.25, 3], "texture": "#1"}
			}
		},
		{
			"from": [1.64645, 26.22487, 7.5],
			"to": [4.64645, 27.72487, 8.5],
			"rotation": {"angle": 0, "axis": "z", "origin": [3.64645, 26.97487, 8]},
			"faces": {
				"north": {"uv": [7.25, 3.5, 8, 3.875], "texture": "#1"},
				"east": {"uv": [0.5, 8.5, 0.75, 8.875], "texture": "#1"},
				"south": {"uv": [7.25, 5.5, 8, 5.875], "texture": "#1"},
				"west": {"uv": [0.75, 8.5, 1, 8.875], "texture": "#1"},
				"up": {"uv": [2.5, 8.25, 1.75, 8], "texture": "#1"},
				"down": {"uv": [8.75, 2, 8, 2.25], "texture": "#1"}
			}
		},
		{
			"from": [-0.35355, 23.72487, 7.25],
			"to": [1.64645, 28.22487, 8.75],
			"rotation": {"angle": 0, "axis": "z", "origin": [3.64645, 26.97487, 8]},
			"faces": {
				"north": {"uv": [6.75, 1.5, 7.25, 2.625], "texture": "#1"},
				"east": {"uv": [5.25, 7, 5.625, 8.125], "texture": "#1"},
				"south": {"uv": [6.75, 2.75, 7.25, 3.875], "texture": "#1"},
				"west": {"uv": [6.75, 7, 7.125, 8.125], "texture": "#1"},
				"up": {"uv": [3, 8.375, 2.5, 8], "texture": "#1"},
				"down": {"uv": [8.5, 3.5, 8, 3.875], "texture": "#1"}
			}
		},
		{
			"from": [-0.64124, 20.91942, 7.249],
			"to": [1.35876, 26.91942, 8.751],
			"rotation": {"angle": 45, "axis": "z", "origin": [3.35876, 25.66942, 7.999]},
			"faces": {
				"north": {"uv": [3, 5.5, 3.5, 7], "texture": "#1"},
				"east": {"uv": [6.75, 5.5, 7.125, 7], "texture": "#1"},
				"south": {"uv": [5.25, 5.5, 5.75, 7], "texture": "#1"},
				"west": {"uv": [5.75, 6.75, 6.125, 8.25], "texture": "#1"},
				"up": {"uv": [8.5, 4.875, 8, 4.5], "texture": "#1"},
				"down": {"uv": [8.5, 5, 8, 5.375], "texture": "#1"}
			}
		},
		{
			"from": [9.60944, 25.10904, 7.4999],
			"to": [11.10944, 26.10904, 8.5001],
			"rotation": {"angle": 45, "axis": "z", "origin": [12.10944, 17.05477, 7.9999]},
			"faces": {
				"north": {"uv": [7.25, 8.25, 7.625, 8.5], "texture": "#1"},
				"east": {"uv": [8.5, 3.75, 8.75, 4], "texture": "#1"},
				"south": {"uv": [8.25, 7.5, 8.625, 7.75], "texture": "#1"},
				"west": {"uv": [8.5, 4.5, 8.75, 4.75], "texture": "#1"},
				"up": {"uv": [8.625, 8, 8.25, 7.75], "texture": "#1"},
				"down": {"uv": [8.625, 8, 8.25, 8.25], "texture": "#1"}
			}
		},
		{
			"from": [11.76777, 17.48223, 7.52],
			"to": [12.76777, 20.98223, 8.52],
			"rotation": {"angle": 0, "axis": "z", "origin": [3.7135, 21.98223, 8]},
			"faces": {
				"north": {"uv": [3.5, 5.5, 3.75, 6.375], "texture": "#1"},
				"east": {"uv": [6.5, 1.5, 6.75, 2.375], "texture": "#1"},
				"south": {"uv": [0.5, 7.5, 0.75, 8.375], "texture": "#1"},
				"west": {"uv": [7.75, 1.5, 8, 2.375], "texture": "#1"},
				"up": {"uv": [2, 8.75, 1.75, 8.5], "texture": "#1"},
				"down": {"uv": [8.75, 1.75, 8.5, 2], "texture": "#1"}
			}
		},
		{
			"from": [11.42678, 16.09835, 7.4999],
			"to": [12.92678, 17.09835, 8.5001],
			"rotation": {"angle": 45, "axis": "z", "origin": [11.17678, 16.59835, 7.9999]},
			"faces": {
				"north": {"uv": [8.25, 3.25, 8.625, 3.5], "texture": "#1"},
				"east": {"uv": [2, 8.5, 2.25, 8.75], "texture": "#1"},
				"south": {"uv": [4.75, 8.25, 5.125, 8.5], "texture": "#1"},
				"west": {"uv": [2.5, 8.5, 2.75, 8.75], "texture": "#1"},
				"up": {"uv": [5.625, 8.5, 5.25, 8.25], "texture": "#1"},
				"down": {"uv": [6.125, 8.25, 5.75, 8.5], "texture": "#1"}
			}
		},
		{
			"from": [11.38388, 16.2019, 7.5],
			"to": [12.38388, 16.7019, 8.5],
			"rotation": {"angle": 45, "axis": "z", "origin": [11.88388, 16.9519, 8]},
			"faces": {
				"north": {"uv": [4.75, 8.5, 5, 8.625], "texture": "#1"},
				"east": {"uv": [8.5, 4.75, 8.75, 4.875], "texture": "#1"},
				"south": {"uv": [5, 8.5, 5.25, 8.625], "texture": "#1"},
				"west": {"uv": [8.5, 5, 8.75, 5.125], "texture": "#1"},
				"up": {"uv": [3, 8.75, 2.75, 8.5], "texture": "#1"},
				"down": {"uv": [3.5, 8.5, 3.25, 8.75], "texture": "#1"}
			}
		},
		{
			"from": [6.5, 1, 6.75],
			"to": [9.5, 2, 9.25],
			"rotation": {"angle": 0, "axis": "y", "origin": [8, 13.69573, 8]},
			"faces": {
				"north": {"uv": [1.75, 7.75, 2.5, 8], "texture": "#1"},
				"east": {"uv": [8, 2.25, 8.625, 2.5], "texture": "#1"},
				"south": {"uv": [2.5, 7.75, 3.25, 8], "texture": "#1"},
				"west": {"uv": [8, 5.5, 8.625, 5.75], "texture": "#1"},
				"up": {"uv": [2.5, 7.625, 1.75, 7], "texture": "#1"},
				"down": {"uv": [3.25, 7, 2.5, 7.625], "texture": "#1"}
			}
		},
		{
			"from": [7, 0, 7.25],
			"to": [9, 1, 8.75],
			"rotation": {"angle": 0, "axis": "y", "origin": [8, 0.5, 8]},
			"faces": {
				"north": {"uv": [8, 7.25, 8.5, 7.5], "texture": "#1"},
				"east": {"uv": [8.25, 3, 8.625, 3.25], "texture": "#1"},
				"south": {"uv": [1.75, 8.25, 2.25, 8.5], "texture": "#1"},
				"west": {"uv": [3.25, 8.25, 3.625, 8.5], "texture": "#1"},
				"up": {"uv": [8.25, 2.875, 7.75, 2.5], "texture": "#1"},
				"down": {"uv": [8.25, 3, 7.75, 3.375], "texture": "#1"}
			}
		},
		{
			"from": [11.86311, 19.46356, 6.75],
			"to": [15.86311, 23.46356, 9.25],
			"rotation": {"angle": 45, "axis": "z", "origin": [8, 15.60045, 8]},
			"faces": {
				"north": {"uv": [0, 5.5, 1, 6.5], "texture": "#1"},
				"east": {"uv": [5.75, 0.5, 6.375, 1.5], "texture": "#1"},
				"south": {"uv": [1, 5.5, 2, 6.5], "texture": "#1"},
				"west": {"uv": [5.75, 1.5, 6.375, 2.5], "texture": "#1"},
				"up": {"uv": [6.75, 3.125, 5.75, 2.5], "texture": "#1"},
				"down": {"uv": [6.75, 3.25, 5.75, 3.875], "texture": "#1"}
			}
		}
	],
	"display": {
		"thirdperson_righthand": {
			"rotation": [0, 90, 0],
			"translation": [-0.5, -0.5, 1.25],
			"scale": [0.7, 0.71, 0.71]
		},
		"thirdperson_lefthand": {
			"rotation": [0, -90, 0],
			"translation": [-0.25, -0.5, 1.25],
			"scale": [0.7, 0.71, 0.71]
		},
		"firstperson_righthand": {
			"rotation": [0, 90, 0],
			"translation": [3.75, 2.75, 0],
			"scale": [0.64, 0.71, 0.68]
		},
		"firstperson_lefthand": {
			"rotation": [0, -90, 0],
			"translation": [3.75, 2.75, 0],
			"scale": [0.64, 0.71, 0.68]
		},
		"ground": {
			"rotation": [90, 0, 0],
			"translation": [0, 0, -4],
			"scale": [0.79, 0.8, 0.74]
		},
		"gui": {
			"rotation": [0, 0, -45],
			"translation": [-3.5, -3.25, 0],
			"scale": [0.53, 0.56, 0.65]
		},
		"fixed": {
			"translation": [0, -3.75, -3]
		}
	}
}