{
	"credit": "Made with Blockbench",
	"texture_size": [32, 32],
	"textures": {
		"0": "item/weapons/bow_amethyst",
		"1": "item/weapons/bow_amethyst_effect",
		"particle": "item/weapons/bow_amethyst"
	},
	"elements": [
		{
			"from": [9.62696, 12.48015, 7.277],
			"to": [12.62696, 13.48015, 8.727],
			"rotation": {"angle": -22.5, "axis": "z", "origin": [12.62696, 12.23015, 6.502]},
			"faces": {
				"north": {"uv": [11.5, 8.5, 13, 9], "texture": "#0"},
				"east": {"uv": [2, 14, 2.75, 14.5], "texture": "#0"},
				"south": {"uv": [0.5, 12, 2, 12.5], "texture": "#0"},
				"west": {"uv": [14, 2, 14.75, 2.5], "texture": "#0"},
				"up": {"uv": [9.5, 4.75, 8, 4], "texture": "#0"},
				"down": {"uv": [6.5, 8, 5, 8.75], "texture": "#0"}
			}
		},
		{
			"from": [9.62696, 6.19219, 7.277],
			"to": [12.62696, 7.19219, 8.727],
			"rotation": {"angle": 22.5, "axis": "z", "origin": [12.62696, 7.44219, 6.502]},
			"faces": {
				"north": {"uv": [1.5, 12.5, 3, 13], "texture": "#0"},
				"east": {"uv": [14, 5, 14.75, 5.5], "texture": "#0"},
				"south": {"uv": [12.5, 1.5, 14, 2], "texture": "#0"},
				"west": {"uv": [14, 8, 14.75, 8.5], "texture": "#0"},
				"up": {"uv": [11, 4.75, 9.5, 4], "texture": "#0"},
				"down": {"uv": [9, 9.5, 7.5, 10.25], "texture": "#0"}
			}
		},
		{
			"from": [10.16136, 13.55156, 7.252],
			"to": [11.66136, 16.05156, 8.752],
			"rotation": {"angle": 22.5, "axis": "z", "origin": [9.91136, 13.05156, 6.502]},
			"faces": {
				"north": {"uv": [3, 9.5, 3.75, 10.75], "texture": "#0"},
				"east": {"uv": [9, 9.5, 9.75, 10.75], "texture": "#0"},
				"south": {"uv": [10, 0, 10.75, 1.25], "texture": "#0"},
				"west": {"uv": [10, 5, 10.75, 6.25], "texture": "#0"},
				"up": {"uv": [3.75, 13.25, 3, 12.5], "texture": "#0"},
				"down": {"uv": [6.75, 12.5, 6, 13.25], "texture": "#0"}
			}
		},
		{
			"from": [10.16136, 3.62078, 7.252],
			"to": [11.66136, 6.12078, 8.752],
			"rotation": {"angle": -22.5, "axis": "z", "origin": [9.91136, 6.62078, 6.502]},
			"faces": {
				"north": {"uv": [8, 10.5, 8.75, 11.75], "texture": "#0"},
				"east": {"uv": [11, 0, 11.75, 1.25], "texture": "#0"},
				"south": {"uv": [2, 11, 2.75, 12.25], "texture": "#0"},
				"west": {"uv": [3, 11, 3.75, 12.25], "texture": "#0"},
				"up": {"uv": [13.75, 11.25, 13, 10.5], "texture": "#0"},
				"down": {"uv": [13.75, 11.5, 13, 12.25], "texture": "#0"}
			}
		},
		{
			"from": [5.33446, 16.1173, 7.002],
			"to": [10.33446, 17.6173, 9.002],
			"rotation": {"angle": -45, "axis": "z", "origin": [9, 17, 8]},
			"faces": {
				"north": {"uv": [4, 4, 6.5, 4.75], "texture": "#0"},
				"east": {"uv": [10, 11, 11, 11.75], "texture": "#0"},
				"south": {"uv": [4.5, 0, 7, 0.75], "texture": "#0"},
				"west": {"uv": [11, 10, 12, 10.75], "texture": "#0"},
				"up": {"uv": [4.5, 1, 2, 0], "texture": "#0"},
				"down": {"uv": [4.5, 1, 2, 2], "texture": "#0"}
			}
		},
		{
			"from": [2.84971, 17.97306, 7.252],
			"to": [5.84971, 18.97306, 8.752],
			"rotation": {"angle": -22.5, "axis": "z", "origin": [9, 17, 8]},
			"faces": {
				"north": {"uv": [11, 9, 12.5, 9.5], "texture": "#0"},
				"east": {"uv": [0.5, 14, 1.25, 14.5], "texture": "#0"},
				"south": {"uv": [11, 9.5, 12.5, 10], "texture": "#0"},
				"west": {"uv": [14, 0.5, 14.75, 1], "texture": "#0"},
				"up": {"uv": [6, 3.75, 4.5, 3], "texture": "#0"},
				"down": {"uv": [8.5, 1.5, 7, 2.25], "texture": "#0"}
			}
		},
		{
			"from": [5.33915, 22.03696, 7.502],
			"to": [6.33915, 25.03696, 8.502],
			"rotation": {"angle": 22.5, "axis": "z", "origin": [9, 17, 8]},
			"faces": {
				"north": {"uv": [11, 11, 11.5, 12.5], "texture": "#0"},
				"east": {"uv": [11.5, 1.5, 12, 3], "texture": "#0"},
				"south": {"uv": [11.5, 3, 12, 4.5], "texture": "#0"},
				"west": {"uv": [11.5, 4.5, 12, 6], "texture": "#0"},
				"up": {"uv": [7, 5, 6.5, 4.5], "texture": "#0"},
				"down": {"uv": [7.5, 2.5, 7, 3], "texture": "#0"}
			}
		},
		{
			"from": [0.72839, 20.09438, 7.252],
			"to": [1.72839, 22.09438, 8.752],
			"rotation": {"angle": -22.5, "axis": "z", "origin": [9, 17, 8]},
			"faces": {
				"north": {"uv": [6, 3, 6.5, 4], "texture": "#0"},
				"east": {"uv": [6, 11.5, 6.75, 12.5], "texture": "#0"},
				"south": {"uv": [6.5, 8, 7, 9], "texture": "#0"},
				"west": {"uv": [11.5, 6, 12.25, 7], "texture": "#0"},
				"up": {"uv": [14.5, 1.75, 14, 1], "texture": "#0"},
				"down": {"uv": [2, 14, 1.5, 14.75], "texture": "#0"}
			}
		},
		{
			"from": [0.22839, 22.09438, 6.752],
			"to": [2.22839, 23.09438, 9.252],
			"rotation": {"angle": -22.5, "axis": "z", "origin": [9, 17, 8]},
			"faces": {
				"north": {"uv": [3.5, 13.5, 4.5, 14], "texture": "#0"},
				"east": {"uv": [12.5, 2, 13.75, 2.5], "texture": "#0"},
				"south": {"uv": [13.5, 5.5, 14.5, 6], "texture": "#0"},
				"west": {"uv": [12.5, 2.5, 13.75, 3], "texture": "#0"},
				"up": {"uv": [6, 6.25, 5, 5], "texture": "#0"},
				"down": {"uv": [7, 5, 6, 6.25], "texture": "#0"}
			}
		},
		{
			"from": [2.80938, -5.47024, 7.252],
			"to": [3.80938, -3.47024, 8.752],
			"rotation": {"angle": 22.5, "axis": "z", "origin": [2.37832, -4.08269, 8.252]},
			"faces": {
				"north": {"uv": [8, 13.5, 8.5, 14.5], "texture": "#0"},
				"east": {"uv": [12, 4.5, 12.75, 5.5], "texture": "#0"},
				"south": {"uv": [13.5, 9, 14, 10], "texture": "#0"},
				"west": {"uv": [5, 12, 5.75, 13], "texture": "#0"},
				"up": {"uv": [14.5, 3.25, 14, 2.5], "texture": "#0"},
				"down": {"uv": [4, 14, 3.5, 14.75], "texture": "#0"}
			}
		},
		{
			"from": [2.30938, -6.47024, 6.752],
			"to": [4.30938, -5.47024, 9.252],
			"rotation": {"angle": 22.5, "axis": "z", "origin": [2.37832, -4.08269, 8.252]},
			"faces": {
				"north": {"uv": [6, 13.5, 7, 14], "texture": "#0"},
				"east": {"uv": [12.5, 3, 13.75, 3.5], "texture": "#0"},
				"south": {"uv": [13.5, 6, 14.5, 6.5], "texture": "#0"},
				"west": {"uv": [12.5, 3.5, 13.75, 4], "texture": "#0"},
				"up": {"uv": [3, 7.75, 2, 6.5], "texture": "#0"},
				"down": {"uv": [4, 6.5, 3, 7.75], "texture": "#0"}
			}
		},
		{
			"from": [3.48869, -3.36868, 7.502],
			"to": [4.48869, -0.36868, 8.502],
			"rotation": {"angle": -22.5, "axis": "z", "origin": [3.05763, -0.98113, 8.002]},
			"faces": {
				"north": {"uv": [7, 12, 7.5, 13.5], "texture": "#0"},
				"east": {"uv": [12, 7, 12.5, 8.5], "texture": "#0"},
				"south": {"uv": [7.5, 12, 8, 13.5], "texture": "#0"},
				"west": {"uv": [8, 12, 8.5, 13.5], "texture": "#0"},
				"up": {"uv": [14.5, 9.5, 14, 9], "texture": "#0"},
				"down": {"uv": [10, 14, 9.5, 14.5], "texture": "#0"}
			}
		},
		{
			"from": [3.34355, -0.6994, 7.252],
			"to": [6.34355, 0.3006, 8.752],
			"rotation": {"angle": 22.5, "axis": "z", "origin": [5.7311, 0.73166, 8.002]},
			"faces": {
				"north": {"uv": [12, 5.5, 13.5, 6], "texture": "#0"},
				"east": {"uv": [14, 3.5, 14.75, 4], "texture": "#0"},
				"south": {"uv": [12, 10, 13.5, 10.5], "texture": "#0"},
				"west": {"uv": [14, 4, 14.75, 4.5], "texture": "#0"},
				"up": {"uv": [10, 3.75, 8.5, 3], "texture": "#0"},
				"down": {"uv": [7.5, 9, 6, 9.75], "texture": "#0"}
			}
		},
		{
			"from": [4.72845, 1.25267, 7.002],
			"to": [9.72845, 2.75267, 9.002],
			"rotation": {"angle": 45, "axis": "z", "origin": [7.72845, 3.00267, 8.002]},
			"faces": {
				"north": {"uv": [4.5, 1, 7, 1.75], "texture": "#0"},
				"east": {"uv": [8.5, 12, 9.5, 12.75], "texture": "#0"},
				"south": {"uv": [4.5, 2, 7, 2.75], "texture": "#0"},
				"west": {"uv": [9.5, 12, 10.5, 12.75], "texture": "#0"},
				"up": {"uv": [4.5, 3, 2, 2], "texture": "#0"},
				"down": {"uv": [4.5, 3, 2, 4], "texture": "#0"}
			}
		},
		{
			"from": [6.61234, 2.533, 7.252],
			"to": [8.61234, 3.533, 8.752],
			"rotation": {"angle": 0, "axis": "z", "origin": [9.99989, 2.10194, 8.002]},
			"faces": {
				"north": {"uv": [13.5, 7.5, 14.5, 8], "texture": "#0"},
				"east": {"uv": [14, 4.5, 14.75, 5], "texture": "#0"},
				"south": {"uv": [13.5, 10, 14.5, 10.5], "texture": "#0"},
				"west": {"uv": [5, 14, 5.75, 14.5], "texture": "#0"},
				"up": {"uv": [13, 11.25, 12, 10.5], "texture": "#0"},
				"down": {"uv": [13, 11.5, 12, 12.25], "texture": "#0"}
			}
		},
		{
			"from": [7.17166, 3.65842, 7.277],
			"to": [8.17166, 6.65842, 8.727],
			"rotation": {"angle": -45, "axis": "z", "origin": [6.7406, 4.27087, 8.002]},
			"faces": {
				"north": {"uv": [0.5, 12.5, 1, 14], "texture": "#0"},
				"east": {"uv": [9.5, 1.5, 10.25, 3], "texture": "#0"},
				"south": {"uv": [1, 12.5, 1.5, 14], "texture": "#0"},
				"west": {"uv": [2, 9.5, 2.75, 11], "texture": "#0"},
				"up": {"uv": [7, 14.75, 6.5, 14], "texture": "#0"},
				"down": {"uv": [14.5, 6.5, 14, 7.25], "texture": "#0"}
			}
		},
		{
			"from": [8.31532, 4.35295, 7.252],
			"to": [9.31532, 7.35295, 8.752],
			"rotation": {"angle": 22.5, "axis": "z", "origin": [7.88426, 4.9654, 8.002]},
			"faces": {
				"north": {"uv": [10.5, 12, 11, 13.5], "texture": "#0"},
				"east": {"uv": [9, 6.5, 9.75, 8], "texture": "#0"},
				"south": {"uv": [12.5, 0, 13, 1.5], "texture": "#0"},
				"west": {"uv": [9, 8, 9.75, 9.5], "texture": "#0"},
				"up": {"uv": [4.5, 14.75, 4, 14], "texture": "#0"},
				"down": {"uv": [6.5, 14, 6, 14.75], "texture": "#0"}
			}
		},
		{
			"from": [7.36883, 7.33617, 7.227],
			"to": [8.36883, 12.33617, 8.773],
			"rotation": {"angle": 0, "axis": "y", "origin": [1.61883, 19.33617, 8.002]},
			"faces": {
				"north": {"uv": [4, 5, 4.5, 7.5], "texture": "#0"},
				"east": {"uv": [2, 4, 2.75, 6.5], "texture": "#0"},
				"south": {"uv": [4.5, 5, 5, 7.5], "texture": "#0"},
				"west": {"uv": [3, 4, 3.75, 6.5], "texture": "#0"},
				"up": {"uv": [11, 14.25, 10.5, 13.5], "texture": "#0"},
				"down": {"uv": [11.5, 13.5, 11, 14.25], "texture": "#0"}
			}
		},
		{
			"from": [8.31532, 12.31939, 7.252],
			"to": [9.31532, 15.31939, 8.752],
			"rotation": {"angle": -22.5, "axis": "z", "origin": [7.88426, 14.70694, 8.002]},
			"faces": {
				"north": {"uv": [11, 6, 11.5, 7.5], "texture": "#0"},
				"east": {"uv": [6, 6.5, 6.75, 8], "texture": "#0"},
				"south": {"uv": [11, 7.5, 11.5, 9], "texture": "#0"},
				"west": {"uv": [7, 0, 7.75, 1.5], "texture": "#0"},
				"up": {"uv": [13, 14.25, 12.5, 13.5], "texture": "#0"},
				"down": {"uv": [14, 12.5, 13.5, 13.25], "texture": "#0"}
			}
		},
		{
			"from": [7.17166, 13.01392, 7.277],
			"to": [8.17166, 16.01392, 8.727],
			"rotation": {"angle": 45, "axis": "z", "origin": [6.7406, 15.40147, 8.002]},
			"faces": {
				"north": {"uv": [11, 3, 11.5, 4.5], "texture": "#0"},
				"east": {"uv": [6.5, 3, 7.25, 4.5], "texture": "#0"},
				"south": {"uv": [11, 4.5, 11.5, 6], "texture": "#0"},
				"west": {"uv": [5, 6.5, 5.75, 8], "texture": "#0"},
				"up": {"uv": [12, 14.25, 11.5, 13.5], "texture": "#0"},
				"down": {"uv": [12.5, 13.5, 12, 14.25], "texture": "#0"}
			}
		},
		{
			"from": [6.61234, 16.13934, 7.252],
			"to": [8.61234, 17.13934, 8.752],
			"rotation": {"angle": 0, "axis": "z", "origin": [9.99989, 17.5704, 8.002]},
			"faces": {
				"north": {"uv": [13, 1, 14, 1.5], "texture": "#0"},
				"east": {"uv": [13, 13.5, 13.75, 14], "texture": "#0"},
				"south": {"uv": [13, 5, 14, 5.5], "texture": "#0"},
				"west": {"uv": [14, 0, 14.75, 0.5], "texture": "#0"},
				"up": {"uv": [11, 3.75, 10, 3], "texture": "#0"},
				"down": {"uv": [10, 11, 9, 11.75], "texture": "#0"}
			}
		},
		{
			"from": [2.9, 9.83618, 7.75],
			"to": [3.4, 21.83618, 8.25],
			"rotation": {"angle": 0, "axis": "y", "origin": [3.4, 22.33618, 8]},
			"faces": {
				"north": {"uv": [0, 0, 0.25, 6], "texture": "#0"},
				"east": {"uv": [0, 0, 0.25, 6], "texture": "#0"},
				"south": {"uv": [0, 0, 0.25, 6], "texture": "#0"},
				"west": {"uv": [0, 0, 0.25, 6], "texture": "#0"},
				"up": {"uv": [14.25, 9.75, 14, 9.5], "texture": "#0"},
				"down": {"uv": [10.25, 14, 10, 14.25], "texture": "#0"}
			}
		},
		{
			"from": [2.9, -1.83618, 7.75],
			"to": [3.4, 10.16382, 8.25],
			"rotation": {"angle": 0, "axis": "z", "origin": [3.61883, -1.6, 8]},
			"faces": {
				"north": {"uv": [0, 6, 0.25, 0], "texture": "#0"},
				"east": {"uv": [0, 6, 0.25, 0], "texture": "#0"},
				"south": {"uv": [0, 6, 0.25, 0], "texture": "#0"},
				"west": {"uv": [0, 6, 0.25, 0], "texture": "#0"},
				"up": {"uv": [10.25, 14.25, 10, 14], "texture": "#0"},
				"down": {"uv": [14.25, 9.5, 14, 9.75], "texture": "#0"}
			}
		},
		{
			"from": [2.11883, 9.66382, 7.7],
			"to": [14.11883, 10.16382, 8.2],
			"rotation": {"angle": 0, "axis": "z", "origin": [1.61883, -3.33618, 8]},
			"faces": {
				"north": {"uv": [2, 7.75, 2.25, 3], "rotation": 270, "texture": "#0"},
				"east": {"uv": [10.25, 14.25, 10, 14], "rotation": 90, "texture": "#0"},
				"south": {"uv": [2, 3, 2.25, 7.75], "rotation": 270, "texture": "#0"},
				"west": {"uv": [14.25, 9.5, 14, 9.75], "rotation": 90, "texture": "#0"},
				"up": {"uv": [2, 3, 2.25, 7.75], "rotation": 270, "texture": "#0"},
				"down": {"uv": [2, 3, 2.25, 7.75], "rotation": 270, "texture": "#0"}
			}
		},
		{
			"from": [0.11883, 9.16, 7.95],
			"to": [2.11883, 10.66, 7.95],
			"rotation": {"angle": 0, "axis": "z", "origin": [1.61883, -3.33618, 8]},
			"faces": {
				"north": {"uv": [8, 15.75, 8.75, 14.75], "rotation": 270, "texture": "#0"},
				"east": {"uv": [10.25, 14.25, 10, 14], "rotation": 90, "texture": "#0"},
				"south": {"uv": [8, 14.75, 8.75, 15.75], "rotation": 270, "texture": "#0"},
				"west": {"uv": [14.25, 9.5, 14, 9.75], "rotation": 90, "texture": "#0"},
				"up": {"uv": [0, 6, 0.25, 0], "rotation": 90, "texture": "#0"},
				"down": {"uv": [0, 6, 0.25, 0], "rotation": 90, "texture": "#0"}
			}
		},
		{
			"from": [0.11883, 9.9, 7.2],
			"to": [2.11883, 9.9, 8.7],
			"rotation": {"angle": 0, "axis": "x", "origin": [1.61883, 9.71282, 8.68618]},
			"faces": {
				"north": {"uv": [0, 6, 0.25, 0], "rotation": 270, "texture": "#0"},
				"east": {"uv": [10.25, 14.25, 10, 14], "rotation": 180, "texture": "#0"},
				"south": {"uv": [0, 6, 0.25, 0], "rotation": 90, "texture": "#0"},
				"west": {"uv": [14.25, 9.5, 14, 9.75], "texture": "#0"},
				"up": {"uv": [8, 14.75, 8.75, 15.75], "rotation": 270, "texture": "#0"},
				"down": {"uv": [8, 14.75, 8.75, 15.75], "rotation": 270, "texture": "#0"}
			}
		},
		{
			"from": [4.60121, -8.56801, 7.252],
			"to": [6.10121, -5.56801, 8.752],
			"rotation": {"angle": 45, "axis": "z", "origin": [4.72621, -7.31801, 8.002]},
			"faces": {
				"north": {"uv": [8, 5, 8.75, 6.5], "texture": "#0"},
				"east": {"uv": [8, 6.5, 8.75, 8], "texture": "#0"},
				"south": {"uv": [8, 8, 8.75, 9.5], "texture": "#0"},
				"west": {"uv": [8.5, 1.5, 9.25, 3], "texture": "#0"},
				"up": {"uv": [2.25, 13.75, 1.5, 13], "texture": "#0"},
				"down": {"uv": [13.75, 4, 13, 4.75], "texture": "#0"}
			}
		},
		{
			"from": [4.46463, -2.6391, 7.4],
			"to": [5.46463, -0.6391, 8.4],
			"rotation": {"angle": 0, "axis": "z", "origin": [5.71463, -1.3891, 8]},
			"faces": {
				"north": {"uv": [4.5, 13.5, 5, 14.5], "texture": "#0"},
				"east": {"uv": [13.5, 6.5, 14, 7.5], "texture": "#0"},
				"south": {"uv": [7, 13.5, 7.5, 14.5], "texture": "#0"},
				"west": {"uv": [7.5, 13.5, 8, 14.5], "texture": "#0"},
				"up": {"uv": [13, 8.5, 12.5, 8], "texture": "#0"},
				"down": {"uv": [9, 14, 8.5, 14.5], "texture": "#0"}
			}
		},
		{
			"from": [5.23366, -2.98477, 7.6],
			"to": [6.23366, 0.01523, 8.6],
			"rotation": {"angle": 22.5, "axis": "z", "origin": [5.48366, -1.48477, 8]},
			"faces": {
				"north": {"uv": [12, 1.5, 12.5, 3], "texture": "#0"},
				"east": {"uv": [12, 3, 12.5, 4.5], "texture": "#0"},
				"south": {"uv": [4, 12, 4.5, 13.5], "texture": "#0"},
				"west": {"uv": [4.5, 12, 5, 13.5], "texture": "#0"},
				"up": {"uv": [14.5, 9, 14, 8.5], "texture": "#0"},
				"down": {"uv": [9.5, 14, 9, 14.5], "texture": "#0"}
			}
		},
		{
			"from": [7.73366, -0.98477, 7.15],
			"to": [9.23366, 2.01523, 8.65],
			"rotation": {"angle": 0, "axis": "z", "origin": [10.73366, 1.76523, 8]},
			"faces": {
				"north": {"uv": [9, 0, 9.75, 1.5], "texture": "#0"},
				"east": {"uv": [4, 9, 4.75, 10.5], "texture": "#0"},
				"south": {"uv": [5, 9, 5.75, 10.5], "texture": "#0"},
				"west": {"uv": [9, 5, 9.75, 6.5], "texture": "#0"},
				"up": {"uv": [5.75, 13.75, 5, 13], "texture": "#0"},
				"down": {"uv": [13.75, 8, 13, 8.75], "texture": "#0"}
			}
		},
		{
			"from": [8.98366, 0.51523, 7.35],
			"to": [10.48366, 3.01523, 8.85],
			"rotation": {"angle": 22.5, "axis": "z", "origin": [10.73366, 1.76523, 8]},
			"faces": {
				"north": {"uv": [10.5, 1.5, 11.25, 2.75], "texture": "#0"},
				"east": {"uv": [4, 10.5, 4.75, 11.75], "texture": "#0"},
				"south": {"uv": [5, 10.5, 5.75, 11.75], "texture": "#0"},
				"west": {"uv": [7, 10.5, 7.75, 11.75], "texture": "#0"},
				"up": {"uv": [9.25, 13.75, 8.5, 13], "texture": "#0"},
				"down": {"uv": [10.25, 13, 9.5, 13.75], "texture": "#0"}
			}
		},
		{
			"from": [-1.21127, 19.29222, 7.252],
			"to": [0.28873, 22.29222, 8.752],
			"rotation": {"angle": -45, "axis": "z", "origin": [9, 17, 8]},
			"faces": {
				"north": {"uv": [7, 7.5, 7.75, 9], "texture": "#0"},
				"east": {"uv": [8, 0, 8.75, 1.5], "texture": "#0"},
				"south": {"uv": [2, 8, 2.75, 9.5], "texture": "#0"},
				"west": {"uv": [3, 8, 3.75, 9.5], "texture": "#0"},
				"up": {"uv": [12.75, 13.25, 12, 12.5], "texture": "#0"},
				"down": {"uv": [13.75, 0, 13, 0.75], "texture": "#0"}
			}
		},
		{
			"from": [4.46463, 20.31144, 7.4],
			"to": [5.46463, 22.31144, 8.4],
			"rotation": {"angle": 0, "axis": "z", "origin": [9, 17, 8]},
			"faces": {
				"north": {"uv": [2.5, 13, 3, 14], "texture": "#0"},
				"east": {"uv": [13, 12.5, 13.5, 13.5], "texture": "#0"},
				"south": {"uv": [0, 13.5, 0.5, 14.5], "texture": "#0"},
				"west": {"uv": [3, 13.5, 3.5, 14.5], "texture": "#0"},
				"up": {"uv": [7.5, 10.5, 7, 10], "texture": "#0"},
				"down": {"uv": [13, 4, 12.5, 4.5], "texture": "#0"}
			}
		},
		{
			"from": [14.11883, 9.45, 7.45],
			"to": [16.11883, 10.45, 8.45],
			"rotation": {"angle": 0, "axis": "z", "origin": [8.80739, 17.62845, 7.8]},
			"faces": {
				"north": {"uv": [2.5, 13, 3, 14], "rotation": 270, "texture": "#0"},
				"east": {"uv": [7.5, 10.5, 7, 10], "rotation": 90, "texture": "#0"},
				"south": {"uv": [0, 13.5, 0.5, 14.5], "rotation": 90, "texture": "#0"},
				"west": {"uv": [13, 4, 12.5, 4.5], "rotation": 90, "texture": "#0"},
				"up": {"uv": [3, 13.5, 3.5, 14.5], "rotation": 90, "texture": "#0"},
				"down": {"uv": [13, 12.5, 13.5, 13.5], "rotation": 90, "texture": "#0"}
			}
		},
		{
			"from": [3.91047, 17.99502, 7.6],
			"to": [4.91047, 20.99502, 8.6],
			"rotation": {"angle": -22.5, "axis": "z", "origin": [9, 17, 8]},
			"faces": {
				"north": {"uv": [11.5, 7, 12, 8.5], "texture": "#0"},
				"east": {"uv": [11.5, 11, 12, 12.5], "texture": "#0"},
				"south": {"uv": [0, 12, 0.5, 13.5], "texture": "#0"},
				"west": {"uv": [12, 0, 12.5, 1.5], "texture": "#0"},
				"up": {"uv": [8, 4.5, 7.5, 4], "texture": "#0"},
				"down": {"uv": [8, 9, 7.5, 9.5], "texture": "#0"}
			}
		},
		{
			"from": [8.50456, 17.2515, 7.35],
			"to": [10.00456, 19.7515, 8.85],
			"rotation": {"angle": -22.5, "axis": "z", "origin": [9, 17, 8]},
			"faces": {
				"north": {"uv": [6, 10, 6.75, 11.25], "texture": "#0"},
				"east": {"uv": [10, 6.5, 10.75, 7.75], "texture": "#0"},
				"south": {"uv": [10, 8, 10.75, 9.25], "texture": "#0"},
				"west": {"uv": [10, 9.5, 10.75, 10.75], "texture": "#0"},
				"up": {"uv": [13.25, 6.75, 12.5, 6], "texture": "#0"},
				"down": {"uv": [13.25, 7, 12.5, 7.75], "texture": "#0"}
			}
		},
		{
			"from": [7.73366, 17.65711, 7.15],
			"to": [9.23366, 20.65711, 8.65],
			"rotation": {"angle": 0, "axis": "z", "origin": [9, 17, 8]},
			"faces": {
				"north": {"uv": [7, 4.5, 7.75, 6], "texture": "#0"},
				"east": {"uv": [7, 6, 7.75, 7.5], "texture": "#0"},
				"south": {"uv": [7.5, 2.5, 8.25, 4], "texture": "#0"},
				"west": {"uv": [4, 7.5, 4.75, 9], "texture": "#0"},
				"up": {"uv": [13.25, 9.75, 12.5, 9], "texture": "#0"},
				"down": {"uv": [11.75, 12.5, 11, 13.25], "texture": "#0"}
			}
		},
		{
			"from": [2, 14, 6.5],
			"to": [10, 30, 6.5],
			"rotation": {"angle": 0, "axis": "z", "origin": [9, 17, 8]},
			"faces": {
				"north": {"uv": [0, 0, 8, 16], "texture": "#1"},
				"east": {"uv": [0, 0, 0, 8], "texture": "#1"},
				"south": {"uv": [0, 15.5, 0.5, 16], "texture": "#1"},
				"west": {"uv": [0, 0, 0, 8], "texture": "#1"},
				"up": {"uv": [4, 0, 0, 0], "texture": "#1"},
				"down": {"uv": [4, 0, 0, 0], "texture": "#1"}
			}
		},
		{
			"from": [2, -10.32766, 9.5],
			"to": [10, 5.67234, 9.5],
			"rotation": {"angle": 0, "axis": "y", "origin": [0, 19.67234, 16]},
			"faces": {
				"north": {"uv": [0, 15.5, 0.5, 16], "texture": "#1"},
				"east": {"uv": [0, 0, 0, 8], "texture": "#1"},
				"south": {"uv": [16, 0, 8, 16], "texture": "#1"},
				"west": {"uv": [0, 0, 0, 8], "texture": "#1"},
				"up": {"uv": [4, 0, 0, 0], "texture": "#1"},
				"down": {"uv": [4, 0, 0, 0], "texture": "#1"}
			}
		}
	],
	"display": {
		"thirdperson_righthand": {
			"rotation": [0, 90, 0],
			"translation": [-0.25, -3.5, 0.5],
			"scale": [0.78, 0.78, 0.78]
		},
		"thirdperson_lefthand": {
			"rotation": [0, -90, 0],
			"translation": [-0.25, -3.5, 0.5],
			"scale": [0.78, 0.78, 0.78]
		},
		"firstperson_righthand": {
			"rotation": [16.5, 90, 0],
			"translation": [0.75, 5.25, 0],
			"scale": [0.68, 0.68, 0.67]
		},
		"firstperson_lefthand": {
			"rotation": [16.5, -90, 0],
			"translation": [0.75, 5.25, 0],
			"scale": [0.68, 0.68, 0.67]
		},
		"ground": {
			"rotation": [90, 0, 0],
			"translation": [0, -1.25, -1.75],
			"scale": [0.73, 0.72, 0.71]
		},
		"gui": {
			"rotation": [0, 0, 45],
			"translation": [2, 0.25, 0],
			"scale": [0.59, 0.58, 0.7]
		},
		"fixed": {
			"translation": [0.5, -0.25, -2.25]
		}
	}
}