{
	"credit": "Made with Blockbench",
	"texture_size": [32, 32],
	"textures": {
		"2": "item/weapons/crossbow_amethyst_effect",
		"3": "item/weapons/crossbow_amethyst",
		"4": "item/weapons/bow_amethyst",
		"particle": "item/weapons/bow_amethyst"
	},
	"elements": [
		{
			"from": [0.5, 5.25, 7.275],
			"to": [2, 10.75, 8.725],
			"rotation": {"angle": 0, "axis": "y", "origin": [3, 8, 8]},
			"faces": {
				"north": {"uv": [0, 4, 0.75, 6.75], "texture": "#3"},
				"east": {"uv": [1, 4, 1.75, 6.75], "texture": "#3"},
				"south": {"uv": [2, 4, 2.75, 6.75], "texture": "#3"},
				"west": {"uv": [3, 4, 3.75, 6.75], "texture": "#3"},
				"up": {"uv": [9.25, 4.25, 8.5, 3.5], "texture": "#3"},
				"down": {"uv": [9.75, 0, 9, 0.75], "texture": "#3"}
			}
		},
		{
			"from": [0.25, 9.25, 7],
			"to": [2.25, 10.25, 9],
			"rotation": {"angle": 0, "axis": "y", "origin": [3, 8, 8]},
			"faces": {
				"north": {"uv": [9.5, 2, 10.5, 2.5], "texture": "#3"},
				"east": {"uv": [2.5, 9.5, 3.5, 10], "texture": "#3"},
				"south": {"uv": [9.5, 2.5, 10.5, 3], "texture": "#3"},
				"west": {"uv": [9.5, 3, 10.5, 3.5], "texture": "#3"},
				"up": {"uv": [6.5, 5, 5.5, 4], "texture": "#3"},
				"down": {"uv": [6.5, 5, 5.5, 6], "texture": "#3"}
			}
		},
		{
			"from": [-0.91942, 7.88388, 7.25],
			"to": [0.08058, 10.38388, 8.75],
			"rotation": {"angle": 45, "axis": "z", "origin": [-2.41942, 11.63388, 8]},
			"faces": {
				"north": {"uv": [4.5, 8.5, 5, 9.75], "texture": "#3"},
				"east": {"uv": [0, 7, 0.75, 8.25], "texture": "#3"},
				"south": {"uv": [5, 8.5, 5.5, 9.75], "texture": "#3"},
				"west": {"uv": [7, 0, 7.75, 1.25], "texture": "#3"},
				"up": {"uv": [7.5, 3.75, 7, 3], "texture": "#3"},
				"down": {"uv": [4, 10, 3.5, 10.75], "texture": "#3"}
			}
		},
		{
			"from": [-0.47487, 11.81066, 7.5],
			"to": [0.52513, 14.31066, 8.5],
			"rotation": {"angle": 0, "axis": "z", "origin": [-1.47487, 10.56066, 8]},
			"faces": {
				"north": {"uv": [8.5, 5, 9, 6.25], "texture": "#3"},
				"east": {"uv": [5.5, 8.5, 6, 9.75], "texture": "#3"},
				"south": {"uv": [6, 8.5, 6.5, 9.75], "texture": "#3"},
				"west": {"uv": [6.5, 8.5, 7, 9.75], "texture": "#3"},
				"up": {"uv": [9.5, 1.5, 9, 1], "texture": "#3"},
				"down": {"uv": [3.5, 10.5, 3, 11], "texture": "#3"}
			}
		},
		{
			"from": [0.54289, 13.26777, 7.525],
			"to": [1.54289, 14.76777, 8.475],
			"rotation": {"angle": -45, "axis": "z", "origin": [1.29289, 15.01777, 8]},
			"faces": {
				"north": {"uv": [4, 10, 4.5, 10.75], "texture": "#3"},
				"east": {"uv": [4.5, 10, 5, 10.75], "texture": "#3"},
				"south": {"uv": [10, 4.5, 10.5, 5.25], "texture": "#3"},
				"west": {"uv": [5, 10, 5.5, 10.75], "texture": "#3"},
				"up": {"uv": [11, 3.5, 10.5, 3], "texture": "#3"},
				"down": {"uv": [11, 3.5, 10.5, 4], "texture": "#3"}
			}
		},
		{
			"from": [0.04289, 14.76777, 6.7],
			"to": [2.04289, 15.26777, 8.7],
			"rotation": {"angle": -45, "axis": "z", "origin": [1.29289, 15.01777, 8]},
			"faces": {
				"north": {"uv": [10.5, 4, 11.5, 4.25], "texture": "#3"},
				"east": {"uv": [10.5, 4.5, 11.5, 4.75], "texture": "#3"},
				"south": {"uv": [10.5, 5, 11.5, 5.25], "texture": "#3"},
				"west": {"uv": [10.5, 5.5, 11.5, 5.75], "texture": "#3"},
				"up": {"uv": [7, 1, 6, 0], "texture": "#3"},
				"down": {"uv": [7, 1, 6, 2], "texture": "#3"}
			}
		},
		{
			"from": [0.29289, 15.26777, 6.95],
			"to": [1.79289, 17.76777, 8.45],
			"rotation": {"angle": -45, "axis": "z", "origin": [1.29289, 15.01777, 7]},
			"faces": {
				"north": {"uv": [1, 7, 1.75, 8.25], "texture": "#3"},
				"east": {"uv": [7, 1.5, 7.75, 2.75], "texture": "#3"},
				"south": {"uv": [2, 7, 2.75, 8.25], "texture": "#3"},
				"west": {"uv": [3, 7, 3.75, 8.25], "texture": "#3"},
				"up": {"uv": [1.25, 9.75, 0.5, 9], "texture": "#3"},
				"down": {"uv": [9.75, 4.5, 9, 5.25], "texture": "#3"}
			}
		},
		{
			"from": [0.29289, -1.76777, 6.95],
			"to": [1.79289, 0.73223, 8.45],
			"rotation": {"angle": 45, "axis": "z", "origin": [1.29289, 0.98223, 7]},
			"faces": {
				"north": {"uv": [4, 7, 4.75, 8.25], "texture": "#3"},
				"east": {"uv": [5, 7, 5.75, 8.25], "texture": "#3"},
				"south": {"uv": [6, 7, 6.75, 8.25], "texture": "#3"},
				"west": {"uv": [7, 7, 7.75, 8.25], "texture": "#3"},
				"up": {"uv": [9.75, 6.25, 9, 5.5], "texture": "#3"},
				"down": {"uv": [9.75, 6.5, 9, 7.25], "texture": "#3"}
			}
		},
		{
			"from": [0.04289, 0.73223, 6.7],
			"to": [2.04289, 1.23223, 8.7],
			"rotation": {"angle": 45, "axis": "z", "origin": [1.29289, 0.98223, 8]},
			"faces": {
				"north": {"uv": [10.5, 6, 11.5, 6.25], "texture": "#3"},
				"east": {"uv": [10.5, 6.5, 11.5, 6.75], "texture": "#3"},
				"south": {"uv": [10.5, 7, 11.5, 7.25], "texture": "#3"},
				"west": {"uv": [7.5, 10.5, 8.5, 10.75], "texture": "#3"},
				"up": {"uv": [7, 3, 6, 2], "texture": "#3"},
				"down": {"uv": [7, 3, 6, 4], "texture": "#3"}
			}
		},
		{
			"from": [0.54289, 1.23223, 7.3],
			"to": [1.54289, 2.73223, 8.25],
			"rotation": {"angle": 45, "axis": "z", "origin": [1.29289, 0.98223, 8]},
			"faces": {
				"north": {"uv": [5.5, 10, 6, 10.75], "texture": "#3"},
				"east": {"uv": [10, 5.5, 10.5, 6.25], "texture": "#3"},
				"south": {"uv": [6, 10, 6.5, 10.75], "texture": "#3"},
				"west": {"uv": [6.5, 10, 7, 10.75], "texture": "#3"},
				"up": {"uv": [9, 11, 8.5, 10.5], "texture": "#3"},
				"down": {"uv": [9.5, 10.5, 9, 11], "texture": "#3"}
			}
		},
		{
			"from": [-0.47487, 1.68934, 7.5],
			"to": [0.52513, 4.18934, 8.5],
			"rotation": {"angle": 0, "axis": "z", "origin": [-1.47487, 5.43934, 8]},
			"faces": {
				"north": {"uv": [8.5, 6.5, 9, 7.75], "texture": "#3"},
				"east": {"uv": [7, 8.5, 7.5, 9.75], "texture": "#3"},
				"south": {"uv": [7.5, 8.5, 8, 9.75], "texture": "#3"},
				"west": {"uv": [8, 8.5, 8.5, 9.75], "texture": "#3"},
				"up": {"uv": [10, 11, 9.5, 10.5], "texture": "#3"},
				"down": {"uv": [11, 9.5, 10.5, 10], "texture": "#3"}
			}
		},
		{
			"from": [-0.91942, 5.61612, 7.25],
			"to": [0.08058, 8.11612, 8.75],
			"rotation": {"angle": -45, "axis": "z", "origin": [-2.41942, 4.36612, 8]},
			"faces": {
				"north": {"uv": [8.5, 8, 9, 9.25], "texture": "#3"},
				"east": {"uv": [7.5, 3, 8.25, 4.25], "texture": "#3"},
				"south": {"uv": [0, 9, 0.5, 10.25], "texture": "#3"},
				"west": {"uv": [8, 0, 8.75, 1.25], "texture": "#3"},
				"up": {"uv": [10.5, 7.25, 10, 6.5], "texture": "#3"},
				"down": {"uv": [7.5, 10, 7, 10.75], "texture": "#3"}
			}
		},
		{
			"from": [0.25, 5.75, 7],
			"to": [2.25, 6.75, 9],
			"rotation": {"angle": 0, "axis": "y", "origin": [3, 8, 8]},
			"faces": {
				"north": {"uv": [9.5, 3.5, 10.5, 4], "texture": "#3"},
				"east": {"uv": [9.5, 4, 10.5, 4.5], "texture": "#3"},
				"south": {"uv": [8.5, 9.5, 9.5, 10], "texture": "#3"},
				"west": {"uv": [9.5, 9.5, 10.5, 10], "texture": "#3"},
				"up": {"uv": [6.5, 7, 5.5, 6], "texture": "#3"},
				"down": {"uv": [7.5, 4, 6.5, 5], "texture": "#3"}
			}
		},
		{
			"from": [2, 7.25, 7.25],
			"to": [14, 8.75, 8.75],
			"rotation": {"angle": 0, "axis": "y", "origin": [3, 8, 8]},
			"faces": {
				"north": {"uv": [0, 0, 6, 0.75], "texture": "#3"},
				"east": {"uv": [9, 7.5, 9.75, 8.25], "texture": "#3"},
				"south": {"uv": [0, 1, 6, 1.75], "texture": "#3"},
				"west": {"uv": [9, 8.5, 9.75, 9.25], "texture": "#3"},
				"up": {"uv": [6, 2.75, 0, 2], "texture": "#3"},
				"down": {"uv": [6, 3, 0, 3.75], "texture": "#3"}
			}
		},
		{
			"from": [-0.5, 7.25, 9.5],
			"to": [0, 8.75, 11],
			"rotation": {"angle": 0, "axis": "y", "origin": [2, 8, 8]},
			"faces": {
				"north": {"uv": [1, 11, 1.25, 11.75], "texture": "#3"},
				"east": {"uv": [9.5, 1, 10.25, 1.75], "texture": "#3"},
				"south": {"uv": [1.5, 11, 1.75, 11.75], "texture": "#3"},
				"west": {"uv": [1.5, 9.5, 2.25, 10.25], "texture": "#3"},
				"up": {"uv": [2.25, 11.75, 2, 11], "texture": "#3"},
				"down": {"uv": [2.75, 11, 2.5, 11.75], "texture": "#3"}
			}
		},
		{
			"from": [-10.11883, 7.45, 6.45],
			"to": [-8.11883, 8.45, 7.45],
			"rotation": {"angle": 0, "axis": "y", "origin": [7.19261, 17.62845, 7.8]},
			"faces": {
				"north": {"uv": [2.5, 14, 3, 13], "rotation": 270, "texture": "#4"},
				"east": {"uv": [13, 4.5, 12.5, 4], "rotation": 90, "texture": "#4"},
				"south": {"uv": [0, 14.5, 0.5, 13.5], "rotation": 90, "texture": "#4"},
				"west": {"uv": [7.5, 10, 7, 10.5], "rotation": 90, "texture": "#4"},
				"up": {"uv": [3, 14.5, 3.5, 13.5], "rotation": 90, "texture": "#4"},
				"down": {"uv": [13, 13.5, 13.5, 12.5], "rotation": 90, "texture": "#4"}
			}
		},
		{
			"from": [-8.11883, 7.66382, 6.7],
			"to": [1.88117, 8.16382, 7.2],
			"rotation": {"angle": 0, "axis": "y", "origin": [14.38117, -3.33618, 8]},
			"faces": {
				"north": {"uv": [2, 3, 2.25, 7.75], "rotation": 270, "texture": "#4"},
				"east": {"uv": [14.25, 9.75, 14, 9.5], "rotation": 90, "texture": "#4"},
				"south": {"uv": [2, 7.75, 2.25, 3], "rotation": 270, "texture": "#4"},
				"west": {"uv": [10.25, 14, 10, 14.25], "rotation": 90, "texture": "#4"},
				"up": {"uv": [2, 7.75, 2.25, 3], "rotation": 270, "texture": "#4"},
				"down": {"uv": [2, 7.75, 2.25, 3], "rotation": 270, "texture": "#4"}
			}
		},
		{
			"from": [1.88117, 7.9, 6.2],
			"to": [3.88117, 7.9, 7.7],
			"rotation": {"angle": 0, "axis": "y", "origin": [14.38117, 9.71282, 8.68618]},
			"faces": {
				"north": {"uv": [0, 0, 0.25, 6], "rotation": 270, "texture": "#4"},
				"east": {"uv": [14, 9.5, 14.25, 9.75], "texture": "#4"},
				"south": {"uv": [0, 0, 0.25, 6], "rotation": 90, "texture": "#4"},
				"west": {"uv": [10, 14.25, 10.25, 14], "rotation": 180, "texture": "#4"},
				"up": {"uv": [8, 15.75, 8.75, 14.75], "rotation": 270, "texture": "#4"},
				"down": {"uv": [8, 15.75, 8.75, 14.75], "rotation": 270, "texture": "#4"}
			}
		},
		{
			"from": [1.88117, 7.16, 6.95],
			"to": [3.88117, 8.66, 6.95],
			"rotation": {"angle": 0, "axis": "y", "origin": [14.38117, -3.33618, 8]},
			"faces": {
				"north": {"uv": [8, 14.75, 8.75, 15.75], "rotation": 270, "texture": "#4"},
				"east": {"uv": [14.25, 9.75, 14, 9.5], "rotation": 90, "texture": "#4"},
				"south": {"uv": [8, 15.75, 8.75, 14.75], "rotation": 270, "texture": "#4"},
				"west": {"uv": [10.25, 14, 10, 14.25], "rotation": 90, "texture": "#4"},
				"up": {"uv": [0, 0, 0.25, 6], "rotation": 90, "texture": "#4"},
				"down": {"uv": [0, 0, 0.25, 6], "rotation": 90, "texture": "#4"}
			}
		},
		{
			"from": [2.9, -0.67236, 7.1],
			"to": [3.4, 8, 7.6],
			"rotation": {"angle": 0, "axis": "y", "origin": [3.61883, -1.43618, 8]},
			"faces": {
				"north": {"uv": [0, 6, 0.25, 0], "texture": "#4"},
				"east": {"uv": [0, 6, 0.25, 0], "texture": "#4"},
				"south": {"uv": [0, 6, 0.25, 0], "texture": "#4"},
				"west": {"uv": [0, 6, 0.25, 0], "texture": "#4"},
				"up": {"uv": [10.25, 14.25, 10, 14], "texture": "#4"},
				"down": {"uv": [14.25, 9.5, 14, 9.75], "texture": "#4"}
			}
		},
		{
			"from": [2.9, 8, 7.1],
			"to": [3.4, 16.8, 7.6],
			"rotation": {"angle": 0, "axis": "y", "origin": [3.4, 22.33618, 8]},
			"faces": {
				"north": {"uv": [0, 0, 0.25, 6], "texture": "#4"},
				"east": {"uv": [0, 0, 0.25, 6], "texture": "#4"},
				"south": {"uv": [0, 0, 0.25, 6], "texture": "#4"},
				"west": {"uv": [0, 0, 0.25, 6], "texture": "#4"},
				"up": {"uv": [14.25, 9.75, 14, 9.5], "texture": "#4"},
				"down": {"uv": [10.25, 14, 10, 14.25], "texture": "#4"}
			}
		},
		{
			"from": [-2, 7.5, 9.75],
			"to": [-0.5, 8.5, 10.75],
			"rotation": {"angle": 45, "axis": "x", "origin": [-1.25, 8, 10.25]},
			"faces": {
				"north": {"uv": [7.5, 10, 8.25, 10.5], "texture": "#3"},
				"east": {"uv": [10, 10.5, 10.5, 11], "texture": "#3"},
				"south": {"uv": [10, 7.5, 10.75, 8], "texture": "#3"},
				"west": {"uv": [10.5, 10, 11, 10.5], "texture": "#3"},
				"up": {"uv": [10.75, 8.5, 10, 8], "texture": "#3"},
				"down": {"uv": [9.25, 10, 8.5, 10.5], "texture": "#3"}
			}
		},
		{
			"from": [0, 7.5, 9.75],
			"to": [4, 8.5, 10.75],
			"rotation": {"angle": 0, "axis": "y", "origin": [1, 8, 8]},
			"faces": {
				"north": {"uv": [6.5, 5, 8.5, 5.5], "texture": "#3"},
				"east": {"uv": [10.5, 10.5, 11, 11], "texture": "#3"},
				"south": {"uv": [6.5, 5.5, 8.5, 6], "texture": "#3"},
				"west": {"uv": [0, 11, 0.5, 11.5], "texture": "#3"},
				"up": {"uv": [8.5, 6.5, 6.5, 6], "texture": "#3"},
				"down": {"uv": [8.5, 6.5, 6.5, 7], "texture": "#3"}
			}
		},
		{
			"from": [0, 7.75, 9.75],
			"to": [3, 8.25, 10.75],
			"rotation": {"angle": 45, "axis": "y", "origin": [1, 8, 8]},
			"faces": {
				"north": {"uv": [10, 8.5, 11.5, 8.75], "texture": "#3"},
				"east": {"uv": [11, 0.5, 11.5, 0.75], "texture": "#3"},
				"south": {"uv": [10, 9, 11.5, 9.25], "texture": "#3"},
				"west": {"uv": [3, 11, 3.5, 11.25], "texture": "#3"},
				"up": {"uv": [9, 5, 7.5, 4.5], "texture": "#3"},
				"down": {"uv": [1.5, 8.5, 0, 9], "texture": "#3"}
			}
		},
		{
			"from": [10, 7.5, 8.75],
			"to": [12, 8.5, 10.25],
			"rotation": {"angle": 0, "axis": "y", "origin": [3, 8, 8]},
			"faces": {
				"north": {"uv": [10, 0, 11, 0.5], "texture": "#3"},
				"east": {"uv": [9.5, 10, 10.25, 10.5], "texture": "#3"},
				"south": {"uv": [0.5, 10, 1.5, 10.5], "texture": "#3"},
				"west": {"uv": [0, 10.5, 0.75, 11], "texture": "#3"},
				"up": {"uv": [2.5, 9.25, 1.5, 8.5], "texture": "#3"},
				"down": {"uv": [9.5, 1.5, 8.5, 2.25], "texture": "#3"}
			}
		},
		{
			"from": [15, 6.9, 7.5],
			"to": [16.5, 7.9, 8.5],
			"rotation": {"angle": 22.5, "axis": "x", "origin": [3, 7.4, 8]},
			"faces": {
				"north": {"uv": [1, 10.5, 1.75, 11], "texture": "#3"},
				"east": {"uv": [11, 0, 11.5, 0.5], "texture": "#3"},
				"south": {"uv": [10.5, 1, 11.25, 1.5], "texture": "#3"},
				"west": {"uv": [0.5, 11, 1, 11.5], "texture": "#3"},
				"up": {"uv": [11.25, 2, 10.5, 1.5], "texture": "#3"},
				"down": {"uv": [2.75, 10.5, 2, 11], "texture": "#3"}
			}
		},
		{
			"from": [15, 7.9, 7.25],
			"to": [17, 8.9, 8.75],
			"rotation": {"angle": 45, "axis": "x", "origin": [3, 8.4, 8]},
			"faces": {
				"north": {"uv": [10, 0.5, 11, 1], "texture": "#3"},
				"east": {"uv": [10.5, 2, 11.25, 2.5], "texture": "#3"},
				"south": {"uv": [2.5, 10, 3.5, 10.5], "texture": "#3"},
				"west": {"uv": [10.5, 2.5, 11.25, 3], "texture": "#3"},
				"up": {"uv": [3.5, 9.25, 2.5, 8.5], "texture": "#3"},
				"down": {"uv": [9.5, 2.5, 8.5, 3.25], "texture": "#3"}
			}
		},
		{
			"from": [14, 6.5, 6.75],
			"to": [15, 9.5, 9.25],
			"rotation": {"angle": 0, "axis": "y", "origin": [3, 8, 8]},
			"faces": {
				"north": {"uv": [8, 1.5, 8.5, 3], "texture": "#3"},
				"east": {"uv": [4, 4, 5.25, 5.5], "texture": "#3"},
				"south": {"uv": [8, 7, 8.5, 8.5], "texture": "#3"},
				"west": {"uv": [4, 5.5, 5.25, 7], "texture": "#3"},
				"up": {"uv": [4, 9.75, 3.5, 8.5], "texture": "#3"},
				"down": {"uv": [4.5, 8.5, 4, 9.75], "texture": "#3"}
			}
		},
		{
			"from": [-3, 0, 5],
			"to": [5, 16, 5],
			"faces": {
				"north": {"uv": [0, 0, 7.5, 16], "texture": "#2"},
				"east": {"uv": [0, 0, 0, 7.5], "texture": "#2"},
				"south": {"uv": [7.5, 0, 0, 16], "texture": "#2"},
				"west": {"uv": [0, 0, 0, 7.5], "texture": "#2"},
				"up": {"uv": [0, 0, 2.5, 0], "texture": "#2"},
				"down": {"uv": [0, 0, 2.5, 0], "texture": "#2"}
			}
		},
		{
			"from": [-3, 0, 11],
			"to": [5, 16, 11],
			"rotation": {"angle": 0, "axis": "y", "origin": [0, 0, 16]},
			"faces": {
				"north": {"uv": [8.5, 0, 16, 16], "texture": "#2"},
				"east": {"uv": [0, 0, 0, 7.5], "texture": "#2"},
				"south": {"uv": [16, 0, 8.5, 16], "texture": "#2"},
				"west": {"uv": [0, 0, 0, 7.5], "texture": "#2"},
				"up": {"uv": [0, 0, 2.5, 0], "texture": "#2"},
				"down": {"uv": [0, 0, 2.5, 0], "texture": "#2"}
			}
		}
	],
	"display": {
		"thirdperson_righthand": {
			"rotation": [90, 0, 90],
			"translation": [0, 1, -2],
			"scale": [0.8, 0.8, 0.82]
		},
		"thirdperson_lefthand": {
			"rotation": [90, 0, -90],
			"translation": [0, 1, -2],
			"scale": [0.8, 0.8, 0.82]
		},
		"firstperson_righthand": {
			"rotation": [131.03, -4.61, 84.7],
			"translation": [2.75, 2.5, 0],
			"scale": [0.78, 0.9, 0.92]
		},
		"firstperson_lefthand": {
			"rotation": [131.03, -4.61, -84.7],
			"translation": [2.75, 2.5, 0],
			"scale": [0.78, 0.9, 0.92]
		},
		"ground": {
			"rotation": [90, 0, 90],
			"scale": [0.93, 0.9, 0.91]
		},
		"gui": {
			"rotation": [0, 0, -45],
			"translation": [1.5, -1.5, 0],
			"scale": [0.8, 0.8, -0.8]
		},
		"fixed": {
			"rotation": [0, 0, -90],
			"translation": [0, 0.5, -2.5]
		}
	}
}