{
	"credit": "Made with Blockbench",
	"texture_size": [32, 32],
	"textures": {
		"1": "item/weapons/bow_cursed",
		"2": "item/weapons/cross_bow_cursed",
		"particle": "item/weapons/cross_bow_cursed"
	},
	"elements": [
		{
			"from": [4.84308, 3.43184, 7.225],
			"to": [8.84308, 7.43184, 9.225],
			"rotation": {"angle": 45, "axis": "z", "origin": [8.27492, 4, 8]},
			"faces": {
				"north": {"uv": [0, 8.5, 2, 10.5], "texture": "#2"},
				"east": {"uv": [9, 4, 10, 6], "texture": "#2"},
				"south": {"uv": [2, 8.5, 4, 10.5], "texture": "#2"},
				"west": {"uv": [6, 9, 7, 11], "texture": "#2"},
				"up": {"uv": [9, 10, 7, 9], "texture": "#2"},
				"down": {"uv": [11, 9, 9, 10], "texture": "#2"}
			}
		},
		{
			"from": [7, 3, 7.25],
			"to": [18, 5, 8.75],
			"rotation": {"angle": 0, "axis": "z", "origin": [8.27492, 4, 8]},
			"faces": {
				"north": {"uv": [5, 6, 10.5, 7], "texture": "#2"},
				"east": {"uv": [3, 10.5, 3.75, 11.5], "texture": "#2"},
				"south": {"uv": [5, 7, 10.5, 8], "texture": "#2"},
				"west": {"uv": [6, 11, 6.75, 12], "texture": "#2"},
				"up": {"uv": [11.5, 8.75, 6, 8], "texture": "#2"},
				"down": {"uv": [11.5, 8.75, 6, 8], "texture": "#2"}
			}
		},
		{
			"from": [10.5, 4.5, 6.75],
			"to": [11.5, 5.5, 7.75],
			"rotation": {"angle": 0, "axis": "z", "origin": [8.27492, 4, 8]},
			"faces": {
				"north": {"uv": [11, 13.5, 11.5, 14], "texture": "#2"},
				"east": {"uv": [13.5, 11, 14, 11.5], "texture": "#2"},
				"south": {"uv": [11.5, 13.5, 12, 14], "texture": "#2"},
				"west": {"uv": [13.5, 11.5, 14, 12], "texture": "#2"},
				"up": {"uv": [12.5, 14, 12, 13.5], "texture": "#2"},
				"down": {"uv": [14, 12, 13.5, 12.5], "texture": "#2"}
			}
		},
		{
			"from": [10.5, 2.5, 6.75],
			"to": [11.5, 3.5, 7.75],
			"rotation": {"angle": 0, "axis": "z", "origin": [8.27492, 5, 8]},
			"faces": {
				"north": {"uv": [11, 14, 11.5, 13.5], "texture": "#2"},
				"east": {"uv": [13.5, 11.5, 14, 11], "texture": "#2"},
				"south": {"uv": [11.5, 14, 12, 13.5], "texture": "#2"},
				"west": {"uv": [13.5, 12, 14, 11.5], "texture": "#2"},
				"up": {"uv": [14, 12.5, 13.5, 12], "texture": "#2"},
				"down": {"uv": [12.5, 13.5, 12, 14], "texture": "#2"}
			}
		},
		{
			"from": [13, 3.5, 8.75],
			"to": [17, 4.5, 11.25],
			"rotation": {"angle": 0, "axis": "z", "origin": [8.27492, 4, 8]},
			"faces": {
				"north": {"uv": [11, 3, 13, 3.5], "texture": "#2"},
				"east": {"uv": [12.5, 8, 13.75, 8.5], "texture": "#2"},
				"south": {"uv": [11, 3.5, 13, 4], "texture": "#2"},
				"west": {"uv": [8.5, 12.5, 9.75, 13], "texture": "#2"},
				"up": {"uv": [11, 2.25, 9, 1], "texture": "#2"},
				"down": {"uv": [11, 2.5, 9, 3.75], "texture": "#2"}
			}
		},
		{
			"from": [7.91854, -4.15, 7.2],
			"to": [8.41854, 4, 7.7],
			"rotation": {"angle": 0, "axis": "y", "origin": [7.9185, -4.2, 8]},
			"faces": {
				"north": {"uv": [0, 6.25, 0.25, 10], "texture": "#1"},
				"east": {"uv": [0, 6.25, 0.25, 10], "texture": "#1"},
				"south": {"uv": [0, 6.25, 0.25, 10], "texture": "#1"},
				"west": {"uv": [0, 6.25, 0.25, 10], "texture": "#1"},
				"up": {"uv": [4.25, 15.75, 4, 15.5], "texture": "#1"},
				"down": {"uv": [4.75, 15.5, 4.5, 15.75], "texture": "#1"}
			}
		},
		{
			"from": [18, 2.5, 6.75],
			"to": [19, 5.5, 9.25],
			"rotation": {"angle": 0, "axis": "z", "origin": [8.27492, 4, 8]},
			"faces": {
				"north": {"uv": [11, 9, 11.5, 10.5], "texture": "#2"},
				"east": {"uv": [7, 10, 8.25, 11.5], "texture": "#2"},
				"south": {"uv": [11, 10.5, 11.5, 12], "texture": "#2"},
				"west": {"uv": [8.5, 10, 9.75, 11.5], "texture": "#2"},
				"up": {"uv": [11.5, 13.25, 11, 12], "texture": "#2"},
				"down": {"uv": [12, 12, 11.5, 13.25], "texture": "#2"}
			}
		},
		{
			"from": [19, 3, 7.25],
			"to": [20, 5, 8.75],
			"rotation": {"angle": 0, "axis": "z", "origin": [8.27492, 4, 8]},
			"faces": {
				"north": {"uv": [12, 12.5, 12.5, 13.5], "texture": "#2"},
				"east": {"uv": [3, 11.5, 3.75, 12.5], "texture": "#2"},
				"south": {"uv": [12.5, 12.5, 13, 13.5], "texture": "#2"},
				"west": {"uv": [7, 11.5, 7.75, 12.5], "texture": "#2"},
				"up": {"uv": [13.5, 3.75, 13, 3], "texture": "#2"},
				"down": {"uv": [6.5, 13, 6, 13.75], "texture": "#2"}
			}
		},
		{
			"from": [5.75, -2, 7.5],
			"to": [7.25, 10, 8.5],
			"rotation": {"angle": 0, "axis": "z", "origin": [8.27492, 4, 8]},
			"faces": {
				"north": {"uv": [8, 0, 8.75, 6], "texture": "#2"},
				"east": {"uv": [5, 8.5, 4.5, 14.5], "texture": "#2"},
				"south": {"uv": [5, 8, 5.75, 14], "texture": "#2"},
				"west": {"uv": [4.5, 8.5, 5, 14.5], "texture": "#2"},
				"up": {"uv": [7.25, 13.5, 6.5, 13], "texture": "#2"},
				"down": {"uv": [8.25, 13, 7.5, 13.5], "texture": "#2"}
			}
		},
		{
			"from": [2.72177, -0.10369, 7.525],
			"to": [4.72177, 1.39631, 8.475],
			"rotation": {"angle": 45, "axis": "z", "origin": [8.27492, 2, 8]},
			"faces": {
				"north": {"uv": [8, 11.5, 9, 12.25], "texture": "#2"},
				"east": {"uv": [8.5, 13, 9, 13.75], "texture": "#2"},
				"south": {"uv": [11.5, 8, 12.5, 8.75], "texture": "#2"},
				"west": {"uv": [9, 13, 9.5, 13.75], "texture": "#2"},
				"up": {"uv": [13.5, 12, 12.5, 11.5], "texture": "#2"},
				"down": {"uv": [1, 13, 0, 13.5], "texture": "#2"}
			}
		},
		{
			"from": [7.00713, 1.5085, 7.5],
			"to": [8.50713, 3.5085, 8.5],
			"rotation": {"angle": 22.5, "axis": "z", "origin": [8.27492, 4, 8]},
			"faces": {
				"north": {"uv": [9, 11.5, 9.75, 12.5], "texture": "#2"},
				"east": {"uv": [13, 2, 13.5, 3], "texture": "#2"},
				"south": {"uv": [11.5, 9, 12.25, 10], "texture": "#2"},
				"west": {"uv": [13, 1, 13.5, 2], "texture": "#2"},
				"up": {"uv": [10.25, 13.5, 9.5, 13], "texture": "#2"},
				"down": {"uv": [13.75, 12.5, 13, 13], "texture": "#2"}
			}
		},
		{
			"from": [5.82915, -4.6844, 7.3],
			"to": [8.32915, -3.6844, 8.3],
			"rotation": {"angle": 0, "axis": "z", "origin": [8.27492, 2, 8]},
			"faces": {
				"north": {"uv": [12, 12, 13.25, 12.5], "texture": "#2"},
				"east": {"uv": [10.5, 13, 11, 13.5], "texture": "#2"},
				"south": {"uv": [0, 12.5, 1.25, 13], "texture": "#2"},
				"west": {"uv": [13.5, 9, 14, 9.5], "texture": "#2"},
				"up": {"uv": [2.75, 13, 1.5, 12.5], "texture": "#2"},
				"down": {"uv": [13.75, 6, 12.5, 6.5], "texture": "#2"}
			}
		},
		{
			"from": [1.81892, -0.99717, 7.25],
			"to": [3.31892, 2.50283, 8.75],
			"rotation": {"angle": 45, "axis": "z", "origin": [8.27492, 2, 8]},
			"faces": {
				"north": {"uv": [10, 10, 10.75, 11.75], "texture": "#2"},
				"east": {"uv": [0, 10.5, 0.75, 12.25], "texture": "#2"},
				"south": {"uv": [1, 10.5, 1.75, 12.25], "texture": "#2"},
				"west": {"uv": [2, 10.5, 2.75, 12.25], "texture": "#2"},
				"up": {"uv": [3.75, 13.25, 3, 12.5], "texture": "#2"},
				"down": {"uv": [13.25, 8.5, 12.5, 9.25], "texture": "#2"}
			}
		},
		{
			"from": [7.91854, 4, 7.2],
			"to": [8.41854, 12.15, 7.7],
			"rotation": {"angle": 0, "axis": "y", "origin": [7.91854, 12.15, 8]},
			"faces": {
				"north": {"uv": [0, 10, 0.25, 6.25], "texture": "#1"},
				"east": {"uv": [0, 10, 0.25, 6.25], "texture": "#1"},
				"south": {"uv": [0, 10, 0.25, 6.25], "texture": "#1"},
				"west": {"uv": [0, 10, 0.25, 6.25], "texture": "#1"},
				"up": {"uv": [4.75, 15.75, 4.5, 15.5], "texture": "#1"},
				"down": {"uv": [4.25, 15.5, 4, 15.75], "texture": "#1"}
			}
		},
		{
			"from": [2.11794, -0.00604, 7.5],
			"to": [3.61794, 0.99396, 8.5],
			"rotation": {"angle": 22.5, "axis": "z", "origin": [8.27492, 2, 8]},
			"faces": {
				"north": {"uv": [13, 13, 13.75, 13.5], "texture": "#2"},
				"east": {"uv": [9.5, 13.5, 10, 14], "texture": "#2"},
				"south": {"uv": [0, 13.5, 0.75, 14], "texture": "#2"},
				"west": {"uv": [13.5, 9.5, 14, 10], "texture": "#2"},
				"up": {"uv": [14.25, 1.5, 13.5, 1], "texture": "#2"},
				"down": {"uv": [14.25, 1.5, 13.5, 2], "texture": "#2"}
			}
		},
		{
			"from": [5.82915, 11.6844, 7.3],
			"to": [8.32915, 12.6844, 8.3],
			"rotation": {"angle": 0, "axis": "z", "origin": [8.27492, 6, 8]},
			"faces": {
				"north": {"uv": [12, 12.5, 13.25, 12], "texture": "#2"},
				"east": {"uv": [10.5, 13.5, 11, 13], "texture": "#2"},
				"south": {"uv": [0, 13, 1.25, 12.5], "texture": "#2"},
				"west": {"uv": [13.5, 9.5, 14, 9], "texture": "#2"},
				"up": {"uv": [13.75, 6.5, 12.5, 6], "texture": "#2"},
				"down": {"uv": [2.75, 12.5, 1.5, 13], "texture": "#2"}
			}
		},
		{
			"from": [1.81892, 5.49717, 7.25],
			"to": [3.31892, 8.99717, 8.75],
			"rotation": {"angle": -45, "axis": "z", "origin": [8.27492, 6, 8]},
			"faces": {
				"north": {"uv": [10, 11.75, 10.75, 10], "texture": "#2"},
				"east": {"uv": [0, 12.25, 0.75, 10.5], "texture": "#2"},
				"south": {"uv": [1, 12.25, 1.75, 10.5], "texture": "#2"},
				"west": {"uv": [2, 12.25, 2.75, 10.5], "texture": "#2"},
				"up": {"uv": [13.25, 9.25, 12.5, 8.5], "texture": "#2"},
				"down": {"uv": [3.75, 12.5, 3, 13.25], "texture": "#2"}
			}
		},
		{
			"from": [2.72177, 6.60369, 7.525],
			"to": [4.72177, 8.10369, 8.475],
			"rotation": {"angle": -45, "axis": "z", "origin": [8.27492, 6, 8]},
			"faces": {
				"north": {"uv": [8, 12.25, 9, 11.5], "texture": "#2"},
				"east": {"uv": [8.5, 13.75, 9, 13], "texture": "#2"},
				"south": {"uv": [11.5, 8.75, 12.5, 8], "texture": "#2"},
				"west": {"uv": [9, 13.75, 9.5, 13], "texture": "#2"},
				"up": {"uv": [1, 13.5, 0, 13], "texture": "#2"},
				"down": {"uv": [13.5, 11.5, 12.5, 12], "texture": "#2"}
			}
		},
		{
			"from": [2.11794, 7.00604, 7.5],
			"to": [3.61794, 8.00604, 8.5],
			"rotation": {"angle": -22.5, "axis": "z", "origin": [8.27492, 6, 8]},
			"faces": {
				"north": {"uv": [13, 13.5, 13.75, 13], "texture": "#2"},
				"east": {"uv": [9.5, 14, 10, 13.5], "texture": "#2"},
				"south": {"uv": [0, 14, 0.75, 13.5], "texture": "#2"},
				"west": {"uv": [13.5, 10, 14, 9.5], "texture": "#2"},
				"up": {"uv": [14.25, 2, 13.5, 1.5], "texture": "#2"},
				"down": {"uv": [14.25, 1, 13.5, 1.5], "texture": "#2"}
			}
		},
		{
			"from": [7.00713, 4.4915, 7.5],
			"to": [8.50713, 6.4915, 8.5],
			"rotation": {"angle": -22.5, "axis": "z", "origin": [8.27492, 4, 8]},
			"faces": {
				"north": {"uv": [9, 12.5, 9.75, 11.5], "texture": "#2"},
				"east": {"uv": [13, 2, 13.5, 3], "texture": "#2"},
				"south": {"uv": [11.5, 10, 12.25, 9], "texture": "#2"},
				"west": {"uv": [2.5, 13, 3, 14], "texture": "#2"},
				"up": {"uv": [8.25, 14, 7.5, 13.5], "texture": "#2"},
				"down": {"uv": [13.5, 8.5, 14.25, 9], "texture": "#2"}
			}
		},
		{
			"from": [7.25, -2, 8],
			"to": [14.75, 10, 8],
			"rotation": {"angle": 0, "axis": "z", "origin": [8.27492, 4, 8]},
			"faces": {
				"north": {"uv": [0, 0, 3.75, 6], "texture": "#2"},
				"east": {"uv": [0, 0, 0, 6], "texture": "#2"},
				"south": {"uv": [4, 0, 7.75, 6], "texture": "#2"},
				"west": {"uv": [0, 0, 0, 6], "texture": "#2"},
				"up": {"uv": [3.75, 0, 0, 0], "texture": "#2"},
				"down": {"uv": [3.75, 0, 0, 0], "texture": "#2"}
			}
		},
		{
			"from": [2.84308, 4.43184, 8.225],
			"to": [7.84308, 9.43184, 8.225],
			"rotation": {"angle": 45, "axis": "z", "origin": [8.27492, 4, 8]},
			"faces": {
				"north": {"uv": [0, 6, 2.5, 8.5], "texture": "#2"},
				"east": {"uv": [0, 0, 0, 2.5], "texture": "#2"},
				"south": {"uv": [2.5, 6, 0, 8.5], "texture": "#2"},
				"west": {"uv": [0, 0, 0, 2.5], "texture": "#2"},
				"up": {"uv": [2.5, 0, 0, 0], "texture": "#2"},
				"down": {"uv": [2.5, 0, 0, 0], "texture": "#2"}
			}
		},
		{
			"from": [3.77209, 12.456, 8],
			"to": [11.27209, 13.456, 8],
			"rotation": {"angle": 45, "axis": "z", "origin": [8.27492, 6, 8]},
			"faces": {
				"north": {"uv": [10, 4, 13.75, 4.5], "texture": "#2"},
				"east": {"uv": [0, 0, 0, 0.5], "texture": "#2"},
				"south": {"uv": [13.75, 4, 10, 4.5], "texture": "#2"},
				"west": {"uv": [0, 0, 0, 0.5], "texture": "#2"},
				"up": {"uv": [3.75, 0, 0, 0], "texture": "#2"},
				"down": {"uv": [3.75, 0, 0, 0], "texture": "#2"}
			}
		},
		{
			"from": [4.4792, -5.74889, 7.999],
			"to": [11.9792, -4.74889, 7.999],
			"rotation": {"angle": -45, "axis": "z", "origin": [8.98203, 2.70711, 8.749]},
			"faces": {
				"north": {"uv": [10, 5, 13.75, 5.5], "texture": "#2"},
				"east": {"uv": [0, 0, 0, 0.5], "texture": "#2"},
				"south": {"uv": [13.75, 5, 10, 5.5], "texture": "#2"},
				"west": {"uv": [0, 0, 0, 0.5], "texture": "#2"},
				"up": {"uv": [3.75, 0, 0, 0], "texture": "#2"},
				"down": {"uv": [3.75, 0, 0, 0], "texture": "#2"}
			}
		}
	],
	"display": {
		"thirdperson_righthand": {
			"rotation": [-90, -180, -90],
			"translation": [-3.5, 0.75, -4.75],
			"scale": [0.85, 0.83, 0.83]
		},
		"thirdperson_lefthand": {
			"rotation": [90, 0, -90],
			"translation": [3.5, 0.75, -4.75],
			"scale": [0.85, 0.83, 0.83]
		},
		"firstperson_righthand": {
			"rotation": [81.63, -1.49, 89.91],
			"translation": [-3.75, 1.75, -1.5]
		},
		"firstperson_lefthand": {
			"rotation": [81.63, -1.49, -89.91],
			"translation": [2.25, 1.75, -1.5]
		},
		"ground": {
			"rotation": [-90, 0, 0],
			"translation": [0, 0, -4],
			"scale": [0.91, 0.91, -0.91]
		},
		"gui": {
			"rotation": [0, 0, -139.5],
			"translation": [2.5, -2.25, 0],
			"scale": [0.8, 0.8, -0.8]
		},
		"fixed": {
			"rotation": [0, 0, -90],
			"translation": [4, 2, -0.25]
		}
	}
}