{
	"credit": "Made with Blockbench",
	"texture_size": [64, 64],
	"textures": {
		"1": "item/weapons/fishing_rod_amethyst_effect",
		"2": "item/weapons/fishing_rod_amethyst",
		"particle": "item/weapons/fishing_rod_amethyst"
	},
	"elements": [
		{
			"from": [1.86311, 3.46356, 6.75],
			"to": [5.86311, 7.46356, 9.25],
			"rotation": {"angle": 45, "axis": "z", "origin": [8, 9.60045, 8]},
			"faces": {
				"north": {"uv": [2.5, 0, 3.5, 1], "texture": "#2"},
				"east": {"uv": [3.5, 0, 4.125, 1], "texture": "#2"},
				"south": {"uv": [2.5, 1, 3.5, 2], "texture": "#2"},
				"west": {"uv": [3.5, 1, 4.125, 2], "texture": "#2"},
				"up": {"uv": [4.5, 2.625, 3.5, 2], "texture": "#2"},
				"down": {"uv": [4.5, 2.75, 3.5, 3.375], "texture": "#2"}
			}
		},
		{
			"from": [2.36311, 3.96356, 6.5],
			"to": [5.36311, 6.96356, 9.5],
			"rotation": {"angle": 45, "axis": "z", "origin": [8, 9.60045, 8]},
			"faces": {
				"north": {"uv": [3.5, 3.5, 4.25, 4.25], "texture": "#2"},
				"east": {"uv": [0, 3.75, 0.75, 4.5], "texture": "#2"},
				"south": {"uv": [0.75, 3.75, 1.5, 4.5], "texture": "#2"},
				"west": {"uv": [1.5, 4, 2.25, 4.75], "texture": "#2"},
				"up": {"uv": [3, 4.75, 2.25, 4], "texture": "#2"},
				"down": {"uv": [5, 0, 4.25, 0.75], "texture": "#2"}
			}
		},
		{
			"from": [7, 5, 7.25],
			"to": [8.5, 20, 8.75],
			"rotation": {"angle": 0, "axis": "y", "origin": [8, 3.85045, 8]},
			"faces": {
				"north": {"uv": [0, 0, 0.375, 3.75], "texture": "#2"},
				"east": {"uv": [0.5, 0, 0.875, 3.75], "texture": "#2"},
				"south": {"uv": [1, 0, 1.375, 3.75], "texture": "#2"},
				"west": {"uv": [1.5, 0, 1.875, 3.75], "texture": "#2"},
				"up": {"uv": [1.375, 6.125, 1, 5.75], "texture": "#2"},
				"down": {"uv": [2.875, 5.75, 2.5, 6.125], "texture": "#2"}
			}
		},
		{
			"from": [8.5, 5, 7.75],
			"to": [9, 20, 8.25],
			"rotation": {"angle": 0, "axis": "y", "origin": [8, 3.85045, 8]},
			"faces": {
				"north": {"uv": [3.75, 4.25, 3.875, 8], "texture": "#2"},
				"east": {"uv": [4, 4.25, 4.125, 8], "texture": "#2"},
				"south": {"uv": [4.5, 2.25, 4.625, 6], "texture": "#2"},
				"west": {"uv": [1.5, 4.75, 1.625, 8.5], "texture": "#2"},
				"up": {"uv": [6.375, 1.375, 6.25, 1.25], "texture": "#2"},
				"down": {"uv": [6.375, 2, 6.25, 2.125], "texture": "#2"}
			}
		},
		{
			"from": [20.0659, 7.37654, 7.75],
			"to": [20.5659, 24.37654, 8.25],
			"rotation": {"angle": 45, "axis": "z", "origin": [20.0659, 8.22699, 8]},
			"faces": {
				"north": {"uv": [3, 4, 3.125, 8.25], "texture": "#2"},
				"east": {"uv": [3.25, 4, 3.375, 8.25], "texture": "#2"},
				"south": {"uv": [3.5, 4.25, 3.625, 8.5], "texture": "#2"},
				"west": {"uv": [4.25, 3.5, 4.375, 7.75], "texture": "#2"},
				"up": {"uv": [2.625, 6.375, 2.5, 6.25], "texture": "#2"},
				"down": {"uv": [2.875, 6.25, 2.75, 6.375], "texture": "#2"}
			}
		},
		{
			"from": [5, 2.75, 7.5],
			"to": [9, 4.25, 8.5],
			"rotation": {"angle": 0, "axis": "z", "origin": [8, 3.75, 8]},
			"faces": {
				"north": {"uv": [1.75, 4.75, 2.75, 5.125], "texture": "#2"},
				"east": {"uv": [6, 2.75, 6.25, 3.125], "texture": "#2"},
				"south": {"uv": [4.75, 2.25, 5.75, 2.625], "texture": "#2"},
				"west": {"uv": [4.5, 6, 4.75, 6.375], "texture": "#2"},
				"up": {"uv": [6, 1.25, 5, 1], "texture": "#2"},
				"down": {"uv": [6, 1.25, 5, 1.5], "texture": "#2"}
			}
		},
		{
			"from": [2.5, 2.75, 7.25],
			"to": [4.5, 4.25, 8.75],
			"rotation": {"angle": 22.5, "axis": "x", "origin": [3.5, 3.5, 8]},
			"faces": {
				"north": {"uv": [5.25, 4.75, 5.75, 5.125], "texture": "#2"},
				"east": {"uv": [5.75, 3.75, 6.125, 4.125], "texture": "#2"},
				"south": {"uv": [5.25, 5.25, 5.75, 5.625], "texture": "#2"},
				"west": {"uv": [5.75, 4.25, 6.125, 4.625], "texture": "#2"},
				"up": {"uv": [6, 0.375, 5.5, 0], "texture": "#2"},
				"down": {"uv": [6, 0.5, 5.5, 0.875], "texture": "#2"}
			}
		},
		{
			"from": [4.5, 2.25, 7],
			"to": [5, 4.75, 9],
			"rotation": {"angle": 0, "axis": "z", "origin": [9, 3.75, 8]},
			"faces": {
				"north": {"uv": [6, 5.25, 6.125, 5.875], "texture": "#2"},
				"east": {"uv": [0, 5.25, 0.5, 5.875], "texture": "#2"},
				"south": {"uv": [6, 6, 6.125, 6.625], "texture": "#2"},
				"west": {"uv": [0.5, 5.25, 1, 5.875], "texture": "#2"},
				"up": {"uv": [6.375, 0.75, 6.25, 0.25], "texture": "#2"},
				"down": {"uv": [6.375, 0.75, 6.25, 1.25], "texture": "#2"}
			}
		},
		{
			"from": [7.85, 20.5, 8],
			"to": [8.85, 22, 9],
			"rotation": {"angle": -22.5, "axis": "y", "origin": [8.6, 21.5, 8]},
			"faces": {
				"north": {"uv": [6, 1, 6.25, 1.375], "texture": "#2"},
				"east": {"uv": [1.75, 6, 2, 6.375], "texture": "#2"},
				"south": {"uv": [2, 6, 2.25, 6.375], "texture": "#2"},
				"west": {"uv": [2.25, 6, 2.5, 6.375], "texture": "#2"},
				"up": {"uv": [6.25, 2.25, 6, 2], "texture": "#2"},
				"down": {"uv": [6.5, 0, 6.25, 0.25], "texture": "#2"}
			}
		},
		{
			"from": [7.1, 20.5, 7.25],
			"to": [8.1, 22.5, 8.75],
			"rotation": {"angle": -45, "axis": "y", "origin": [7.6, 21.5, 8]},
			"faces": {
				"north": {"uv": [5.25, 5.75, 5.5, 6.25], "texture": "#2"},
				"east": {"uv": [5.25, 3.75, 5.625, 4.25], "texture": "#2"},
				"south": {"uv": [5.75, 5.25, 6, 5.75], "texture": "#2"},
				"west": {"uv": [5.25, 4.25, 5.625, 4.75], "texture": "#2"},
				"up": {"uv": [6.25, 0.875, 6, 0.5], "texture": "#2"},
				"down": {"uv": [1, 6, 0.75, 6.375], "texture": "#2"}
			}
		},
		{
			"from": [8.1, -8.5, 7.5],
			"to": [9.1, -7, 8.5],
			"rotation": {"angle": -22.5, "axis": "y", "origin": [8.6, -8, 8]},
			"faces": {
				"north": {"uv": [0, 6, 0.25, 6.375], "texture": "#2"},
				"east": {"uv": [6, 0, 6.25, 0.375], "texture": "#2"},
				"south": {"uv": [0.25, 6, 0.5, 6.375], "texture": "#2"},
				"west": {"uv": [0.5, 6, 0.75, 6.375], "texture": "#2"},
				"up": {"uv": [1.75, 4, 1.5, 3.75], "texture": "#2"},
				"down": {"uv": [2, 3.75, 1.75, 4], "texture": "#2"}
			}
		},
		{
			"from": [7.1, -9, 7.25],
			"to": [8.1, -7, 8.75],
			"rotation": {"angle": -45, "axis": "y", "origin": [7.6, -8, 8]},
			"faces": {
				"north": {"uv": [4.25, 1.5, 4.5, 2], "texture": "#2"},
				"east": {"uv": [2.5, 5.25, 2.875, 5.75], "texture": "#2"},
				"south": {"uv": [2.75, 4.75, 3, 5.25], "texture": "#2"},
				"west": {"uv": [5.25, 3.25, 5.625, 3.75], "texture": "#2"},
				"up": {"uv": [5.75, 6.125, 5.5, 5.75], "texture": "#2"},
				"down": {"uv": [6, 5.75, 5.75, 6.125], "texture": "#2"}
			}
		},
		{
			"from": [6.25, 19.5, 6.75],
			"to": [9.25, 20.5, 9.25],
			"rotation": {"angle": 0, "axis": "y", "origin": [8, 5.69573, 8]},
			"faces": {
				"north": {"uv": [5.25, 2.75, 6, 3], "texture": "#2"},
				"east": {"uv": [1.75, 5.75, 2.375, 6], "texture": "#2"},
				"south": {"uv": [5.25, 3, 6, 3.25], "texture": "#2"},
				"west": {"uv": [5.75, 1.75, 6.375, 2], "texture": "#2"},
				"up": {"uv": [1.5, 5.125, 0.75, 4.5], "texture": "#2"},
				"down": {"uv": [5.25, 1.5, 4.5, 2.125], "texture": "#2"}
			}
		},
		{
			"from": [6.5, -7, 6.75],
			"to": [9.5, -6, 9.25],
			"rotation": {"angle": 0, "axis": "y", "origin": [8, 5.69573, 8]},
			"faces": {
				"north": {"uv": [1.75, 5.25, 2.5, 5.5], "texture": "#2"},
				"east": {"uv": [1.75, 5.5, 2.375, 5.75], "texture": "#2"},
				"south": {"uv": [5.25, 2, 6, 2.25], "texture": "#2"},
				"west": {"uv": [5.75, 1.5, 6.375, 1.75], "texture": "#2"},
				"up": {"uv": [5, 1.375, 4.25, 0.75], "texture": "#2"},
				"down": {"uv": [0.75, 4.5, 0, 5.125], "texture": "#2"}
			}
		},
		{
			"from": [7, -6, 7.25],
			"to": [9, 2, 8.75],
			"rotation": {"angle": 0, "axis": "y", "origin": [8, 5.69573, 8]},
			"faces": {
				"north": {"uv": [2, 0, 2.5, 2], "texture": "#2"},
				"east": {"uv": [2.5, 2, 2.875, 4], "texture": "#2"},
				"south": {"uv": [2, 2, 2.5, 4], "texture": "#2"},
				"west": {"uv": [3, 2, 3.375, 4], "texture": "#2"},
				"up": {"uv": [1.5, 5.625, 1, 5.25], "texture": "#2"},
				"down": {"uv": [5.75, 1.5, 5.25, 1.875], "texture": "#2"}
			}
		},
		{
			"from": [9.21665, 2.6885, 7.35],
			"to": [10.46665, 6.6885, 8.6],
			"rotation": {"angle": -45, "axis": "z", "origin": [10.2534, 4.22679, 8.0875]},
			"faces": {
				"north": {"uv": [4.75, 2.75, 5.125, 3.75], "texture": "#2"},
				"east": {"uv": [4.75, 3.75, 5.125, 4.75], "texture": "#2"},
				"south": {"uv": [4.75, 4.75, 5.125, 5.75], "texture": "#2"},
				"west": {"uv": [5, 0, 5.375, 1], "texture": "#2"},
				"up": {"uv": [5.125, 6.125, 4.75, 5.75], "texture": "#2"},
				"down": {"uv": [6.125, 4.75, 5.75, 5.125], "texture": "#2"}
			}
		},
		{
			"from": [8.7344, 3.1697, 7.7],
			"to": [11.2344, 4.1697, 8.7],
			"rotation": {"angle": 22.5, "axis": "z", "origin": [10.2534, 4.22679, 8.0875]},
			"faces": {
				"north": {"uv": [5.75, 2.25, 6.375, 2.5], "texture": "#2"},
				"east": {"uv": [1, 6.25, 1.25, 6.5], "texture": "#2"},
				"south": {"uv": [5.75, 2.5, 6.375, 2.75], "texture": "#2"},
				"west": {"uv": [1.25, 6.25, 1.5, 6.5], "texture": "#2"},
				"up": {"uv": [6.375, 3.5, 5.75, 3.25], "texture": "#2"},
				"down": {"uv": [6.375, 3.5, 5.75, 3.75], "texture": "#2"}
			}
		},
		{
			"from": [3.75, -2.5, 9.75],
			"to": [11.75, 10.5, 9.75],
			"rotation": {"angle": 0, "axis": "y", "origin": [8, 8.69573, 8]},
			"faces": {
				"north": {"uv": [0, 14.5, 1.5, 16], "texture": "#1"},
				"east": {"uv": [5.5, 4, 5.5, 8], "texture": "#1"},
				"south": {"uv": [8, 0, 16, 13], "texture": "#1"},
				"west": {"uv": [4, 4, 4, 8], "texture": "#1"},
				"up": {"uv": [6, 0, 10, 0], "texture": "#1"},
				"down": {"uv": [6, 1.5, 10, 1.5], "texture": "#1"}
			}
		},
		{
			"from": [4.25, -2.5, 6.25],
			"to": [12.25, 10.5, 6.25],
			"rotation": {"angle": 0, "axis": "y", "origin": [8, 8.69573, 8]},
			"faces": {
				"north": {"uv": [0, 0, 8, 13], "texture": "#1"},
				"east": {"uv": [4, 4, 4, 7.25], "texture": "#1"},
				"south": {"uv": [0, 13.75, 2, 16], "texture": "#1"},
				"west": {"uv": [5.5, 4, 5.5, 7.25], "texture": "#1"},
				"up": {"uv": [8, 0, 6, 0], "texture": "#1"},
				"down": {"uv": [8, 1.5, 6, 1.5], "texture": "#1"}
			}
		}
	],
	"display": {
		"thirdperson_righthand": {
			"rotation": [0, 90, 0],
			"translation": [0, 6.25, 1.75],
			"scale": [0.78, 0.78, 0.79]
		},
		"thirdperson_lefthand": {
			"rotation": [0, -90, 0],
			"translation": [0, 6.25, 1.75],
			"scale": [0.78, 0.78, 0.79]
		},
		"firstperson_righthand": {
			"rotation": [0, 90, 0],
			"translation": [2.75, 5.25, 0],
			"scale": [0.56, 0.58, 0.58]
		},
		"firstperson_lefthand": {
			"rotation": [0, -90, 0],
			"translation": [2.75, 5.25, 0],
			"scale": [0.56, 0.58, 0.58]
		},
		"ground": {
			"rotation": [90, 0, 0],
			"scale": [0.7, 0.7, 0.73]
		},
		"gui": {
			"rotation": [0, 0, -45],
			"translation": [0.75, 1, 0],
			"scale": [0.62, 0.63, 0.63]
		},
		"fixed": {
			"translation": [0, 1.75, -1.75]
		}
	}
}