{
	"credit": "Made with Blockbench",
	"texture_size": [64, 64],
	"textures": {
		"2": "item/weapons/fishing_rod_cursed",
		"particle": "item/weapons/fishing_rod_cursed"
	},
	"elements": [
		{
			"from": [1.86311, 3.46356, 6.75],
			"to": [5.86311, 7.46356, 9.25],
			"rotation": {"angle": 45, "axis": "z", "origin": [8, 9.60045, 8]},
			"faces": {
				"north": {"uv": [3, 0, 4, 1], "texture": "#2"},
				"east": {"uv": [3, 3, 3.625, 4], "texture": "#2"},
				"south": {"uv": [3, 1, 4, 2], "texture": "#2"},
				"west": {"uv": [0, 3.75, 0.625, 4.75], "texture": "#2"},
				"up": {"uv": [1.75, 4.375, 0.75, 3.75], "texture": "#2"},
				"down": {"uv": [4.75, 3, 3.75, 3.625], "texture": "#2"}
			}
		},
		{
			"from": [7, -8, 7.25],
			"to": [9, 3, 8.75],
			"rotation": {"angle": 0, "axis": "y", "origin": [8, 5.85045, 8]},
			"faces": {
				"north": {"uv": [2, 0, 2.5, 2.75], "texture": "#2"},
				"east": {"uv": [2, 2.75, 2.375, 5.5], "texture": "#2"},
				"south": {"uv": [2.5, 0, 3, 2.75], "texture": "#2"},
				"west": {"uv": [2.5, 2.75, 2.875, 5.5], "texture": "#2"},
				"up": {"uv": [2.5, 5.875, 2, 5.5], "texture": "#2"},
				"down": {"uv": [6, 2, 5.5, 2.375], "texture": "#2"}
			}
		},
		{
			"from": [7, 5, 7.25],
			"to": [8.5, 20, 8.75],
			"rotation": {"angle": 0, "axis": "y", "origin": [8, 3.85045, 8]},
			"faces": {
				"north": {"uv": [0, 0, 0.375, 3.75], "texture": "#2"},
				"east": {"uv": [0.5, 0, 0.875, 3.75], "texture": "#2"},
				"south": {"uv": [1, 0, 1.375, 3.75], "texture": "#2"},
				"west": {"uv": [1.5, 0, 1.875, 3.75], "texture": "#2"},
				"up": {"uv": [6.375, 0.375, 6, 0], "texture": "#2"},
				"down": {"uv": [0.625, 6, 0.25, 6.375], "texture": "#2"}
			}
		},
		{
			"from": [8.5, 5, 7.75],
			"to": [9, 20, 8.25],
			"rotation": {"angle": 0, "axis": "y", "origin": [8, 3.85045, 8]},
			"faces": {
				"north": {"uv": [3.5, 4, 3.625, 7.75], "texture": "#2"},
				"east": {"uv": [4, 3.75, 4.125, 7.5], "texture": "#2"},
				"south": {"uv": [4.25, 3.75, 4.375, 7.5], "texture": "#2"},
				"west": {"uv": [0.75, 4.5, 0.875, 8.25], "texture": "#2"},
				"up": {"uv": [2.875, 6.375, 2.75, 6.25], "texture": "#2"},
				"down": {"uv": [6.375, 2.75, 6.25, 2.875], "texture": "#2"}
			}
		},
		{
			"from": [6.5, -9, 6.75],
			"to": [9.5, -8, 9.25],
			"rotation": {"angle": 0, "axis": "y", "origin": [8, -8.5, 8]},
			"faces": {
				"north": {"uv": [5, 2.75, 5.75, 3], "texture": "#2"},
				"east": {"uv": [5.75, 3.25, 6.375, 3.5], "texture": "#2"},
				"south": {"uv": [5.5, 2.5, 6.25, 2.75], "texture": "#2"},
				"west": {"uv": [5, 5.75, 5.625, 6], "texture": "#2"},
				"up": {"uv": [4.75, 1.125, 4, 0.5], "texture": "#2"},
				"down": {"uv": [4.75, 1.25, 4, 1.875], "texture": "#2"}
			}
		},
		{
			"from": [7, -10, 7.25],
			"to": [9, -9, 8.75],
			"rotation": {"angle": 0, "axis": "y", "origin": [8, -9.5, 8]},
			"faces": {
				"north": {"uv": [4.75, 3.5, 5.25, 3.75], "texture": "#2"},
				"east": {"uv": [6, 4, 6.375, 4.25], "texture": "#2"},
				"south": {"uv": [6, 2, 6.5, 2.25], "texture": "#2"},
				"west": {"uv": [6, 4.25, 6.375, 4.5], "texture": "#2"},
				"up": {"uv": [3, 5.875, 2.5, 5.5], "texture": "#2"},
				"down": {"uv": [6.25, 0.5, 5.75, 0.875], "texture": "#2"}
			}
		},
		{
			"from": [4, 2.75, 7.5],
			"to": [12, 4.25, 8.5],
			"rotation": {"angle": 0, "axis": "z", "origin": [8, 3.75, 8]},
			"faces": {
				"north": {"uv": [3, 2, 5, 2.375], "texture": "#2"},
				"east": {"uv": [1.5, 6, 1.75, 6.375], "texture": "#2"},
				"south": {"uv": [3, 2.5, 5, 2.875], "texture": "#2"},
				"west": {"uv": [4.5, 6, 4.75, 6.375], "texture": "#2"},
				"up": {"uv": [6, 0.25, 4, 0], "texture": "#2"},
				"down": {"uv": [6, 0.25, 4, 0.5], "texture": "#2"}
			}
		},
		{
			"from": [11, 2.25, 7],
			"to": [13.5, 4.75, 9],
			"rotation": {"angle": 0, "axis": "z", "origin": [8, 3.75, 8]},
			"faces": {
				"north": {"uv": [1, 4.5, 1.625, 5.125], "texture": "#2"},
				"east": {"uv": [5, 2, 5.5, 2.625], "texture": "#2"},
				"south": {"uv": [4.5, 3.75, 5.125, 4.375], "texture": "#2"},
				"west": {"uv": [1, 5.25, 1.5, 5.875], "texture": "#2"},
				"up": {"uv": [5.875, 4, 5.25, 3.5], "texture": "#2"},
				"down": {"uv": [5.875, 4, 5.25, 4.5], "texture": "#2"}
			}
		},
		{
			"from": [6.5, 19.25, 7],
			"to": [9, 21.75, 9],
			"rotation": {"angle": 45, "axis": "z", "origin": [7.75, 20.5, 8]},
			"faces": {
				"north": {"uv": [4.5, 4.5, 5.125, 5.125], "texture": "#2"},
				"east": {"uv": [4.5, 5.25, 5, 5.875], "texture": "#2"},
				"south": {"uv": [0, 4.75, 0.625, 5.375], "texture": "#2"},
				"west": {"uv": [5.25, 4.5, 5.75, 5.125], "texture": "#2"},
				"up": {"uv": [5.625, 5.75, 5, 5.25], "texture": "#2"},
				"down": {"uv": [0.625, 5.5, 0, 6], "texture": "#2"}
			}
		},
		{
			"from": [4.02513, 5.63909, 7.525],
			"to": [6.02513, 7.13909, 8.475],
			"rotation": {"angle": -45, "axis": "z", "origin": [1.52513, 6.63909, 8]},
			"faces": {
				"north": {"uv": [5.75, 1, 6.25, 1.375], "texture": "#2"},
				"east": {"uv": [4.75, 6, 5, 6.375], "texture": "#2"},
				"south": {"uv": [5.75, 1.5, 6.25, 1.875], "texture": "#2"},
				"west": {"uv": [5, 6, 5.25, 6.375], "texture": "#2"},
				"up": {"uv": [6.5, 2.5, 6, 2.25], "texture": "#2"},
				"down": {"uv": [3, 6, 2.5, 6.25], "texture": "#2"}
			}
		},
		{
			"from": [5.5, 0.5, 7.5],
			"to": [7.5, 2, 8.5],
			"rotation": {"angle": 22.5, "axis": "z", "origin": [5.5, 1.25, 8]},
			"faces": {
				"north": {"uv": [5.75, 2.75, 6.25, 3.125], "texture": "#2"},
				"east": {"uv": [6, 5, 6.25, 5.375], "texture": "#2"},
				"south": {"uv": [5.75, 4.5, 6.25, 4.875], "texture": "#2"},
				"west": {"uv": [5.25, 6, 5.5, 6.375], "texture": "#2"},
				"up": {"uv": [6.5, 3.75, 6, 3.5], "texture": "#2"},
				"down": {"uv": [6.5, 3.75, 6, 4], "texture": "#2"}
			}
		},
		{
			"from": [1.3156, 1.67085, 7.5],
			"to": [2.3156, 4.17085, 8.5],
			"rotation": {"angle": 0, "axis": "z", "origin": [3.14614, 4.64765, 8]},
			"faces": {
				"north": {"uv": [1.5, 5.25, 1.75, 5.875], "texture": "#2"},
				"east": {"uv": [5.75, 5, 6, 5.625], "texture": "#2"},
				"south": {"uv": [5.75, 5.75, 6, 6.375], "texture": "#2"},
				"west": {"uv": [0, 6, 0.25, 6.625], "texture": "#2"},
				"up": {"uv": [6.5, 1.25, 6.25, 1], "texture": "#2"},
				"down": {"uv": [6.5, 1.25, 6.25, 1.5], "texture": "#2"}
			}
		},
		{
			"from": [1.5146, 4.10488, 7.25],
			"to": [5.0146, 5.60488, 8.75],
			"rotation": {"angle": 45, "axis": "z", "origin": [3.14614, 4.64765, 8]},
			"faces": {
				"north": {"uv": [4.75, 0.5, 5.625, 0.875], "texture": "#2"},
				"east": {"uv": [1, 6, 1.375, 6.375], "texture": "#2"},
				"south": {"uv": [4.75, 1, 5.625, 1.375], "texture": "#2"},
				"west": {"uv": [2, 6, 2.375, 6.375], "texture": "#2"},
				"up": {"uv": [5.625, 1.875, 4.75, 1.5], "texture": "#2"},
				"down": {"uv": [5.625, 3, 4.75, 3.375], "texture": "#2"}
			}
		},
		{
			"from": [4.50606, 4.74704, 7.5],
			"to": [5.50606, 6.24704, 8.5],
			"rotation": {"angle": 22.5, "axis": "z", "origin": [3.14614, 4.64765, 8]},
			"faces": {
				"north": {"uv": [5.5, 6, 5.75, 6.375], "texture": "#2"},
				"east": {"uv": [6, 5.5, 6.25, 5.875], "texture": "#2"},
				"south": {"uv": [6, 6, 6.25, 6.375], "texture": "#2"},
				"west": {"uv": [6.25, 0.5, 6.5, 0.875], "texture": "#2"},
				"up": {"uv": [6.5, 1.75, 6.25, 1.5], "texture": "#2"},
				"down": {"uv": [6.5, 1.75, 6.25, 2], "texture": "#2"}
			}
		}
	],
	"display": {
		"thirdperson_righthand": {
			"rotation": [0, 90, 0],
			"translation": [0, 3.25, 2.75],
			"scale": [0.48, 0.42, 0.97]
		},
		"thirdperson_lefthand": {
			"rotation": [0, 90, 0],
			"translation": [0, 3.25, 2.25],
			"scale": [0.48, 0.42, 0.97]
		},
		"firstperson_righthand": {
			"rotation": [-71, 90, 0],
			"translation": [4.5, 2.5, 0],
			"scale": [0.6, 0.82, 0.81]
		},
		"firstperson_lefthand": {
			"rotation": [-71, 90, 0],
			"translation": [4.5, 2.5, 0],
			"scale": [0.6, 0.82, 0.81]
		},
		"ground": {
			"rotation": [90, 0, 0],
			"scale": [0.6, 0.61, 0.58]
		},
		"gui": {
			"rotation": [0, 0, -45],
			"translation": [1.25, 1, 0],
			"scale": [0.67, 0.66, 0.64]
		},
		"fixed": {
			"translation": [0, 0, -2.25]
		}
	}
}