{
	"credit": "Made with Blockbench",
	"textures": {
		"1": "item/weapons/axe_amethyst",
		"2": "item/weapons/axe_amethyst_effect",
		"particle": "item/weapons/axe_amethyst_effect"
	},
	"elements": [
		{
			"from": [7.25, 2, 7.25],
			"to": [8.75, 22, 8.75],
			"rotation": {"angle": 0, "axis": "y", "origin": [8, 13.69573, 8]},
			"faces": {
				"north": {"uv": [3.5, 2.5, 3.875, 7.5], "texture": "#1"},
				"east": {"uv": [4, 2.5, 4.375, 7.5], "texture": "#1"},
				"south": {"uv": [0, 4.25, 0.375, 9.25], "texture": "#1"},
				"west": {"uv": [0.5, 4.25, 0.875, 9.25], "texture": "#1"},
				"up": {"uv": [7.625, 1.875, 7.25, 1.5], "texture": "#1"},
				"down": {"uv": [7.625, 7, 7.25, 7.375], "texture": "#1"}
			}
		},
		{
			"from": [6.25, 21.5, 6],
			"to": [9.75, 25.5, 10],
			"rotation": {"angle": 0, "axis": "y", "origin": [8, 13.69573, 8]},
			"faces": {
				"north": {"uv": [4.5, 5.25, 5.375, 6.25], "texture": "#1"},
				"east": {"uv": [4.5, 2.5, 5.5, 3.5], "texture": "#1"},
				"south": {"uv": [1, 5.5, 1.875, 6.5], "texture": "#1"},
				"west": {"uv": [4.5, 3.5, 5.5, 4.5], "texture": "#1"},
				"up": {"uv": [2.875, 6.5, 2, 5.5], "texture": "#1"},
				"down": {"uv": [6.375, 2.25, 5.5, 3.25], "texture": "#1"}
			}
		},
		{
			"from": [9.75, 20.5, 5],
			"to": [10.75, 26.5, 11],
			"rotation": {"angle": 0, "axis": "y", "origin": [8, 13.69573, 8]},
			"faces": {
				"north": {"uv": [3, 5.5, 3.25, 7], "texture": "#1"},
				"east": {"uv": [0, 0, 1.5, 1.5], "texture": "#1"},
				"south": {"uv": [3.25, 5.5, 3.5, 7], "texture": "#1"},
				"west": {"uv": [0, 1.5, 1.5, 3], "texture": "#1"},
				"up": {"uv": [5.5, 7.75, 5.25, 6.25], "texture": "#1"},
				"down": {"uv": [6.5, 5.5, 6.25, 7], "texture": "#1"}
			}
		},
		{
			"from": [5.25, 20.5, 5],
			"to": [6.25, 26.5, 11],
			"rotation": {"angle": 0, "axis": "y", "origin": [8, 13.69573, 8]},
			"faces": {
				"north": {"uv": [1, 6.5, 1.25, 8], "texture": "#1"},
				"east": {"uv": [1.5, 0, 3, 1.5], "texture": "#1"},
				"south": {"uv": [1.25, 6.5, 1.5, 8], "texture": "#1"},
				"west": {"uv": [1.5, 1.5, 3, 3], "texture": "#1"},
				"up": {"uv": [1.75, 8, 1.5, 6.5], "texture": "#1"},
				"down": {"uv": [2, 6.5, 1.75, 8], "texture": "#1"}
			}
		},
		{
			"from": [10.75, 21, 5.5],
			"to": [17.75, 26, 10.5],
			"rotation": {"angle": 0, "axis": "y", "origin": [14.25, 23.5, 8]},
			"faces": {
				"north": {"uv": [0, 3, 1.75, 4.25], "texture": "#1"},
				"east": {"uv": [1, 4.25, 2.25, 5.5], "texture": "#1"},
				"south": {"uv": [3, 0, 4.75, 1.25], "texture": "#1"},
				"west": {"uv": [2.25, 4.25, 3.5, 5.5], "texture": "#1"},
				"up": {"uv": [4.75, 2.5, 3, 1.25], "texture": "#1"},
				"down": {"uv": [3.5, 3, 1.75, 4.25], "texture": "#1"}
			}
		},
		{
			"from": [0.25, 22.5, 7],
			"to": [5.25, 25.5, 10],
			"rotation": {"angle": 22.5, "axis": "x", "origin": [2.75, 24, 8.5]},
			"faces": {
				"north": {"uv": [4.5, 4.5, 5.75, 5.25], "texture": "#1"},
				"east": {"uv": [5.5, 3.25, 6.25, 4], "texture": "#1"},
				"south": {"uv": [4.75, 0, 6, 0.75], "texture": "#1"},
				"west": {"uv": [5.5, 5.25, 6.25, 6], "texture": "#1"},
				"up": {"uv": [6, 1.5, 4.75, 0.75], "texture": "#1"},
				"down": {"uv": [6, 1.5, 4.75, 2.25], "texture": "#1"}
			}
		},
		{
			"from": [2.25, 21.5, 5.5],
			"to": [5.25, 24, 8],
			"rotation": {"angle": -22.5, "axis": "x", "origin": [3.75, 22.75, 6.75]},
			"faces": {
				"north": {"uv": [5.75, 4, 6.5, 4.625], "texture": "#1"},
				"east": {"uv": [4.5, 6.25, 5.125, 6.875], "texture": "#1"},
				"south": {"uv": [6, 0, 6.75, 0.625], "texture": "#1"},
				"west": {"uv": [6.25, 4.75, 6.875, 5.375], "texture": "#1"},
				"up": {"uv": [6.75, 1.375, 6, 0.75], "texture": "#1"},
				"down": {"uv": [6.75, 1.5, 6, 2.125], "texture": "#1"}
			}
		},
		{
			"from": [3.25, 21.25, 8.75],
			"to": [5.25, 23.25, 10.75],
			"rotation": {"angle": -22.5, "axis": "x", "origin": [4.25, 22.25, 9.75]},
			"faces": {
				"north": {"uv": [3, 2.5, 3.5, 3], "texture": "#1"},
				"east": {"uv": [5.75, 4.75, 6.25, 5.25], "texture": "#1"},
				"south": {"uv": [6.5, 4, 7, 4.5], "texture": "#1"},
				"west": {"uv": [7, 2, 7.5, 2.5], "texture": "#1"},
				"up": {"uv": [7.5, 3, 7, 2.5], "texture": "#1"},
				"down": {"uv": [3.5, 7, 3, 7.5], "texture": "#1"}
			}
		},
		{
			"from": [3.25, 24.5, 9.25],
			"to": [5.25, 26, 10.75],
			"rotation": {"angle": -22.5, "axis": "x", "origin": [4.25, 25.25, 10]},
			"faces": {
				"north": {"uv": [7, 3, 7.5, 3.375], "texture": "#1"},
				"east": {"uv": [7.5, 0, 7.875, 0.375], "texture": "#1"},
				"south": {"uv": [7, 3.5, 7.5, 3.875], "texture": "#1"},
				"west": {"uv": [7.5, 0.5, 7.875, 0.875], "texture": "#1"},
				"up": {"uv": [7.5, 4.375, 7, 4], "texture": "#1"},
				"down": {"uv": [5, 7, 4.5, 7.375], "texture": "#1"}
			}
		},
		{
			"from": [8.1, -0.5, 7.5],
			"to": [9.1, 1, 8.5],
			"rotation": {"angle": -22.5, "axis": "y", "origin": [8.6, 0, 8]},
			"faces": {
				"north": {"uv": [3, 7.5, 3.25, 7.875], "texture": "#1"},
				"east": {"uv": [7.5, 3, 7.75, 3.375], "texture": "#1"},
				"south": {"uv": [3.25, 7.5, 3.5, 7.875], "texture": "#1"},
				"west": {"uv": [3.5, 7.5, 3.75, 7.875], "texture": "#1"},
				"up": {"uv": [6.75, 4.75, 6.5, 4.5], "texture": "#1"},
				"down": {"uv": [7, 2, 6.75, 2.25], "texture": "#1"}
			}
		},
		{
			"from": [7.1, -1, 7.25],
			"to": [8.1, 1, 8.75],
			"rotation": {"angle": -45, "axis": "y", "origin": [7.6, 0, 8]},
			"faces": {
				"north": {"uv": [5.5, 4, 5.75, 4.5], "texture": "#1"},
				"east": {"uv": [7, 4.5, 7.375, 5], "texture": "#1"},
				"south": {"uv": [7.5, 2.5, 7.75, 3], "texture": "#1"},
				"west": {"uv": [7, 5, 7.375, 5.5], "texture": "#1"},
				"up": {"uv": [7.75, 3.875, 7.5, 3.5], "texture": "#1"},
				"down": {"uv": [4, 7.5, 3.75, 7.875], "texture": "#1"}
			}
		},
		{
			"from": [6.5, 1, 6.75],
			"to": [9.5, 2, 9.25],
			"rotation": {"angle": 0, "axis": "y", "origin": [8, 13.69573, 8]},
			"faces": {
				"north": {"uv": [4.75, 2.25, 5.5, 2.5], "texture": "#1"},
				"east": {"uv": [7, 5.75, 7.625, 6], "texture": "#1"},
				"south": {"uv": [7, 5.5, 7.75, 5.75], "texture": "#1"},
				"west": {"uv": [7, 6, 7.625, 6.25], "texture": "#1"},
				"up": {"uv": [6.25, 6.625, 5.5, 6], "texture": "#1"},
				"down": {"uv": [7, 3.25, 6.25, 3.875], "texture": "#1"}
			}
		},
		{
			"from": [11.36144, 7.69922, 7.7],
			"to": [12.36144, 10.19922, 8.7],
			"rotation": {"angle": -45, "axis": "z", "origin": [7.75, 11, 8]},
			"faces": {
				"north": {"uv": [6, 6.75, 6.25, 7.375], "texture": "#1"},
				"east": {"uv": [5, 7, 5.25, 7.625], "texture": "#1"},
				"south": {"uv": [6.25, 7, 6.5, 7.625], "texture": "#1"},
				"west": {"uv": [7, 6.25, 7.25, 6.875], "texture": "#1"},
				"up": {"uv": [7, 4.75, 6.75, 4.5], "texture": "#1"},
				"down": {"uv": [4.25, 7.5, 4, 7.75], "texture": "#1"}
			}
		},
		{
			"from": [9.31519, 6.45537, 7.35],
			"to": [10.56519, 10.45537, 8.6],
			"rotation": {"angle": -22.5, "axis": "z", "origin": [7.75, 11, 8]},
			"faces": {
				"north": {"uv": [2, 6.5, 2.375, 7.5], "texture": "#1"},
				"east": {"uv": [6.5, 2.25, 6.875, 3.25], "texture": "#1"},
				"south": {"uv": [2.5, 6.5, 2.875, 7.5], "texture": "#1"},
				"west": {"uv": [6.5, 5.5, 6.875, 6.5], "texture": "#1"},
				"up": {"uv": [7.875, 1.375, 7.5, 1], "texture": "#1"},
				"down": {"uv": [2.375, 7.5, 2, 7.875], "texture": "#1"}
			}
		},
		{
			"from": [9.54289, 13.46825, 7.7],
			"to": [10.54289, 15.96825, 8.7],
			"rotation": {"angle": 45, "axis": "z", "origin": [8.25, 11, 8]},
			"faces": {
				"north": {"uv": [7, 7, 7.25, 7.625], "texture": "#1"},
				"east": {"uv": [7.25, 0, 7.5, 0.625], "texture": "#1"},
				"south": {"uv": [7.25, 0.75, 7.5, 1.375], "texture": "#1"},
				"west": {"uv": [7.25, 6.25, 7.5, 6.875], "texture": "#1"},
				"up": {"uv": [7.75, 4.25, 7.5, 4], "texture": "#1"},
				"down": {"uv": [4.5, 7.5, 4.25, 7.75], "texture": "#1"}
			}
		},
		{
			"from": [6.42518, 13.86924, 7.35],
			"to": [7.67518, 17.86924, 8.6],
			"rotation": {"angle": 22.5, "axis": "z", "origin": [6.80018, 15.86924, 7.975]},
			"faces": {
				"north": {"uv": [6.5, 6.5, 6.875, 7.5], "texture": "#1"},
				"east": {"uv": [6.75, 0, 7.125, 1], "texture": "#1"},
				"south": {"uv": [6.75, 1, 7.125, 2], "texture": "#1"},
				"west": {"uv": [5.5, 6.75, 5.875, 7.75], "texture": "#1"},
				"up": {"uv": [7.875, 2.375, 7.5, 2], "texture": "#1"},
				"down": {"uv": [2.875, 7.5, 2.5, 7.875], "texture": "#1"}
			}
		},
		{
			"from": [10.30427, 20.69573, 11.249],
			"to": [18.30427, 26.19573, 11.249],
			"rotation": {"angle": 0, "axis": "z", "origin": [8, 13.69573, 7.999]},
			"faces": {
				"north": {"uv": [0.5, 15.5, 0, 16], "texture": "#2"},
				"east": {"uv": [0, 0, 0, 5.5], "texture": "#2"},
				"south": {"uv": [0, 6, 8, 11.5], "texture": "#2"},
				"west": {"uv": [0, 0, 0, 5.5], "texture": "#2"},
				"up": {"uv": [8, 0, 0, 0], "texture": "#2"},
				"down": {"uv": [8, 0, 0, 0], "texture": "#2"}
			}
		},
		{
			"from": [10.30427, 20.69573, 4.749],
			"to": [18.30427, 26.19573, 4.749],
			"rotation": {"angle": 0, "axis": "z", "origin": [8, 13.69573, 7.999]},
			"faces": {
				"north": {"uv": [0, 0, 8, 5.5], "texture": "#2"},
				"east": {"uv": [0, 0, 0, 5.5], "texture": "#2"},
				"south": {"uv": [0.5, 15.5, 0, 16], "texture": "#2"},
				"west": {"uv": [0, 0, 0, 5.5], "texture": "#2"},
				"up": {"uv": [8, 0, 0, 0], "texture": "#2"},
				"down": {"uv": [8, 0, 0, 0], "texture": "#2"}
			}
		},
		{
			"from": [-2.69573, 20.69573, 5.249],
			"to": [5.30427, 26.19573, 5.249],
			"rotation": {"angle": 22.5, "axis": "x", "origin": [1.30427, 23.44573, 7.999]},
			"faces": {
				"north": {"uv": [13.5, 8, 8, 16], "rotation": 270, "texture": "#2"},
				"east": {"uv": [5.5, 0, 0, 0], "rotation": 90, "texture": "#2"},
				"south": {"uv": [0.5, 15.5, 0, 16], "texture": "#2"},
				"west": {"uv": [5.5, 0, 0, 0], "rotation": 90, "texture": "#2"},
				"up": {"uv": [0, 0, 0, 8], "rotation": 90, "texture": "#2"},
				"down": {"uv": [0, 0, 0, 8], "rotation": 90, "texture": "#2"}
			}
		},
		{
			"from": [-2.69573, 20.69573, 10.749],
			"to": [5.30427, 26.19573, 10.749],
			"rotation": {"angle": 22.5, "axis": "x", "origin": [1.30427, 23.44573, 7.999]},
			"faces": {
				"north": {"uv": [0.5, 15.5, 0, 16], "texture": "#2"},
				"east": {"uv": [5.5, 0, 0, 0], "rotation": 270, "texture": "#2"},
				"south": {"uv": [8, 0, 13.5, 8], "rotation": 90, "texture": "#2"},
				"west": {"uv": [5.5, 0, 0, 0], "rotation": 270, "texture": "#2"},
				"up": {"uv": [0, 0, 0, 8], "rotation": 90, "texture": "#2"},
				"down": {"uv": [0, 0, 0, 8], "rotation": 90, "texture": "#2"}
			}
		}
	],
	"display": {
		"thirdperson_righthand": {
			"rotation": [0, 90, 0],
			"translation": [0, 0, 0.75],
			"scale": [0.72, 0.72, 0.72]
		},
		"thirdperson_lefthand": {
			"rotation": [0, -90, 0],
			"translation": [0, 0, 0.75],
			"scale": [0.72, 0.72, 0.72]
		},
		"firstperson_righthand": {
			"rotation": [0, 90, 0],
			"translation": [4, 3, 0],
			"scale": [0.43, 0.6, 0.52]
		},
		"firstperson_lefthand": {
			"rotation": [0, -90, 0],
			"translation": [4, 3, 0],
			"scale": [0.43, 0.6, 0.52]
		},
		"ground": {
			"rotation": [93.5, 1.5, 1.33],
			"scale": [0.74, 0.75, 0.72]
		},
		"gui": {
			"rotation": [0, 0, -45],
			"translation": [-3.25, -2.75, 0],
			"scale": [0.51875, 0.58711, 0.8]
		},
		"fixed": {
			"translation": [0, -4.25, -2.75]
		}
	}
}