{
	"credit": "Made with Blockbench",
	"texture_size": [32, 32],
	"textures": {
		"1": "item/weapons/hoe_amethyst_effect",
		"2": "item/weapons/hoe_amethyst",
		"particle": "item/weapons/hoe_amethyst"
	},
	"elements": [
		{
			"from": [7.25, 2, 7.25],
			"to": [8.75, 22, 8.75],
			"rotation": {"angle": 0, "axis": "y", "origin": [8, 13.69573, 8]},
			"faces": {
				"north": {"uv": [0, 0, 0.75, 10], "texture": "#2"},
				"east": {"uv": [1, 0, 1.75, 10], "texture": "#2"},
				"south": {"uv": [2, 0, 2.75, 10], "texture": "#2"},
				"west": {"uv": [3, 0, 3.75, 10], "texture": "#2"},
				"up": {"uv": [12.75, 11.75, 12, 11], "texture": "#2"},
				"down": {"uv": [12.25, 12, 11.5, 12.75], "texture": "#2"}
			}
		},
		{
			"from": [6.25, 21.5, 6.5],
			"to": [9.75, 25, 9.5],
			"rotation": {"angle": 0, "axis": "y", "origin": [8, 13.69573, 8]},
			"faces": {
				"north": {"uv": [4, 5, 5.75, 6.75], "texture": "#2"},
				"east": {"uv": [6, 2, 7.5, 3.75], "texture": "#2"},
				"south": {"uv": [6, 0, 7.75, 1.75], "texture": "#2"},
				"west": {"uv": [6, 4, 7.5, 5.75], "texture": "#2"},
				"up": {"uv": [7.75, 7.5, 6, 6], "texture": "#2"},
				"down": {"uv": [5.75, 7, 4, 8.5], "texture": "#2"}
			}
		},
		{
			"from": [5.25, 21, 6],
			"to": [6.25, 25.5, 10],
			"rotation": {"angle": 0, "axis": "y", "origin": [8, 13.69573, 8]},
			"faces": {
				"north": {"uv": [6.5, 10.5, 7, 12.75], "texture": "#2"},
				"east": {"uv": [4, 0, 6, 2.25], "texture": "#2"},
				"south": {"uv": [10.5, 9.5, 11, 11.75], "texture": "#2"},
				"west": {"uv": [4, 2.5, 6, 4.75], "texture": "#2"},
				"up": {"uv": [10.5, 12.5, 10, 10.5], "texture": "#2"},
				"down": {"uv": [0.5, 11, 0, 13], "texture": "#2"}
			}
		},
		{
			"from": [2.25, 21.425, 6.5],
			"to": [5.25, 23.925, 9],
			"rotation": {"angle": 22.5, "axis": "x", "origin": [5.25, 22.5, 7.75]},
			"faces": {
				"north": {"uv": [7.5, 2, 9, 3.25], "texture": "#2"},
				"east": {"uv": [4, 8.5, 5.25, 9.75], "texture": "#2"},
				"south": {"uv": [7.5, 3.5, 9, 4.75], "texture": "#2"},
				"west": {"uv": [5.5, 9, 6.75, 10.25], "texture": "#2"},
				"up": {"uv": [7.5, 8.75, 6, 7.5], "texture": "#2"},
				"down": {"uv": [9, 7.5, 7.5, 8.75], "texture": "#2"}
			}
		},
		{
			"from": [1.25, 22.86056, 8.14965],
			"to": [5.25, 24.36056, 9.64965],
			"rotation": {"angle": -22.5, "axis": "x", "origin": [4.25, 23.58556, 8.19965]},
			"faces": {
				"north": {"uv": [7, 9, 9, 9.75], "texture": "#2"},
				"east": {"uv": [12.5, 0, 13.25, 0.75], "texture": "#2"},
				"south": {"uv": [9, 7.5, 11, 8.25], "texture": "#2"},
				"west": {"uv": [2.5, 12.5, 3.25, 13.25], "texture": "#2"},
				"up": {"uv": [11, 9.25, 9, 8.5], "texture": "#2"},
				"down": {"uv": [11.5, 0, 9.5, 0.75], "texture": "#2"}
			}
		},
		{
			"from": [2.75, 23.66773, 6.78024],
			"to": [5.25, 25.16773, 8.28024],
			"rotation": {"angle": 22.5, "axis": "x", "origin": [3.25, 24.41773, 7.53024]},
			"faces": {
				"north": {"uv": [11.5, 1, 12.75, 1.75], "texture": "#2"},
				"east": {"uv": [3.5, 12.5, 4.25, 13.25], "texture": "#2"},
				"south": {"uv": [11.5, 2, 12.75, 2.75], "texture": "#2"},
				"west": {"uv": [4.5, 12.5, 5.25, 13.25], "texture": "#2"},
				"up": {"uv": [12.75, 3.75, 11.5, 3], "texture": "#2"},
				"down": {"uv": [12.75, 6.5, 11.5, 7.25], "texture": "#2"}
			}
		},
		{
			"from": [7, 25, 7],
			"to": [9, 27, 9],
			"rotation": {"angle": -45, "axis": "y", "origin": [8, 26.25, 8]},
			"faces": {
				"north": {"uv": [10.5, 6.5, 11.5, 7.5], "texture": "#2"},
				"east": {"uv": [0.5, 11, 1.5, 12], "texture": "#2"},
				"south": {"uv": [11, 4.5, 12, 5.5], "texture": "#2"},
				"west": {"uv": [11, 5.5, 12, 6.5], "texture": "#2"},
				"up": {"uv": [12, 8.5, 11, 7.5], "texture": "#2"},
				"down": {"uv": [12, 8.5, 11, 9.5], "texture": "#2"}
			}
		},
		{
			"from": [15.476, 19.32208, 7.5],
			"to": [19.476, 20.32208, 8.5],
			"rotation": {"angle": -45, "axis": "z", "origin": [18.226, 20.07208, 8]},
			"faces": {
				"north": {"uv": [9.5, 1, 11.5, 1.5], "texture": "#2"},
				"east": {"uv": [8, 1.5, 8.5, 2], "texture": "#2"},
				"south": {"uv": [11, 9.5, 13, 10], "texture": "#2"},
				"west": {"uv": [8.5, 1.5, 9, 2], "texture": "#2"},
				"up": {"uv": [13, 10.5, 11, 10], "texture": "#2"},
				"down": {"uv": [13, 10.5, 11, 11], "texture": "#2"}
			}
		},
		{
			"from": [12.23411, 21.90642, 7.25],
			"to": [16.73411, 23.40642, 8.75],
			"rotation": {"angle": -22.5, "axis": "z", "origin": [13.98411, 22.90642, 8]},
			"faces": {
				"north": {"uv": [8, 6.5, 10.25, 7.25], "texture": "#2"},
				"east": {"uv": [12.5, 5, 13.25, 5.75], "texture": "#2"},
				"south": {"uv": [9, 1.5, 11.25, 2.25], "texture": "#2"},
				"west": {"uv": [5.5, 12.5, 6.25, 13.25], "texture": "#2"},
				"up": {"uv": [11.25, 3.25, 9, 2.5], "texture": "#2"},
				"down": {"uv": [11.25, 3.5, 9, 4.25], "texture": "#2"}
			}
		},
		{
			"from": [9.75, 22.25, 7],
			"to": [12.75, 24.25, 9],
			"rotation": {"angle": 0, "axis": "y", "origin": [7.5, 13.69573, 8]},
			"faces": {
				"north": {"uv": [9.5, 4.5, 11, 5.5], "texture": "#2"},
				"east": {"uv": [11, 11, 12, 12], "texture": "#2"},
				"south": {"uv": [9.5, 5.5, 11, 6.5], "texture": "#2"},
				"west": {"uv": [11.5, 0, 12.5, 1], "texture": "#2"},
				"up": {"uv": [10.5, 10.5, 9, 9.5], "texture": "#2"},
				"down": {"uv": [1.5, 10, 0, 11], "texture": "#2"}
			}
		},
		{
			"from": [8.1, -0.5, 7.5],
			"to": [9.1, 1, 8.5],
			"rotation": {"angle": -22.5, "axis": "y", "origin": [8.6, 0, 8]},
			"faces": {
				"north": {"uv": [0, 13, 0.5, 13.75], "texture": "#2"},
				"east": {"uv": [0.5, 13, 1, 13.75], "texture": "#2"},
				"south": {"uv": [1, 13, 1.5, 13.75], "texture": "#2"},
				"west": {"uv": [13, 1, 13.5, 1.75], "texture": "#2"},
				"up": {"uv": [6, 9, 5.5, 8.5], "texture": "#2"},
				"down": {"uv": [9.5, 4.5, 9, 5], "texture": "#2"}
			}
		},
		{
			"from": [7.1, -1, 7.25],
			"to": [8.1, 1, 8.75],
			"rotation": {"angle": -45, "axis": "y", "origin": [7.6, 0, 8]},
			"faces": {
				"north": {"uv": [7.5, 5, 8, 6], "texture": "#2"},
				"east": {"uv": [0.5, 12, 1.25, 13], "texture": "#2"},
				"south": {"uv": [10, 12.5, 10.5, 13.5], "texture": "#2"},
				"west": {"uv": [1.5, 12, 2.25, 13], "texture": "#2"},
				"up": {"uv": [2, 13.75, 1.5, 13], "texture": "#2"},
				"down": {"uv": [2.5, 13, 2, 13.75], "texture": "#2"}
			}
		},
		{
			"from": [6.5, 1, 6.75],
			"to": [9.5, 2, 9.25],
			"rotation": {"angle": 0, "axis": "y", "origin": [8, 13.69573, 8]},
			"faces": {
				"north": {"uv": [11.5, 4, 13, 4.5], "texture": "#2"},
				"east": {"uv": [4, 12, 5.25, 12.5], "texture": "#2"},
				"south": {"uv": [2.5, 12, 4, 12.5], "texture": "#2"},
				"west": {"uv": [12, 4.5, 13.25, 5], "texture": "#2"},
				"up": {"uv": [9.5, 1.25, 8, 0], "texture": "#2"},
				"down": {"uv": [9.5, 5, 8, 6.25], "texture": "#2"}
			}
		},
		{
			"from": [11.36144, 7.69922, 7.7],
			"to": [12.36144, 10.19922, 8.7],
			"rotation": {"angle": -45, "axis": "z", "origin": [7.75, 11, 8]},
			"faces": {
				"north": {"uv": [12, 5, 12.5, 6.25], "texture": "#2"},
				"east": {"uv": [7, 12, 7.5, 13.25], "texture": "#2"},
				"south": {"uv": [7.5, 12, 8, 13.25], "texture": "#2"},
				"west": {"uv": [12, 7.5, 12.5, 8.75], "texture": "#2"},
				"up": {"uv": [12.5, 9.5, 12, 9], "texture": "#2"},
				"down": {"uv": [13, 6, 12.5, 6.5], "texture": "#2"}
			}
		},
		{
			"from": [9.31519, 6.45537, 7.35],
			"to": [10.56519, 10.45537, 8.6],
			"rotation": {"angle": -22.5, "axis": "z", "origin": [7.75, 11, 8]},
			"faces": {
				"north": {"uv": [1.5, 10, 2.25, 12], "texture": "#2"},
				"east": {"uv": [2.5, 10, 3.25, 12], "texture": "#2"},
				"south": {"uv": [3.5, 10, 4.25, 12], "texture": "#2"},
				"west": {"uv": [4.5, 10, 5.25, 12], "texture": "#2"},
				"up": {"uv": [13.25, 8.25, 12.5, 7.5], "texture": "#2"},
				"down": {"uv": [13.25, 8.5, 12.5, 9.25], "texture": "#2"}
			}
		},
		{
			"from": [9.54289, 13.46825, 7.7],
			"to": [10.54289, 15.96825, 8.7],
			"rotation": {"angle": 45, "axis": "z", "origin": [8.25, 11, 8]},
			"faces": {
				"north": {"uv": [8, 12, 8.5, 13.25], "texture": "#2"},
				"east": {"uv": [8.5, 12, 9, 13.25], "texture": "#2"},
				"south": {"uv": [10.5, 12, 11, 13.25], "texture": "#2"},
				"west": {"uv": [11, 12, 11.5, 13.25], "texture": "#2"},
				"up": {"uv": [13.5, 2.5, 13, 2], "texture": "#2"},
				"down": {"uv": [13.5, 2.5, 13, 3], "texture": "#2"}
			}
		},
		{
			"from": [6.42518, 13.86924, 7.35],
			"to": [7.67518, 17.86924, 8.6],
			"rotation": {"angle": 22.5, "axis": "z", "origin": [6.80018, 15.86924, 7.975]},
			"faces": {
				"north": {"uv": [7, 10, 7.75, 12], "texture": "#2"},
				"east": {"uv": [8, 10, 8.75, 12], "texture": "#2"},
				"south": {"uv": [5.5, 10.5, 6.25, 12.5], "texture": "#2"},
				"west": {"uv": [9, 10.5, 9.75, 12.5], "texture": "#2"},
				"up": {"uv": [9.75, 13.25, 9, 12.5], "texture": "#2"},
				"down": {"uv": [13.25, 12, 12.5, 12.75], "texture": "#2"}
			}
		},
		{
			"from": [10.25, 15.5, 6.5],
			"to": [18.25, 28.5, 6.5],
			"rotation": {"angle": 0, "axis": "y", "origin": [8, 13.69573, 8]},
			"faces": {
				"north": {"uv": [0, 0, 8, 13], "texture": "#1"},
				"east": {"uv": [4, 4, 4, 8], "texture": "#1"},
				"south": {"uv": [8, 0, 0, 13], "texture": "#1"},
				"west": {"uv": [5.5, 4, 5.5, 8], "texture": "#1"},
				"up": {"uv": [10, 0, 6, 0], "texture": "#1"},
				"down": {"uv": [10, 1.5, 6, 1.5], "texture": "#1"}
			}
		},
		{
			"from": [-2.25, 15.5, 9.5],
			"to": [5.75, 28.5, 9.5],
			"rotation": {"angle": 0, "axis": "y", "origin": [8, 13.69573, 8]},
			"faces": {
				"north": {"uv": [16, 0, 8, 13], "texture": "#1"},
				"east": {"uv": [5.5, 4, 5.5, 8], "texture": "#1"},
				"south": {"uv": [8, 0, 16, 13], "texture": "#1"},
				"west": {"uv": [4, 4, 4, 8], "texture": "#1"},
				"up": {"uv": [6, 0, 10, 0], "texture": "#1"},
				"down": {"uv": [6, 1.5, 10, 1.5], "texture": "#1"}
			}
		}
	],
	"display": {
		"thirdperson_righthand": {
			"rotation": [0, 90, 0],
			"translation": [0, -1.5, 1.25],
			"scale": [0.89, 0.9, 0.87]
		},
		"thirdperson_lefthand": {
			"rotation": [0, -90, 0],
			"translation": [0, -1.5, 1.25],
			"scale": [0.89, 0.9, 0.87]
		},
		"firstperson_righthand": {
			"rotation": [0, 90, 0],
			"translation": [1.75, 2.5, 0],
			"scale": [0.69, 0.67, 0.74]
		},
		"firstperson_lefthand": {
			"rotation": [0, -90, 0],
			"translation": [1.75, 2.5, 0],
			"scale": [0.69, 0.67, 0.74]
		},
		"ground": {
			"rotation": [90, 0, 0],
			"translation": [-2, 0, -4.25],
			"scale": [0.78, 0.78, 0.81]
		},
		"gui": {
			"rotation": [0, 0, -45],
			"translation": [-3, -3, 0],
			"scale": [0.62, 0.62, 0.63]
		},
		"fixed": {
			"translation": [0, -3.75, -2]
		}
	}
}