{
	"credit": "Made with Blockbench",
	"texture_size": [32, 32],
	"textures": {
		"2": "item/weapons/pickaxe_cursed",
		"particle": "item/weapons/pickaxe_cursed"
	},
	"elements": [
		{
			"from": [1.86311, 14.46356, 6.75],
			"to": [5.86311, 18.46356, 9.25],
			"rotation": {"angle": 45, "axis": "z", "origin": [8, 20.60045, 8]},
			"faces": {
				"north": {"uv": [4, 0, 6, 2], "texture": "#2"},
				"east": {"uv": [6, 0, 7.25, 2], "texture": "#2"},
				"south": {"uv": [4, 2, 6, 4], "texture": "#2"},
				"west": {"uv": [6, 2, 7.25, 4], "texture": "#2"},
				"up": {"uv": [6, 7.25, 4, 6], "texture": "#2"},
				"down": {"uv": [8, 6, 6, 7.25], "texture": "#2"}
			}
		},
		{
			"from": [8.5, 11.5, 7.5],
			"to": [10.5, 13, 8.5],
			"rotation": {"angle": -22.5, "axis": "z", "origin": [10.5, 12.25, 8]},
			"faces": {
				"north": {"uv": [9, 3, 10, 3.75], "texture": "#2"},
				"east": {"uv": [11, 8.5, 11.5, 9.25], "texture": "#2"},
				"south": {"uv": [9, 7, 10, 7.75], "texture": "#2"},
				"west": {"uv": [0, 11.5, 0.5, 12.25], "texture": "#2"},
				"up": {"uv": [9, 7.5, 8, 7], "texture": "#2"},
				"down": {"uv": [12, 1, 11, 1.5], "texture": "#2"}
			}
		},
		{
			"from": [7, -8, 7.25],
			"to": [9, 13, 8.75],
			"rotation": {"angle": 0, "axis": "y", "origin": [8, 5.85045, 8]},
			"faces": {
				"north": {"uv": [1, 0, 2, 10.5], "texture": "#2"},
				"east": {"uv": [3, 0, 3.75, 10.5], "texture": "#2"},
				"south": {"uv": [1, 0, 2, 10.5], "texture": "#2"},
				"west": {"uv": [3, 0, 3.75, 10.5], "texture": "#2"},
				"up": {"uv": [6, 10.25, 5, 9.5], "texture": "#2"},
				"down": {"uv": [7, 9.5, 6, 10.25], "texture": "#2"}
			}
		},
		{
			"from": [6.5, -9, 6.75],
			"to": [9.5, -8, 9.25],
			"rotation": {"angle": 0, "axis": "y", "origin": [8, -8.5, 8]},
			"faces": {
				"north": {"uv": [9, 8, 10.5, 8.5], "texture": "#2"},
				"east": {"uv": [1, 10.5, 2.25, 11], "texture": "#2"},
				"south": {"uv": [7, 9.5, 8.5, 10], "texture": "#2"},
				"west": {"uv": [2.5, 10.5, 3.75, 11], "texture": "#2"},
				"up": {"uv": [9, 2.25, 7.5, 1], "texture": "#2"},
				"down": {"uv": [9, 2.5, 7.5, 3.75], "texture": "#2"}
			}
		},
		{
			"from": [7, -10, 7.25],
			"to": [9, -9, 8.75],
			"rotation": {"angle": 0, "axis": "y", "origin": [8, -9.5, 8]},
			"faces": {
				"north": {"uv": [11, 1.5, 12, 2], "texture": "#2"},
				"east": {"uv": [2, 11.5, 2.75, 12], "texture": "#2"},
				"south": {"uv": [2, 11, 3, 11.5], "texture": "#2"},
				"west": {"uv": [3, 11.5, 3.75, 12], "texture": "#2"},
				"up": {"uv": [9.5, 10.25, 8.5, 9.5], "texture": "#2"},
				"down": {"uv": [10.5, 9.5, 9.5, 10.25], "texture": "#2"}
			}
		},
		{
			"from": [3.5, 13.75, 7.5],
			"to": [12.5, 15.25, 8.5],
			"rotation": {"angle": 0, "axis": "z", "origin": [8, 14.75, 8]},
			"faces": {
				"north": {"uv": [4, 4, 8.5, 4.75], "texture": "#2"},
				"east": {"uv": [0.5, 11.5, 1, 12.25], "texture": "#2"},
				"south": {"uv": [4, 5, 8.5, 5.75], "texture": "#2"},
				"west": {"uv": [4, 11.5, 4.5, 12.25], "texture": "#2"},
				"up": {"uv": [12, 0.5, 7.5, 0], "texture": "#2"},
				"down": {"uv": [12, 0.5, 7.5, 1], "texture": "#2"}
			}
		},
		{
			"from": [-2.37955, 14.17178, 7.725],
			"to": [2.62045, 15.67178, 8.275],
			"rotation": {"angle": 22.5, "axis": "z", "origin": [4.12045, 16.17178, 8]},
			"faces": {
				"north": {"uv": [9, 7.5, 6.5, 8.25], "texture": "#2"},
				"east": {"uv": [3, 12, 3.25, 12.75], "texture": "#2"},
				"south": {"uv": [6.5, 7.5, 9, 8.25], "texture": "#2"},
				"west": {"uv": [12, 3, 12.25, 3.75], "texture": "#2"},
				"up": {"uv": [13, 5.75, 10.5, 5.5], "texture": "#2"},
				"down": {"uv": [13, 8, 10.5, 8.25], "texture": "#2"}
			}
		},
		{
			"from": [-0.23632, 9.13662, 7.75],
			"to": [0.76368, 13.13662, 8.25],
			"rotation": {"angle": -45, "axis": "z", "origin": [-0.98632, 14.63662, 8]},
			"faces": {
				"north": {"uv": [5, 9.5, 4.5, 11.5], "texture": "#2"},
				"east": {"uv": [11, 6, 11.25, 8], "texture": "#2"},
				"south": {"uv": [4.5, 9.5, 5, 11.5], "texture": "#2"},
				"west": {"uv": [7, 11, 7.25, 13], "texture": "#2"},
				"up": {"uv": [4, 12.25, 3.5, 12], "texture": "#2"},
				"down": {"uv": [12.5, 4, 12, 4.25], "texture": "#2"}
			}
		},
		{
			"from": [-0.23632, 7.13662, 8],
			"to": [0.76368, 9.13662, 8],
			"rotation": {"angle": -45, "axis": "z", "origin": [-0.98632, 14.63662, 8]},
			"faces": {
				"north": {"uv": [8, 11, 7.5, 12], "texture": "#2"},
				"east": {"uv": [0, 0, 0, 1], "texture": "#2"},
				"south": {"uv": [7.5, 11, 8, 12], "texture": "#2"},
				"west": {"uv": [0, 0, 0, 1], "texture": "#2"},
				"up": {"uv": [0.5, 0, 0, 0], "texture": "#2"},
				"down": {"uv": [0.5, 0, 0, 0], "texture": "#2"}
			}
		},
		{
			"from": [13.37955, 14.17178, 7.725],
			"to": [18.37955, 15.67178, 8.275],
			"rotation": {"angle": -22.5, "axis": "z", "origin": [11.87955, 16.17178, 8]},
			"faces": {
				"north": {"uv": [6.5, 7.5, 9, 8.25], "texture": "#2"},
				"east": {"uv": [12.25, 3, 12, 3.75], "texture": "#2"},
				"south": {"uv": [9, 7.5, 6.5, 8.25], "texture": "#2"},
				"west": {"uv": [3.25, 12, 3, 12.75], "texture": "#2"},
				"up": {"uv": [10.5, 5.75, 13, 5.5], "texture": "#2"},
				"down": {"uv": [10.5, 8, 13, 8.25], "texture": "#2"}
			}
		},
		{
			"from": [15.23632, 9.13662, 7.75],
			"to": [16.23632, 13.13662, 8.25],
			"rotation": {"angle": 45, "axis": "z", "origin": [16.98632, 14.63662, 8]},
			"faces": {
				"north": {"uv": [4.5, 9.5, 5, 11.5], "texture": "#2"},
				"east": {"uv": [7.25, 11, 7, 13], "texture": "#2"},
				"south": {"uv": [5, 9.5, 4.5, 11.5], "texture": "#2"},
				"west": {"uv": [11.25, 6, 11, 8], "texture": "#2"},
				"up": {"uv": [3.5, 12.25, 4, 12], "texture": "#2"},
				"down": {"uv": [12, 4, 12.5, 4.25], "texture": "#2"}
			}
		},
		{
			"from": [15.23632, 7.13662, 8],
			"to": [16.23632, 9.13662, 8],
			"rotation": {"angle": 45, "axis": "z", "origin": [16.98632, 14.63662, 8]},
			"faces": {
				"north": {"uv": [7.5, 11, 8, 12], "texture": "#2"},
				"east": {"uv": [0, 0, 0, 1], "texture": "#2"},
				"south": {"uv": [8, 11, 7.5, 12], "texture": "#2"},
				"west": {"uv": [0, 0, 0, 1], "texture": "#2"},
				"up": {"uv": [0, 0, 0.5, 0], "texture": "#2"},
				"down": {"uv": [0, 0, 0.5, 0], "texture": "#2"}
			}
		},
		{
			"from": [3.52513, 16.63909, 7.525],
			"to": [5.52513, 18.13909, 8.475],
			"rotation": {"angle": -45, "axis": "z", "origin": [1.02513, 17.63909, 8]},
			"faces": {
				"north": {"uv": [7, 10, 8, 10.75], "texture": "#2"},
				"east": {"uv": [9.5, 11.5, 10, 12.25], "texture": "#2"},
				"south": {"uv": [10, 7, 11, 7.75], "texture": "#2"},
				"west": {"uv": [11.5, 9.5, 12, 10.25], "texture": "#2"},
				"up": {"uv": [4, 11.5, 3, 11], "texture": "#2"},
				"down": {"uv": [12, 3, 11, 3.5], "texture": "#2"}
			}
		},
		{
			"from": [5.5, 11.5, 7.5],
			"to": [7.5, 13, 8.5],
			"rotation": {"angle": 22.5, "axis": "z", "origin": [5.5, 12.25, 8]},
			"faces": {
				"north": {"uv": [10, 3, 11, 3.75], "texture": "#2"},
				"east": {"uv": [4.5, 11.5, 5, 12.25], "texture": "#2"},
				"south": {"uv": [10, 6, 11, 6.75], "texture": "#2"},
				"west": {"uv": [11.5, 4.5, 12, 5.25], "texture": "#2"},
				"up": {"uv": [12, 2.5, 11, 2], "texture": "#2"},
				"down": {"uv": [12, 2.5, 11, 3], "texture": "#2"}
			}
		},
		{
			"from": [0.8156, 12.67085, 7.5],
			"to": [1.8156, 15.17085, 8.5],
			"rotation": {"angle": -22.5, "axis": "z", "origin": [2.64614, 15.64765, 8]},
			"faces": {
				"north": {"uv": [8, 10, 8.5, 11.25], "texture": "#2"},
				"east": {"uv": [10.5, 4, 11, 5.25], "texture": "#2"},
				"south": {"uv": [5, 10.5, 5.5, 11.75], "texture": "#2"},
				"west": {"uv": [5.5, 10.5, 6, 11.75], "texture": "#2"},
				"up": {"uv": [1.5, 12.5, 1, 12], "texture": "#2"},
				"down": {"uv": [12.5, 1, 12, 1.5], "texture": "#2"}
			}
		},
		{
			"from": [1.0146, 15.10488, 7.25],
			"to": [4.5146, 16.60488, 8.75],
			"rotation": {"angle": 22.5, "axis": "z", "origin": [2.64614, 15.64765, 8]},
			"faces": {
				"north": {"uv": [8, 6, 9.75, 6.75], "texture": "#2"},
				"east": {"uv": [9.5, 10.5, 10.25, 11.25], "texture": "#2"},
				"south": {"uv": [4, 8.5, 5.75, 9.25], "texture": "#2"},
				"west": {"uv": [10.5, 9.5, 11.25, 10.25], "texture": "#2"},
				"up": {"uv": [10.25, 4.75, 8.5, 4], "texture": "#2"},
				"down": {"uv": [10.25, 5, 8.5, 5.75], "texture": "#2"}
			}
		},
		{
			"from": [4.00606, 15.74704, 7.5],
			"to": [5.00606, 17.24704, 8.5],
			"rotation": {"angle": 0, "axis": "z", "origin": [2.64614, 15.64765, 8]},
			"faces": {
				"north": {"uv": [11.5, 6, 12, 6.75], "texture": "#2"},
				"east": {"uv": [11.5, 7, 12, 7.75], "texture": "#2"},
				"south": {"uv": [8, 11.5, 8.5, 12.25], "texture": "#2"},
				"west": {"uv": [11.5, 8.5, 12, 9.25], "texture": "#2"},
				"up": {"uv": [2, 12.5, 1.5, 12], "texture": "#2"},
				"down": {"uv": [12.5, 1.5, 12, 2], "texture": "#2"}
			}
		},
		{
			"from": [10.47487, 16.63909, 7.525],
			"to": [12.47487, 18.13909, 8.475],
			"rotation": {"angle": 45, "axis": "z", "origin": [14.97487, 17.63909, 8]},
			"faces": {
				"north": {"uv": [8, 10, 7, 10.75], "texture": "#2"},
				"east": {"uv": [12, 9.5, 11.5, 10.25], "texture": "#2"},
				"south": {"uv": [11, 7, 10, 7.75], "texture": "#2"},
				"west": {"uv": [10, 11.5, 9.5, 12.25], "texture": "#2"},
				"up": {"uv": [3, 11.5, 4, 11], "texture": "#2"},
				"down": {"uv": [11, 3, 12, 3.5], "texture": "#2"}
			}
		},
		{
			"from": [11.4854, 15.10488, 7.25],
			"to": [14.9854, 16.60488, 8.75],
			"rotation": {"angle": -22.5, "axis": "z", "origin": [13.35386, 15.64765, 8]},
			"faces": {
				"north": {"uv": [9.75, 6, 8, 6.75], "texture": "#2"},
				"east": {"uv": [11.25, 9.5, 10.5, 10.25], "texture": "#2"},
				"south": {"uv": [5.75, 8.5, 4, 9.25], "texture": "#2"},
				"west": {"uv": [10.25, 10.5, 9.5, 11.25], "texture": "#2"},
				"up": {"uv": [8.5, 4.75, 10.25, 4], "texture": "#2"},
				"down": {"uv": [8.5, 5, 10.25, 5.75], "texture": "#2"}
			}
		},
		{
			"from": [10.99394, 15.74704, 7.5],
			"to": [11.99394, 17.24704, 8.5],
			"rotation": {"angle": 0, "axis": "z", "origin": [13.35386, 15.64765, 8]},
			"faces": {
				"north": {"uv": [12, 6, 11.5, 6.75], "texture": "#2"},
				"east": {"uv": [12, 8.5, 11.5, 9.25], "texture": "#2"},
				"south": {"uv": [8.5, 11.5, 8, 12.25], "texture": "#2"},
				"west": {"uv": [12, 7, 11.5, 7.75], "texture": "#2"},
				"up": {"uv": [1.5, 12.5, 2, 12], "texture": "#2"},
				"down": {"uv": [12, 1.5, 12.5, 2], "texture": "#2"}
			}
		},
		{
			"from": [14.1844, 12.67085, 7.5],
			"to": [15.1844, 15.17085, 8.5],
			"rotation": {"angle": 22.5, "axis": "z", "origin": [13.35386, 15.64765, 8]},
			"faces": {
				"north": {"uv": [8.5, 10, 8, 11.25], "texture": "#2"},
				"east": {"uv": [6, 10.5, 5.5, 11.75], "texture": "#2"},
				"south": {"uv": [5.5, 10.5, 5, 11.75], "texture": "#2"},
				"west": {"uv": [11, 4, 10.5, 5.25], "texture": "#2"},
				"up": {"uv": [1, 12.5, 1.5, 12], "texture": "#2"},
				"down": {"uv": [12, 1, 12.5, 1.5], "texture": "#2"}
			}
		}
	],
	"display": {
		"thirdperson_righthand": {
			"rotation": [0, 90, 0],
			"translation": [0, 6.5, 1.25],
			"scale": [0.75, 0.74, 0.74]
		},
		"thirdperson_lefthand": {
			"rotation": [0, 90, 0],
			"translation": [0, 6.5, 1.25],
			"scale": [0.75, 0.74, 0.74]
		},
		"firstperson_righthand": {
			"rotation": [0, 90, 0],
			"translation": [4.25, 8, -1.25],
			"scale": [0.69, 0.74, 0.75]
		},
		"firstperson_lefthand": {
			"rotation": [0, 90, 0],
			"translation": [4.25, 8, -1.25],
			"scale": [0.69, 0.74, 0.75]
		},
		"ground": {
			"rotation": [90, 0, 0],
			"scale": [0.64, 0.63, 0.6]
		},
		"gui": {
			"rotation": [0, 0, -45],
			"translation": [0.75, 1, 0],
			"scale": [0.62, 0.63, 0.62]
		},
		"fixed": {
			"translation": [0, 4, -1.5]
		}
	}
}