{
	"credit": "Made with Blockbench",
	"texture_size": [32, 32],
	"textures": {
		"1": "item/weapons/pickaxe_amethyst_effect",
		"2": "item/weapons/pickaxe_amethyst",
		"particle": "item/weapons/pickaxe_amethyst"
	},
	"elements": [
		{
			"from": [7.25, 2, 7.25],
			"to": [8.75, 22, 8.75],
			"rotation": {"angle": 0, "axis": "y", "origin": [8, 13.69573, 8]},
			"faces": {
				"north": {"uv": [0, 0, 0.75, 10], "texture": "#2"},
				"east": {"uv": [1, 0, 1.75, 10], "texture": "#2"},
				"south": {"uv": [2, 0, 2.75, 10], "texture": "#2"},
				"west": {"uv": [3, 0, 3.75, 10], "texture": "#2"},
				"up": {"uv": [4.75, 12.25, 4, 11.5], "texture": "#2"},
				"down": {"uv": [5.75, 11.5, 5, 12.25], "texture": "#2"}
			}
		},
		{
			"from": [6.25, 21.5, 6.5],
			"to": [9.75, 25, 9.5],
			"rotation": {"angle": 0, "axis": "y", "origin": [8, 13.69573, 8]},
			"faces": {
				"north": {"uv": [4, 0, 5.75, 1.75], "texture": "#2"},
				"east": {"uv": [4, 4, 5.5, 5.75], "texture": "#2"},
				"south": {"uv": [4, 2, 5.75, 3.75], "texture": "#2"},
				"west": {"uv": [5.5, 4, 7, 5.75], "texture": "#2"},
				"up": {"uv": [7.75, 1.5, 6, 0], "texture": "#2"},
				"down": {"uv": [7.75, 1.5, 6, 3], "texture": "#2"}
			}
		},
		{
			"from": [7, 25, 7],
			"to": [9, 27, 9],
			"rotation": {"angle": -45, "axis": "y", "origin": [8, 26.25, 8]},
			"faces": {
				"north": {"uv": [3, 10, 4, 11], "texture": "#2"},
				"east": {"uv": [6.5, 10, 7.5, 11], "texture": "#2"},
				"south": {"uv": [7.5, 10, 8.5, 11], "texture": "#2"},
				"west": {"uv": [10, 8, 11, 9], "texture": "#2"},
				"up": {"uv": [9.5, 11, 8.5, 10], "texture": "#2"},
				"down": {"uv": [11, 9, 10, 10], "texture": "#2"}
			}
		},
		{
			"from": [15.476, 19.32208, 7.5],
			"to": [19.476, 20.32208, 8.5],
			"rotation": {"angle": -45, "axis": "z", "origin": [18.226, 20.07208, 8]},
			"faces": {
				"north": {"uv": [9.5, 10, 11.5, 10.5], "texture": "#2"},
				"east": {"uv": [6.5, 7.5, 7, 8], "texture": "#2"},
				"south": {"uv": [10.5, 0, 12.5, 0.5], "texture": "#2"},
				"west": {"uv": [11, 9.5, 11.5, 10], "texture": "#2"},
				"up": {"uv": [12.5, 1, 10.5, 0.5], "texture": "#2"},
				"down": {"uv": [12.5, 1, 10.5, 1.5], "texture": "#2"}
			}
		},
		{
			"from": [12.23411, 21.90642, 7.25],
			"to": [16.73411, 23.40642, 8.75],
			"rotation": {"angle": -22.5, "axis": "z", "origin": [13.98411, 22.90642, 8]},
			"faces": {
				"north": {"uv": [6, 3, 8.25, 3.75], "texture": "#2"},
				"east": {"uv": [11.5, 6, 12.25, 6.75], "texture": "#2"},
				"south": {"uv": [7, 4, 9.25, 4.75], "texture": "#2"},
				"west": {"uv": [11.5, 7, 12.25, 7.75], "texture": "#2"},
				"up": {"uv": [9.25, 5.75, 7, 5], "texture": "#2"},
				"down": {"uv": [9.25, 6, 7, 6.75], "texture": "#2"}
			}
		},
		{
			"from": [9.75, 22.25, 7],
			"to": [12.75, 24.25, 9],
			"rotation": {"angle": 0, "axis": "y", "origin": [7.5, 13.69573, 8]},
			"faces": {
				"north": {"uv": [5, 8.5, 6.5, 9.5], "texture": "#2"},
				"east": {"uv": [4, 10.5, 5, 11.5], "texture": "#2"},
				"south": {"uv": [8.5, 8, 10, 9], "texture": "#2"},
				"west": {"uv": [5, 10.5, 6, 11.5], "texture": "#2"},
				"up": {"uv": [10, 10, 8.5, 9], "texture": "#2"},
				"down": {"uv": [11, 2, 9.5, 3], "texture": "#2"}
			}
		},
		{
			"from": [3.25, 22.25, 7],
			"to": [6.25, 24.25, 9],
			"rotation": {"angle": 0, "axis": "y", "origin": [8.5, 13.69573, 8]},
			"faces": {
				"north": {"uv": [9.5, 3, 11, 4], "texture": "#2"},
				"east": {"uv": [10.5, 6, 11.5, 7], "texture": "#2"},
				"south": {"uv": [9.5, 4, 11, 5], "texture": "#2"},
				"west": {"uv": [10.5, 7, 11.5, 8], "texture": "#2"},
				"up": {"uv": [6.5, 10.5, 5, 9.5], "texture": "#2"},
				"down": {"uv": [11, 5, 9.5, 6], "texture": "#2"}
			}
		},
		{
			"from": [-0.73411, 21.90642, 7.25],
			"to": [3.76589, 23.40642, 8.75],
			"rotation": {"angle": 22.5, "axis": "z", "origin": [2.01589, 22.90642, 8]},
			"faces": {
				"north": {"uv": [7, 7, 9.25, 7.75], "texture": "#2"},
				"east": {"uv": [11.5, 8, 12.25, 8.75], "texture": "#2"},
				"south": {"uv": [4, 7.5, 6.25, 8.25], "texture": "#2"},
				"west": {"uv": [11.5, 9, 12.25, 9.75], "texture": "#2"},
				"up": {"uv": [10.25, 0.75, 8, 0], "texture": "#2"},
				"down": {"uv": [10.25, 1, 8, 1.75], "texture": "#2"}
			}
		},
		{
			"from": [-3.476, 19.32208, 7.5],
			"to": [0.524, 20.32208, 8.5],
			"rotation": {"angle": 45, "axis": "z", "origin": [-2.226, 20.07208, 8]},
			"faces": {
				"north": {"uv": [10.5, 1.5, 12.5, 2], "texture": "#2"},
				"east": {"uv": [12, 3, 12.5, 3.5], "texture": "#2"},
				"south": {"uv": [9.5, 10.5, 11.5, 11], "texture": "#2"},
				"west": {"uv": [3.5, 12, 4, 12.5], "texture": "#2"},
				"up": {"uv": [13, 2.5, 11, 2], "texture": "#2"},
				"down": {"uv": [13, 2.5, 11, 3], "texture": "#2"}
			}
		},
		{
			"from": [8.1, -0.5, 7.5],
			"to": [9.1, 1, 8.5],
			"rotation": {"angle": -22.5, "axis": "y", "origin": [8.6, 0, 8]},
			"faces": {
				"north": {"uv": [0.5, 12, 1, 12.75], "texture": "#2"},
				"east": {"uv": [1, 12, 1.5, 12.75], "texture": "#2"},
				"south": {"uv": [1.5, 12, 2, 12.75], "texture": "#2"},
				"west": {"uv": [2, 12, 2.5, 12.75], "texture": "#2"},
				"up": {"uv": [12.5, 4, 12, 3.5], "texture": "#2"},
				"down": {"uv": [6.5, 12, 6, 12.5], "texture": "#2"}
			}
		},
		{
			"from": [7.1, -1, 7.25],
			"to": [8.1, 1, 8.75],
			"rotation": {"angle": -45, "axis": "y", "origin": [7.6, 0, 8]},
			"faces": {
				"north": {"uv": [8, 2, 8.5, 3], "texture": "#2"},
				"east": {"uv": [3, 11, 3.75, 12], "texture": "#2"},
				"south": {"uv": [0, 12, 0.5, 13], "texture": "#2"},
				"west": {"uv": [11, 3, 11.75, 4], "texture": "#2"},
				"up": {"uv": [3, 12.75, 2.5, 12], "texture": "#2"},
				"down": {"uv": [3.5, 12, 3, 12.75], "texture": "#2"}
			}
		},
		{
			"from": [6.5, 1, 6.75],
			"to": [9.5, 2, 9.25],
			"rotation": {"angle": 0, "axis": "y", "origin": [8, 13.69573, 8]},
			"faces": {
				"north": {"uv": [11, 4, 12.5, 4.5], "texture": "#2"},
				"east": {"uv": [11, 5, 12.25, 5.5], "texture": "#2"},
				"south": {"uv": [11, 4.5, 12.5, 5], "texture": "#2"},
				"west": {"uv": [11, 5.5, 12.25, 6], "texture": "#2"},
				"up": {"uv": [5.5, 7.25, 4, 6], "texture": "#2"},
				"down": {"uv": [7, 6, 5.5, 7.25], "texture": "#2"}
			}
		},
		{
			"from": [11.36144, 7.69922, 7.7],
			"to": [12.36144, 10.19922, 8.7],
			"rotation": {"angle": -45, "axis": "z", "origin": [7.75, 11, 8]},
			"faces": {
				"north": {"uv": [6, 10.5, 6.5, 11.75], "texture": "#2"},
				"east": {"uv": [6.5, 11, 7, 12.25], "texture": "#2"},
				"south": {"uv": [7, 11, 7.5, 12.25], "texture": "#2"},
				"west": {"uv": [7.5, 11, 8, 12.25], "texture": "#2"},
				"up": {"uv": [10, 12.5, 9.5, 12], "texture": "#2"},
				"down": {"uv": [10.5, 12, 10, 12.5], "texture": "#2"}
			}
		},
		{
			"from": [9.31519, 6.45537, 7.35],
			"to": [10.56519, 10.45537, 8.6],
			"rotation": {"angle": -22.5, "axis": "z", "origin": [7.75, 11, 8]},
			"faces": {
				"north": {"uv": [9.5, 6, 10.25, 8], "texture": "#2"},
				"east": {"uv": [0, 10, 0.75, 12], "texture": "#2"},
				"south": {"uv": [1, 10, 1.75, 12], "texture": "#2"},
				"west": {"uv": [2, 10, 2.75, 12], "texture": "#2"},
				"up": {"uv": [12.25, 10.75, 11.5, 10], "texture": "#2"},
				"down": {"uv": [12.25, 11, 11.5, 11.75], "texture": "#2"}
			}
		},
		{
			"from": [9.54289, 13.46825, 7.7],
			"to": [10.54289, 15.96825, 8.7],
			"rotation": {"angle": 45, "axis": "z", "origin": [8.25, 11, 8]},
			"faces": {
				"north": {"uv": [8, 11, 8.5, 12.25], "texture": "#2"},
				"east": {"uv": [11, 8, 11.5, 9.25], "texture": "#2"},
				"south": {"uv": [8.5, 11, 9, 12.25], "texture": "#2"},
				"west": {"uv": [9, 11, 9.5, 12.25], "texture": "#2"},
				"up": {"uv": [11, 12.5, 10.5, 12], "texture": "#2"},
				"down": {"uv": [11.5, 12, 11, 12.5], "texture": "#2"}
			}
		},
		{
			"from": [6.42518, 13.86924, 7.35],
			"to": [7.67518, 17.86924, 8.6],
			"rotation": {"angle": 22.5, "axis": "z", "origin": [6.80018, 15.86924, 7.975]},
			"faces": {
				"north": {"uv": [6.5, 8, 7.25, 10], "texture": "#2"},
				"east": {"uv": [7.5, 8, 8.25, 10], "texture": "#2"},
				"south": {"uv": [8.5, 2, 9.25, 4], "texture": "#2"},
				"west": {"uv": [4, 8.5, 4.75, 10.5], "texture": "#2"},
				"up": {"uv": [10.25, 11.75, 9.5, 11], "texture": "#2"},
				"down": {"uv": [11.25, 11, 10.5, 11.75], "texture": "#2"}
			}
		},
		{
			"from": [10.25, 15.5, 6.5],
			"to": [18.25, 28.5, 6.5],
			"rotation": {"angle": 0, "axis": "y", "origin": [8, 13.69573, 8]},
			"faces": {
				"north": {"uv": [0, 0, 8, 13], "texture": "#1"},
				"east": {"uv": [4, 4, 4, 8], "texture": "#1"},
				"south": {"uv": [8, 0, 0, 13], "texture": "#1"},
				"west": {"uv": [5.5, 4, 5.5, 8], "texture": "#1"},
				"up": {"uv": [10, 0, 6, 0], "texture": "#1"},
				"down": {"uv": [10, 1.5, 6, 1.5], "texture": "#1"}
			}
		},
		{
			"from": [-2.25, 15.5, 9.5],
			"to": [5.75, 28.5, 9.5],
			"rotation": {"angle": 0, "axis": "y", "origin": [8, 13.69573, 8]},
			"faces": {
				"north": {"uv": [16, 0, 8, 13], "texture": "#1"},
				"east": {"uv": [5.5, 4, 5.5, 8], "texture": "#1"},
				"south": {"uv": [8, 0, 16, 13], "texture": "#1"},
				"west": {"uv": [4, 4, 4, 8], "texture": "#1"},
				"up": {"uv": [6, 0, 10, 0], "texture": "#1"},
				"down": {"uv": [6, 1.5, 10, 1.5], "texture": "#1"}
			}
		}
	],
	"display": {
		"thirdperson_righthand": {
			"rotation": [0, 90, 0],
			"translation": [0, -1.5, 1.5],
			"scale": [0.76, 0.73, 0.7]
		},
		"thirdperson_lefthand": {
			"rotation": [0, -90, 0],
			"translation": [0, -1.5, 1.5],
			"scale": [0.76, 0.73, 0.7]
		},
		"firstperson_righthand": {
			"rotation": [0, 90, 0],
			"translation": [2, 0.5, 0],
			"scale": [0.8, 0.82, 0.81]
		},
		"firstperson_lefthand": {
			"rotation": [0, -90, 0],
			"translation": [2, 0.5, 0],
			"scale": [0.8, 0.82, 0.81]
		},
		"ground": {
			"rotation": [90, 0, 0],
			"scale": [0.74, 0.73, 0.72]
		},
		"gui": {
			"rotation": [0, 0, -45],
			"translation": [-3.25, -3, 0],
			"scale": [0.62, 0.62, 0.62]
		},
		"fixed": {
			"translation": [0, -2.75, -2.25]
		}
	}
}