{
	"credit": "Made with Blockbench",
	"texture_size": [64, 64],
	"textures": {
		"1": "item/weapons/shield_amethyst",
		"2": "item/weapons/shield_amethyst_effect",
		"particle": "item/weapons/shield_amethyst"
	},
	"elements": [
		{
			"from": [2.25, 2.25, 7.25],
			"to": [13.75, 13.75, 8.75],
			"rotation": {"angle": 45, "axis": "z", "origin": [8, 8, 8]},
			"faces": {
				"north": {"uv": [0, 0, 2.875, 2.875], "texture": "#1"},
				"east": {"uv": [3.25, 7.5, 3.625, 10.375], "texture": "#1"},
				"south": {"uv": [0, 3, 2.875, 5.875], "texture": "#1"},
				"west": {"uv": [3.75, 7.5, 4.125, 10.375], "texture": "#1"},
				"up": {"uv": [2.875, 6.375, 0, 6], "texture": "#1"},
				"down": {"uv": [2.875, 6.5, 0, 6.875], "texture": "#1"}
			}
		},
		{
			"from": [7.25, 6.25, 8.25],
			"to": [8.75, 9.75, 10.25],
			"rotation": {"angle": 0, "axis": "z", "origin": [8, 8, 9.25]},
			"faces": {
				"north": {"uv": [2, 9, 2.375, 9.875], "texture": "#1"},
				"east": {"uv": [8.75, 4.5, 9.25, 5.375], "texture": "#1"},
				"south": {"uv": [2.5, 9, 2.875, 9.875], "texture": "#1"},
				"west": {"uv": [8.75, 5.5, 9.25, 6.375], "texture": "#1"},
				"up": {"uv": [2.875, 7.5, 2.5, 7], "texture": "#1"},
				"down": {"uv": [9.375, 2, 9, 2.5], "texture": "#1"}
			}
		},
		{
			"from": [7.25, 7.25, 7.5],
			"to": [16.75, 16.75, 8.5],
			"rotation": {"angle": 45, "axis": "z", "origin": [8, 8, 8]},
			"faces": {
				"north": {"uv": [3, 0, 5.375, 2.375], "texture": "#1"},
				"east": {"uv": [5.25, 8, 5.5, 10.375], "texture": "#1"},
				"south": {"uv": [3, 2.5, 5.375, 4.875], "texture": "#1"},
				"west": {"uv": [5.5, 8, 5.75, 10.375], "texture": "#1"},
				"up": {"uv": [2.375, 7.25, 0, 7], "texture": "#1"},
				"down": {"uv": [2.375, 7.25, 0, 7.5], "texture": "#1"}
			}
		},
		{
			"from": [7.25, -0.75, 7.5],
			"to": [16.75, 8.75, 8.5],
			"rotation": {"angle": -45, "axis": "z", "origin": [8, 8, 8]},
			"faces": {
				"north": {"uv": [3, 5, 5.375, 7.375], "texture": "#1"},
				"east": {"uv": [5.75, 8, 6, 10.375], "texture": "#1"},
				"south": {"uv": [5.5, 0, 7.875, 2.375], "texture": "#1"},
				"west": {"uv": [6, 8, 6.25, 10.375], "texture": "#1"},
				"up": {"uv": [8.625, 8.25, 6.25, 8], "texture": "#1"},
				"down": {"uv": [2.375, 8.25, 0, 8.5], "texture": "#1"}
			}
		},
		{
			"from": [6.25, 6.25, 6.25],
			"to": [9.75, 9.75, 7.75],
			"rotation": {"angle": 45, "axis": "z", "origin": [8, 8, 8]},
			"faces": {
				"north": {"uv": [8, 1.5, 8.875, 2.375], "texture": "#1"},
				"east": {"uv": [0, 9, 0.375, 9.875], "texture": "#1"},
				"south": {"uv": [4.25, 8, 5.125, 8.875], "texture": "#1"},
				"west": {"uv": [0.5, 9, 0.875, 9.875], "texture": "#1"},
				"up": {"uv": [1.875, 9.375, 1, 9], "texture": "#1"},
				"down": {"uv": [9.875, 1.5, 9, 1.875], "texture": "#1"}
			}
		},
		{
			"from": [4.25, 10.25, 6.75],
			"to": [10.25, 11.75, 7.75],
			"rotation": {"angle": 45, "axis": "z", "origin": [8, 8, 8]},
			"faces": {
				"north": {"uv": [6.25, 8.25, 7.75, 8.625], "texture": "#1"},
				"east": {"uv": [3, 8.5, 3.25, 8.875], "texture": "#1"},
				"south": {"uv": [7.75, 8.25, 9.25, 8.625], "texture": "#1"},
				"west": {"uv": [3, 9, 3.25, 9.375], "texture": "#1"},
				"up": {"uv": [7.75, 9, 6.25, 8.75], "texture": "#1"},
				"down": {"uv": [10.25, 6.5, 8.75, 6.75], "texture": "#1"}
			}
		},
		{
			"from": [5.75, 4.25, 6.75],
			"to": [11.75, 5.75, 7.75],
			"rotation": {"angle": 45, "axis": "z", "origin": [8, 8, 8]},
			"faces": {
				"north": {"uv": [0, 8.5, 1.5, 8.875], "texture": "#1"},
				"east": {"uv": [5, 9, 5.25, 9.375], "texture": "#1"},
				"south": {"uv": [1.5, 8.5, 3, 8.875], "texture": "#1"},
				"west": {"uv": [9.25, 4.5, 9.5, 4.875], "texture": "#1"},
				"up": {"uv": [10.25, 7, 8.75, 6.75], "texture": "#1"},
				"down": {"uv": [10.25, 7, 8.75, 7.25], "texture": "#1"}
			}
		},
		{
			"from": [4.25, 10.25, 6.75],
			"to": [10.25, 11.75, 7.75],
			"rotation": {"angle": -45, "axis": "z", "origin": [8, 8, 8]},
			"faces": {
				"north": {"uv": [8.75, 2.5, 10.25, 2.875], "texture": "#1"},
				"east": {"uv": [9.25, 5, 9.5, 5.375], "texture": "#1"},
				"south": {"uv": [8.75, 3, 10.25, 3.375], "texture": "#1"},
				"west": {"uv": [9.25, 5.5, 9.5, 5.875], "texture": "#1"},
				"up": {"uv": [10.25, 7.5, 8.75, 7.25], "texture": "#1"},
				"down": {"uv": [10.25, 7.5, 8.75, 7.75], "texture": "#1"}
			}
		},
		{
			"from": [5.75, 4.25, 6.75],
			"to": [11.75, 5.75, 7.75],
			"rotation": {"angle": -45, "axis": "z", "origin": [8, 8, 8]},
			"faces": {
				"north": {"uv": [8.75, 3.5, 10.25, 3.875], "texture": "#1"},
				"east": {"uv": [9.25, 6, 9.5, 6.375], "texture": "#1"},
				"south": {"uv": [8.75, 4, 10.25, 4.375], "texture": "#1"},
				"west": {"uv": [6.25, 9.25, 6.5, 9.625], "texture": "#1"},
				"up": {"uv": [9.25, 9, 7.75, 8.75], "texture": "#1"},
				"down": {"uv": [10.25, 8, 8.75, 8.25], "texture": "#1"}
			}
		},
		{
			"from": [1.25, 13.75, 6.75],
			"to": [13.75, 14.75, 9.25],
			"rotation": {"angle": 45, "axis": "z", "origin": [8, 8, 8.5]},
			"faces": {
				"north": {"uv": [4.25, 7.75, 7.375, 8], "texture": "#1"},
				"east": {"uv": [4.25, 7.5, 4.875, 7.75], "texture": "#1"},
				"south": {"uv": [7.5, 7.75, 10.625, 8], "texture": "#1"},
				"west": {"uv": [2.5, 8.25, 3.125, 8.5], "texture": "#1"},
				"up": {"uv": [8.625, 3.125, 5.5, 2.5], "texture": "#1"},
				"down": {"uv": [8.625, 3.25, 5.5, 3.875], "texture": "#1"}
			}
		},
		{
			"from": [2.25, 1.25, 6.75],
			"to": [14.75, 2.25, 9.25],
			"rotation": {"angle": 45, "axis": "z", "origin": [8, 8, 8.5]},
			"faces": {
				"north": {"uv": [8, 0, 11.125, 0.25], "texture": "#1"},
				"east": {"uv": [4.25, 9, 4.875, 9.25], "texture": "#1"},
				"south": {"uv": [8, 0.25, 11.125, 0.5], "texture": "#1"},
				"west": {"uv": [6.25, 9, 6.875, 9.25], "texture": "#1"},
				"up": {"uv": [8.625, 4.625, 5.5, 4], "texture": "#1"},
				"down": {"uv": [8.625, 4.75, 5.5, 5.375], "texture": "#1"}
			}
		},
		{
			"from": [1.25, 13.75, 6.75],
			"to": [13.75, 14.75, 9.25],
			"rotation": {"angle": -45, "axis": "z", "origin": [8, 8, 8.5]},
			"faces": {
				"north": {"uv": [8, 0.5, 11.125, 0.75], "texture": "#1"},
				"east": {"uv": [7, 9, 7.625, 9.25], "texture": "#1"},
				"south": {"uv": [8, 0.75, 11.125, 1], "texture": "#1"},
				"west": {"uv": [7.75, 9, 8.375, 9.25], "texture": "#1"},
				"up": {"uv": [8.625, 6.125, 5.5, 5.5], "texture": "#1"},
				"down": {"uv": [8.625, 6.25, 5.5, 6.875], "texture": "#1"}
			}
		},
		{
			"from": [2.25, 1.25, 6.75],
			"to": [14.75, 2.25, 9.25],
			"rotation": {"angle": -45, "axis": "z", "origin": [8, 8, 8.5]},
			"faces": {
				"north": {"uv": [8, 1, 11.125, 1.25], "texture": "#1"},
				"east": {"uv": [8.5, 9, 9.125, 9.25], "texture": "#1"},
				"south": {"uv": [8, 1.25, 11.125, 1.5], "texture": "#1"},
				"west": {"uv": [4.25, 9.25, 4.875, 9.5], "texture": "#1"},
				"up": {"uv": [8.625, 7.625, 5.5, 7], "texture": "#1"},
				"down": {"uv": [3.125, 7.5, 0, 8.125], "texture": "#1"}
			}
		},
		{
			"from": [4, 8, 6],
			"to": [12, 24, 6],
			"faces": {
				"north": {"uv": [0, 0, 8, 16], "texture": "#2"},
				"east": {"uv": [0, 0, 0, 4], "texture": "#2"},
				"south": {"uv": [0, 15, 1, 16], "texture": "#2"},
				"west": {"uv": [0, 0, 0, 4], "texture": "#2"},
				"up": {"uv": [0, 0, 2, 0], "texture": "#2"},
				"down": {"uv": [0, 0, 2, 0], "texture": "#2"}
			}
		},
		{
			"from": [4, -8, 6],
			"to": [12, 8, 6],
			"rotation": {"angle": 0, "axis": "y", "origin": [0, 16, 0]},
			"faces": {
				"north": {"uv": [8, 16, 16, 0], "texture": "#2"},
				"east": {"uv": [0, 4, 0, 0], "texture": "#2"},
				"south": {"uv": [0, 16, 1, 15], "texture": "#2"},
				"west": {"uv": [0, 4, 0, 0], "texture": "#2"},
				"up": {"uv": [0, 0, 2, 0], "texture": "#2"},
				"down": {"uv": [0, 0, 2, 0], "texture": "#2"}
			}
		}
	],
	"display": {
		"thirdperson_righthand": {
			"rotation": [45, 0, 0],
			"translation": [0, 0.5, -0.75]
		},
		"thirdperson_lefthand": {
			"rotation": [45, 0, 0],
			"translation": [0, 0.5, -0.75]
		},
		"ground": {
			"rotation": [90, 0, 0],
			"scale": [0.74, 0.74, 0.75]
		},
		"gui": {
			"rotation": [0, -180, 45],
			"scale": [0.8, 0.8, 0.8]
		},
		"fixed": {
			"translation": [0, 0, -1.5]
		}
	}
}