{
	"credit": "Made with Blockbench",
	"texture_size": [64, 64],
	"textures": {
		"1": "item/weapons/shield_cursed"
	},
	"elements": [
		{
			"from": [1.86311, 15.46356, 6.75],
			"to": [5.86311, 19.46356, 9.25],
			"rotation": {"angle": 45, "axis": "z", "origin": [8, 21.60045, 8]},
			"faces": {
				"north": {"uv": [0.5, 5.75, 1.5, 6.75], "texture": "#1"},
				"east": {"uv": [6.75, 0, 7.375, 1], "texture": "#1"},
				"south": {"uv": [1.5, 5.75, 2.5, 6.75], "texture": "#1"},
				"west": {"uv": [0.5, 6.75, 1.125, 7.75], "texture": "#1"},
				"up": {"uv": [7.75, 1.625, 6.75, 1], "texture": "#1"},
				"down": {"uv": [2.25, 6.75, 1.25, 7.375], "texture": "#1"}
			}
		},
		{
			"from": [6.5, 5.05762, 6.75],
			"to": [9.5, 8.05762, 7.75],
			"rotation": {"angle": -45, "axis": "z", "origin": [8, 6.55762, 7.25]},
			"faces": {
				"north": {"uv": [7.25, 1.75, 8, 2.5], "texture": "#1"},
				"east": {"uv": [2, 8.25, 2.25, 9], "texture": "#1"},
				"south": {"uv": [7.25, 2.5, 8, 3.25], "texture": "#1"},
				"west": {"uv": [8.25, 6, 8.5, 6.75], "texture": "#1"},
				"up": {"uv": [8.25, 5.5, 7.5, 5.25], "texture": "#1"},
				"down": {"uv": [9, 5.25, 8.25, 5.5], "texture": "#1"}
			}
		},
		{
			"from": [-11.12648, 2.16635, 7.525],
			"to": [-9.62648, 10.66635, 8.475],
			"rotation": {"angle": 45, "axis": "z", "origin": [8.01041, 21.30324, 8]},
			"faces": {
				"north": {"uv": [3.5, 5.75, 3.875, 7.875], "texture": "#1"},
				"east": {"uv": [7.25, 3.25, 7.5, 5.375], "texture": "#1"},
				"south": {"uv": [4, 5.75, 4.375, 7.875], "texture": "#1"},
				"west": {"uv": [7.25, 7.25, 7.5, 9.375], "texture": "#1"},
				"up": {"uv": [9.375, 2.5, 9, 2.25], "texture": "#1"},
				"down": {"uv": [9.375, 2.5, 9, 2.75], "texture": "#1"}
			}
		},
		{
			"from": [25.62648, 3.66635, 7.525],
			"to": [27.12648, 10.66635, 8.475],
			"rotation": {"angle": -45, "axis": "z", "origin": [7.98959, 21.30324, 8]},
			"faces": {
				"north": {"uv": [6, 6, 6.375, 7.75], "texture": "#1"},
				"east": {"uv": [1.25, 7.5, 1.5, 9.25], "texture": "#1"},
				"south": {"uv": [6.5, 6, 6.875, 7.75], "texture": "#1"},
				"west": {"uv": [1.5, 7.5, 1.75, 9.25], "texture": "#1"},
				"up": {"uv": [9.375, 3, 9, 2.75], "texture": "#1"},
				"down": {"uv": [9.375, 3, 9, 3.25], "texture": "#1"}
			}
		},
		{
			"from": [9.25, 15.5, 7],
			"to": [10.25, 20.5, 9],
			"rotation": {"angle": 0, "axis": "y", "origin": [8, 21.60045, 8]},
			"faces": {
				"north": {"uv": [1, 7.75, 1.25, 9], "texture": "#1"},
				"east": {"uv": [6.75, 1.75, 7.25, 3], "texture": "#1"},
				"south": {"uv": [4, 8, 4.25, 9.25], "texture": "#1"},
				"west": {"uv": [6.75, 3, 7.25, 4.25], "texture": "#1"},
				"up": {"uv": [9, 8.25, 8.75, 7.75], "texture": "#1"},
				"down": {"uv": [8.25, 8.75, 8, 9.25], "texture": "#1"}
			}
		},
		{
			"from": [5.75, 15.5, 7],
			"to": [6.75, 20.5, 9],
			"rotation": {"angle": 0, "axis": "y", "origin": [8, 21.60045, 8]},
			"faces": {
				"north": {"uv": [4.25, 8, 4.5, 9.25], "texture": "#1"},
				"east": {"uv": [6.75, 4.25, 7.25, 5.5], "texture": "#1"},
				"south": {"uv": [8, 6, 8.25, 7.25], "texture": "#1"},
				"west": {"uv": [7, 6, 7.5, 7.25], "texture": "#1"},
				"up": {"uv": [8.5, 9.25, 8.25, 8.75], "texture": "#1"},
				"down": {"uv": [9, 8.25, 8.75, 8.75], "texture": "#1"}
			}
		},
		{
			"from": [9.40466, 17.12223, 7.001],
			"to": [10.40466, 20.32223, 8.999],
			"rotation": {"angle": -45, "axis": "z", "origin": [11.65466, 23.22268, 7.999]},
			"faces": {
				"north": {"uv": [8.5, 0, 8.75, 0.75], "texture": "#1"},
				"east": {"uv": [7.5, 0, 8, 0.75], "texture": "#1"},
				"south": {"uv": [8.5, 0.75, 8.75, 1.5], "texture": "#1"},
				"west": {"uv": [1.75, 7.5, 2.25, 8.25], "texture": "#1"},
				"up": {"uv": [8.75, 9.25, 8.5, 8.75], "texture": "#1"},
				"down": {"uv": [9, 8.75, 8.75, 9.25], "texture": "#1"}
			}
		},
		{
			"from": [4.71666, 19.24355, 7.001],
			"to": [5.71666, 22.44355, 8.999],
			"rotation": {"angle": 45, "axis": "z", "origin": [6.46666, 25.344, 7.999]},
			"faces": {
				"north": {"uv": [8.5, 1.5, 8.75, 2.25], "texture": "#1"},
				"east": {"uv": [7.5, 3.25, 8, 4], "texture": "#1"},
				"south": {"uv": [8.5, 2.25, 8.75, 3], "texture": "#1"},
				"west": {"uv": [7.5, 4, 8, 4.75], "texture": "#1"},
				"up": {"uv": [9.25, 0.5, 9, 0], "texture": "#1"},
				"down": {"uv": [9.25, 0.5, 9, 1], "texture": "#1"}
			}
		},
		{
			"from": [8.5, 12.5, 7.5],
			"to": [10.5, 14, 8.5],
			"rotation": {"angle": -22.5, "axis": "z", "origin": [10.5, 13.25, 8]},
			"faces": {
				"north": {"uv": [8.25, 6.75, 8.75, 7.125], "texture": "#1"},
				"east": {"uv": [2, 9, 2.25, 9.375], "texture": "#1"},
				"south": {"uv": [8.5, 3, 9, 3.375], "texture": "#1"},
				"west": {"uv": [9, 3.25, 9.25, 3.625], "texture": "#1"},
				"up": {"uv": [9, 4.75, 8.5, 4.5], "texture": "#1"},
				"down": {"uv": [9.5, 1, 9, 1.25], "texture": "#1"}
			}
		},
		{
			"from": [-1, 14.75, 7.5],
			"to": [17, 16.25, 8.5],
			"rotation": {"angle": 0, "axis": "z", "origin": [8, 15.75, 8]},
			"faces": {
				"north": {"uv": [0, 4.75, 4.5, 5.125], "texture": "#1"},
				"east": {"uv": [3.5, 9, 3.75, 9.375], "texture": "#1"},
				"south": {"uv": [0, 5.25, 4.5, 5.625], "texture": "#1"},
				"west": {"uv": [3.75, 9, 4, 9.375], "texture": "#1"},
				"up": {"uv": [10.5, 5.75, 6, 5.5], "texture": "#1"},
				"down": {"uv": [10.5, 5.75, 6, 6], "texture": "#1"}
			}
		},
		{
			"from": [3.5, -3.75, 7.75],
			"to": [12.5, 14.75, 8.25],
			"rotation": {"angle": 0, "axis": "z", "origin": [8, 15.75, 8]},
			"faces": {
				"north": {"uv": [0, 0, 2.25, 4.625], "texture": "#1"},
				"east": {"uv": [2.25, 6.75, 2.375, 11.375], "texture": "#1"},
				"south": {"uv": [2.25, 0, 4.5, 4.625], "texture": "#1"},
				"west": {"uv": [7, 7.25, 7.125, 11.875], "texture": "#1"},
				"up": {"uv": [9.75, 4.875, 7.5, 4.75], "texture": "#1"},
				"down": {"uv": [9.75, 5, 7.5, 5.125], "texture": "#1"}
			}
		},
		{
			"from": [7.5, 4.75, 8.25],
			"to": [8.5, 8.25, 9.75],
			"rotation": {"angle": 0, "axis": "z", "origin": [8, 15.75, 8]},
			"faces": {
				"north": {"uv": [8.25, 0.75, 8.5, 1.625], "texture": "#1"},
				"east": {"uv": [7.5, 6, 7.875, 6.875], "texture": "#1"},
				"south": {"uv": [1.75, 8.25, 2, 9.125], "texture": "#1"},
				"west": {"uv": [7.5, 7, 7.875, 7.875], "texture": "#1"},
				"up": {"uv": [1.25, 9.375, 1, 9], "texture": "#1"},
				"down": {"uv": [9.25, 1.75, 9, 2.125], "texture": "#1"}
			}
		},
		{
			"from": [3.5, 2.25, 7.25],
			"to": [12.5, 12.75, 7.25],
			"rotation": {"angle": 0, "axis": "z", "origin": [8, 15.75, 8]},
			"faces": {
				"north": {"uv": [4.5, 0, 6.75, 2.625], "texture": "#1"},
				"east": {"uv": [0, 0, 0, 2.625], "texture": "#1"},
				"south": {"uv": [4.5, 2.75, 6.75, 5.375], "texture": "#1"},
				"west": {"uv": [0, 0, 0, 2.625], "texture": "#1"},
				"up": {"uv": [2.25, 0, 0, 0], "texture": "#1"},
				"down": {"uv": [2.25, 0, 0, 0], "texture": "#1"}
			}
		},
		{
			"from": [2, 0.25, 7.5],
			"to": [3.5, 14.75, 8.5],
			"rotation": {"angle": 0, "axis": "z", "origin": [8, 15.75, 8]},
			"faces": {
				"north": {"uv": [4.5, 5.5, 4.875, 9.125], "texture": "#1"},
				"east": {"uv": [2.5, 5.75, 2.75, 9.375], "texture": "#1"},
				"south": {"uv": [5, 5.5, 5.375, 9.125], "texture": "#1"},
				"west": {"uv": [2.75, 5.75, 3, 9.375], "texture": "#1"},
				"up": {"uv": [9.375, 4, 9, 3.75], "texture": "#1"},
				"down": {"uv": [9.375, 4, 9, 4.25], "texture": "#1"}
			}
		},
		{
			"from": [12.5, 0.25, 7.5],
			"to": [14, 14.75, 8.5],
			"rotation": {"angle": 0, "axis": "z", "origin": [8, 15.75, 8]},
			"faces": {
				"north": {"uv": [5.5, 5.5, 5.875, 9.125], "texture": "#1"},
				"east": {"uv": [3, 5.75, 3.25, 9.375], "texture": "#1"},
				"south": {"uv": [0, 5.75, 0.375, 9.375], "texture": "#1"},
				"west": {"uv": [3.25, 5.75, 3.5, 9.375], "texture": "#1"},
				"up": {"uv": [9.375, 4.5, 9, 4.25], "texture": "#1"},
				"down": {"uv": [9.375, 4.5, 9, 4.75], "texture": "#1"}
			}
		},
		{
			"from": [10.8076, 14.30357, 7.25],
			"to": [11.8076, 16.80357, 8.75],
			"rotation": {"angle": -22.5, "axis": "z", "origin": [11.3076, 15.55357, 8]},
			"faces": {
				"north": {"uv": [8.5, 6, 8.75, 6.625], "texture": "#1"},
				"east": {"uv": [8, 0, 8.375, 0.625], "texture": "#1"},
				"south": {"uv": [8.5, 7.25, 8.75, 7.875], "texture": "#1"},
				"west": {"uv": [8, 7.25, 8.375, 7.875], "texture": "#1"},
				"up": {"uv": [9.25, 6.375, 9, 6], "texture": "#1"},
				"down": {"uv": [9.25, 7.75, 9, 8.125], "texture": "#1"}
			}
		},
		{
			"from": [15.5576, 13.05357, 7.25],
			"to": [17.0576, 16.55357, 8.75],
			"rotation": {"angle": 22.5, "axis": "z", "origin": [13.8076, 15.80357, 8]},
			"faces": {
				"north": {"uv": [0.5, 7.75, 0.875, 8.625], "texture": "#1"},
				"east": {"uv": [7.75, 0.75, 8.125, 1.625], "texture": "#1"},
				"south": {"uv": [6, 7.75, 6.375, 8.625], "texture": "#1"},
				"west": {"uv": [6.5, 7.75, 6.875, 8.625], "texture": "#1"},
				"up": {"uv": [6.875, 9.125, 6.5, 8.75], "texture": "#1"},
				"down": {"uv": [9.125, 6.75, 8.75, 7.125], "texture": "#1"}
			}
		},
		{
			"from": [16.82297, 13.30744, 7.5],
			"to": [17.82297, 15.80744, 8.5],
			"rotation": {"angle": -22.5, "axis": "z", "origin": [14.57297, 15.05744, 8]},
			"faces": {
				"north": {"uv": [8.5, 8, 8.75, 8.625], "texture": "#1"},
				"east": {"uv": [8.75, 0, 9, 0.625], "texture": "#1"},
				"south": {"uv": [0.5, 8.75, 0.75, 9.375], "texture": "#1"},
				"west": {"uv": [0.75, 8.75, 1, 9.375], "texture": "#1"},
				"up": {"uv": [7.75, 1, 7.5, 0.75], "texture": "#1"},
				"down": {"uv": [9.5, 3.5, 9.25, 3.75], "texture": "#1"}
			}
		},
		{
			"from": [14.00543, 16.69731, 7.5],
			"to": [15.50543, 17.69731, 8.5],
			"rotation": {"angle": 45, "axis": "z", "origin": [14.75543, 18.44731, 8]},
			"faces": {
				"north": {"uv": [9, 5.25, 9.375, 5.5], "texture": "#1"},
				"east": {"uv": [4, 9.25, 4.25, 9.5], "texture": "#1"},
				"south": {"uv": [9, 6.5, 9.375, 6.75], "texture": "#1"},
				"west": {"uv": [4.25, 9.25, 4.5, 9.5], "texture": "#1"},
				"up": {"uv": [9.375, 8.5, 9, 8.25], "texture": "#1"},
				"down": {"uv": [9.375, 8.5, 9, 8.75], "texture": "#1"}
			}
		},
		{
			"from": [4.1924, 14.30357, 7.25],
			"to": [5.1924, 16.80357, 8.75],
			"rotation": {"angle": 22.5, "axis": "z", "origin": [4.6924, 15.55357, 8]},
			"faces": {
				"north": {"uv": [8.75, 0.75, 9, 1.375], "texture": "#1"},
				"east": {"uv": [7.5, 8, 7.875, 8.625], "texture": "#1"},
				"south": {"uv": [8.75, 1.5, 9, 2.125], "texture": "#1"},
				"west": {"uv": [8, 8, 8.375, 8.625], "texture": "#1"},
				"up": {"uv": [9.25, 9.125, 9, 8.75], "texture": "#1"},
				"down": {"uv": [9.5, 0, 9.25, 0.375], "texture": "#1"}
			}
		},
		{
			"from": [5.5, 12.5, 7.5],
			"to": [7.5, 14, 8.5],
			"rotation": {"angle": 22.5, "axis": "z", "origin": [5.5, 13.25, 8]},
			"faces": {
				"north": {"uv": [8.5, 3.5, 9, 3.875], "texture": "#1"},
				"east": {"uv": [9.25, 0.5, 9.5, 0.875], "texture": "#1"},
				"south": {"uv": [8.5, 4, 9, 4.375], "texture": "#1"},
				"west": {"uv": [1.25, 9.25, 1.5, 9.625], "texture": "#1"},
				"up": {"uv": [9.5, 1.5, 9, 1.25], "texture": "#1"},
				"down": {"uv": [9.5, 1.5, 9, 1.75], "texture": "#1"}
			}
		},
		{
			"from": [-1.82297, 13.30744, 7.5],
			"to": [-0.82297, 15.80744, 8.5],
			"rotation": {"angle": 22.5, "axis": "z", "origin": [1.42703, 15.05744, 8]},
			"faces": {
				"north": {"uv": [8.75, 2.25, 9, 2.875], "texture": "#1"},
				"east": {"uv": [6, 8.75, 6.25, 9.375], "texture": "#1"},
				"south": {"uv": [8.75, 6, 9, 6.625], "texture": "#1"},
				"west": {"uv": [6.25, 8.75, 6.5, 9.375], "texture": "#1"},
				"up": {"uv": [4.75, 9.5, 4.5, 9.25], "texture": "#1"},
				"down": {"uv": [5, 9.25, 4.75, 9.5], "texture": "#1"}
			}
		},
		{
			"from": [-1.0576, 13.05357, 7.25],
			"to": [0.4424, 16.55357, 8.75],
			"rotation": {"angle": -22.5, "axis": "z", "origin": [2.1924, 15.80357, 8]},
			"faces": {
				"north": {"uv": [8, 1.75, 8.375, 2.625], "texture": "#1"},
				"east": {"uv": [8, 2.75, 8.375, 3.625], "texture": "#1"},
				"south": {"uv": [3.5, 8, 3.875, 8.875], "texture": "#1"},
				"west": {"uv": [8, 3.75, 8.375, 4.625], "texture": "#1"},
				"up": {"uv": [9.125, 7.625, 8.75, 7.25], "texture": "#1"},
				"down": {"uv": [7.875, 8.75, 7.5, 9.125], "texture": "#1"}
			}
		},
		{
			"from": [0.49457, 16.69731, 7.5],
			"to": [1.99457, 17.69731, 8.5],
			"rotation": {"angle": -45, "axis": "z", "origin": [1.24457, 18.44731, 8]},
			"faces": {
				"north": {"uv": [1.5, 9.25, 1.875, 9.5], "texture": "#1"},
				"east": {"uv": [5, 9.25, 5.25, 9.5], "texture": "#1"},
				"south": {"uv": [9.25, 1.75, 9.625, 2], "texture": "#1"},
				"west": {"uv": [5.25, 9.25, 5.5, 9.5], "texture": "#1"},
				"up": {"uv": [9.625, 2.25, 9.25, 2], "texture": "#1"},
				"down": {"uv": [9.625, 3.25, 9.25, 3.5], "texture": "#1"}
			}
		}
	],
	"display": {
		"thirdperson_righthand": {
			"rotation": [43.31, -88.81, 41.43],
			"translation": [3.75, 0, 0]
		},
		"thirdperson_lefthand": {
			"rotation": [43.31, -88.81, 41.43],
			"translation": [3.75, 0, 0]
		},
		"firstperson_righthand": {
			"rotation": [0, 0.5, 0],
			"translation": [0.75, -7.25, 0]
		},
		"firstperson_lefthand": {
			"rotation": [0, 0.5, 0],
			"translation": [0.75, -7.25, 0]
		},
		"ground": {
			"rotation": [90, 0, 0],
			"translation": [0, -2.25, 0],
			"scale": [0.7, 0.71, 0.7]
		},
		"gui": {
			"rotation": [0, 0, -45],
			"translation": [-0.75, -0.75, 0],
			"scale": [0.63, 0.62, -0.62]
		},
		"fixed": {
			"translation": [0, 0, -2.5]
		}
	}
}