{
	"credit": "Made with Blockbench",
	"texture_size": [64, 64],
	"textures": {
		"2": "item/weapons/spear_cursed",
		"particle": "item/weapons/spear_cursed"
	},
	"elements": [
		{
			"from": [10.8076, 11.30357, 7.25],
			"to": [11.8076, 13.80357, 8.75],
			"rotation": {"angle": -22.5, "axis": "z", "origin": [11.3076, 12.55357, 8]},
			"faces": {
				"north": {"uv": [6, 7.5, 6.25, 8.125], "texture": "#2"},
				"east": {"uv": [6.75, 4.75, 7.125, 5.375], "texture": "#2"},
				"south": {"uv": [7.5, 6.5, 7.75, 7.125], "texture": "#2"},
				"west": {"uv": [6.75, 5.5, 7.125, 6.125], "texture": "#2"},
				"up": {"uv": [8.25, 0.375, 8, 0], "texture": "#2"},
				"down": {"uv": [1.25, 8, 1, 8.375], "texture": "#2"}
			}
		},
		{
			"from": [7, -14, 7.25],
			"to": [9, -13, 8.75],
			"rotation": {"angle": 0, "axis": "y", "origin": [8, -13.5, 8]},
			"faces": {
				"north": {"uv": [7.75, 5.25, 8.25, 5.5], "texture": "#2"},
				"east": {"uv": [5.25, 8, 5.625, 8.25], "texture": "#2"},
				"south": {"uv": [5.5, 7.75, 6, 8], "texture": "#2"},
				"west": {"uv": [8, 5.5, 8.375, 5.75], "texture": "#2"},
				"up": {"uv": [3, 7.625, 2.5, 7.25], "texture": "#2"},
				"down": {"uv": [7.75, 3.25, 7.25, 3.625], "texture": "#2"}
			}
		},
		{
			"from": [6.5, -13, 6.75],
			"to": [9.5, -12, 9.25],
			"rotation": {"angle": 0, "axis": "y", "origin": [8, -12.5, 8]},
			"faces": {
				"north": {"uv": [7, 3.75, 7.75, 4], "texture": "#2"},
				"east": {"uv": [7.75, 0.75, 8.375, 1], "texture": "#2"},
				"south": {"uv": [7.25, 3, 8, 3.25], "texture": "#2"},
				"west": {"uv": [7.75, 1.5, 8.375, 1.75], "texture": "#2"},
				"up": {"uv": [6.25, 5.625, 5.5, 5], "texture": "#2"},
				"down": {"uv": [5.75, 5.75, 5, 6.375], "texture": "#2"}
			}
		},
		{
			"from": [5.5, 9.5, 7.5],
			"to": [7.5, 11, 8.5],
			"rotation": {"angle": 22.5, "axis": "z", "origin": [5.5, 10.25, 8]},
			"faces": {
				"north": {"uv": [7.25, 0.5, 7.75, 0.875], "texture": "#2"},
				"east": {"uv": [8, 4.25, 8.25, 4.625], "texture": "#2"},
				"south": {"uv": [2, 7.25, 2.5, 7.625], "texture": "#2"},
				"west": {"uv": [5, 8, 5.25, 8.375], "texture": "#2"},
				"up": {"uv": [5.5, 8, 5, 7.75], "texture": "#2"},
				"down": {"uv": [8.25, 5, 7.75, 5.25], "texture": "#2"}
			}
		},
		{
			"from": [8.5, 9.5, 7.5],
			"to": [10.5, 11, 8.5],
			"rotation": {"angle": -22.5, "axis": "z", "origin": [10.5, 10.25, 8]},
			"faces": {
				"north": {"uv": [7, 7, 7.5, 7.375], "texture": "#2"},
				"east": {"uv": [1.25, 8, 1.5, 8.375], "texture": "#2"},
				"south": {"uv": [7.25, 0, 7.75, 0.375], "texture": "#2"},
				"west": {"uv": [8, 3.75, 8.25, 4.125], "texture": "#2"},
				"up": {"uv": [8.25, 3, 7.75, 2.75], "texture": "#2"},
				"down": {"uv": [8.25, 4.75, 7.75, 5], "texture": "#2"}
			}
		},
		{
			"from": [13.82297, 10.30744, 7.5],
			"to": [14.82297, 12.80744, 8.5],
			"rotation": {"angle": -22.5, "axis": "z", "origin": [11.57297, 12.05744, 8]},
			"faces": {
				"north": {"uv": [7, 7.5, 7.25, 8.125], "texture": "#2"},
				"east": {"uv": [7.25, 7.5, 7.5, 8.125], "texture": "#2"},
				"south": {"uv": [7.5, 7.25, 7.75, 7.875], "texture": "#2"},
				"west": {"uv": [7.75, 0, 8, 0.625], "texture": "#2"},
				"up": {"uv": [7, 8.25, 6.75, 8], "texture": "#2"},
				"down": {"uv": [8.25, 6.75, 8, 7], "texture": "#2"}
			}
		},
		{
			"from": [11.00543, 13.69731, 7.5],
			"to": [12.50543, 14.69731, 8.5],
			"rotation": {"angle": 45, "axis": "z", "origin": [11.75543, 15.44731, 8]},
			"faces": {
				"north": {"uv": [8, 0.5, 8.375, 0.75], "texture": "#2"},
				"east": {"uv": [8, 6.25, 8.25, 6.5], "texture": "#2"},
				"south": {"uv": [8, 1, 8.375, 1.25], "texture": "#2"},
				"west": {"uv": [8, 6.5, 8.25, 6.75], "texture": "#2"},
				"up": {"uv": [8.375, 1.5, 8, 1.25], "texture": "#2"},
				"down": {"uv": [8.375, 3, 8, 3.25], "texture": "#2"}
			}
		},
		{
			"from": [12.5576, 10.05357, 7.25],
			"to": [14.0576, 13.55357, 8.75],
			"rotation": {"angle": 22.5, "axis": "z", "origin": [10.8076, 12.80357, 8]},
			"faces": {
				"north": {"uv": [4.5, 6.25, 4.875, 7.125], "texture": "#2"},
				"east": {"uv": [6.25, 5, 6.625, 5.875], "texture": "#2"},
				"south": {"uv": [6.25, 6, 6.625, 6.875], "texture": "#2"},
				"west": {"uv": [6.5, 3, 6.875, 3.875], "texture": "#2"},
				"up": {"uv": [3.375, 8.125, 3, 7.75], "texture": "#2"},
				"down": {"uv": [8.125, 3.25, 7.75, 3.625], "texture": "#2"}
			}
		},
		{
			"from": [1.17703, 10.30744, 7.5],
			"to": [2.17703, 12.80744, 8.5],
			"rotation": {"angle": 22.5, "axis": "z", "origin": [4.42703, 12.05744, 8]},
			"faces": {
				"north": {"uv": [3.5, 7.5, 3.75, 8.125], "texture": "#2"},
				"east": {"uv": [3.75, 7.5, 4, 8.125], "texture": "#2"},
				"south": {"uv": [7.5, 5, 7.75, 5.625], "texture": "#2"},
				"west": {"uv": [7.5, 5.75, 7.75, 6.375], "texture": "#2"},
				"up": {"uv": [8.25, 6, 8, 5.75], "texture": "#2"},
				"down": {"uv": [8.25, 6, 8, 6.25], "texture": "#2"}
			}
		},
		{
			"from": [3.49457, 13.69731, 7.5],
			"to": [4.99457, 14.69731, 8.5],
			"rotation": {"angle": -45, "axis": "z", "origin": [4.24457, 15.44731, 8]},
			"faces": {
				"north": {"uv": [7.75, 7, 8.125, 7.25], "texture": "#2"},
				"east": {"uv": [7, 0.75, 7.25, 1], "texture": "#2"},
				"south": {"uv": [7.75, 7.25, 8.125, 7.5], "texture": "#2"},
				"west": {"uv": [5.75, 8, 6, 8.25], "texture": "#2"},
				"up": {"uv": [8.125, 7.75, 7.75, 7.5], "texture": "#2"},
				"down": {"uv": [8.125, 7.75, 7.75, 8], "texture": "#2"}
			}
		},
		{
			"from": [1.9424, 10.05357, 7.25],
			"to": [3.4424, 13.55357, 8.75],
			"rotation": {"angle": -22.5, "axis": "z", "origin": [5.1924, 12.80357, 8]},
			"faces": {
				"north": {"uv": [2, 6.25, 2.375, 7.125], "texture": "#2"},
				"east": {"uv": [6.25, 2, 6.625, 2.875], "texture": "#2"},
				"south": {"uv": [2.5, 6.25, 2.875, 7.125], "texture": "#2"},
				"west": {"uv": [4, 6.25, 4.375, 7.125], "texture": "#2"},
				"up": {"uv": [8.125, 2.625, 7.75, 2.25], "texture": "#2"},
				"down": {"uv": [2.875, 7.75, 2.5, 8.125], "texture": "#2"}
			}
		},
		{
			"from": [2, 11.75, 7.5],
			"to": [14, 13.25, 8.5],
			"rotation": {"angle": 0, "axis": "y", "origin": [8, 12.75, 8]},
			"faces": {
				"north": {"uv": [4, 0, 7, 0.375], "texture": "#2"},
				"east": {"uv": [6.5, 7.75, 6.75, 8.125], "texture": "#2"},
				"south": {"uv": [4, 0.5, 7, 0.875], "texture": "#2"},
				"west": {"uv": [7.75, 6.5, 8, 6.875], "texture": "#2"},
				"up": {"uv": [8, 1.25, 5, 1], "texture": "#2"},
				"down": {"uv": [8, 1.25, 5, 1.5], "texture": "#2"}
			}
		},
		{
			"from": [1.86311, 12.46356, 6.75],
			"to": [5.86311, 16.46356, 9.25],
			"rotation": {"angle": 45, "axis": "z", "origin": [8, 18.60045, 8]},
			"faces": {
				"north": {"uv": [4, 3, 5, 4], "texture": "#2"},
				"east": {"uv": [5.5, 1.5, 6.125, 2.5], "texture": "#2"},
				"south": {"uv": [4, 4, 5, 5], "texture": "#2"},
				"west": {"uv": [5.5, 2.5, 6.125, 3.5], "texture": "#2"},
				"up": {"uv": [6.5, 4.125, 5.5, 3.5], "texture": "#2"},
				"down": {"uv": [6.5, 4.25, 5.5, 4.875], "texture": "#2"}
			}
		},
		{
			"from": [5.75, 12.5, 7],
			"to": [6.75, 17.5, 9],
			"rotation": {"angle": 0, "axis": "y", "origin": [8, 18.60045, 8]},
			"faces": {
				"north": {"uv": [5.5, 6.5, 5.75, 7.75], "texture": "#2"},
				"east": {"uv": [4.5, 5, 5, 6.25], "texture": "#2"},
				"south": {"uv": [5.75, 6.5, 6, 7.75], "texture": "#2"},
				"west": {"uv": [5, 4.5, 5.5, 5.75], "texture": "#2"},
				"up": {"uv": [4.75, 8.25, 4.5, 7.75], "texture": "#2"},
				"down": {"uv": [5, 7.75, 4.75, 8.25], "texture": "#2"}
			}
		},
		{
			"from": [4.16202, 12.67248, 7.501],
			"to": [8.05111, 16.56157, 8.499],
			"rotation": {"angle": -45, "axis": "z", "origin": [6.91202, 12.27293, 8.001]},
			"faces": {
				"north": {"uv": [4, 1, 5, 2], "texture": "#2"},
				"east": {"uv": [3, 6.75, 3.25, 7.75], "texture": "#2"},
				"south": {"uv": [4, 2, 5, 3], "texture": "#2"},
				"west": {"uv": [3.25, 6.75, 3.5, 7.75], "texture": "#2"},
				"up": {"uv": [7.75, 2.75, 6.75, 2.5], "texture": "#2"},
				"down": {"uv": [7.75, 2.75, 6.75, 3], "texture": "#2"}
			}
		},
		{
			"from": [2.0407, 27.55116, 7.526],
			"to": [5.92979, 31.44025, 8.474],
			"rotation": {"angle": -45, "axis": "z", "origin": [4.7907, 24.15161, 8.001]},
			"faces": {
				"north": {"uv": [1, 3.5, 2, 4.5], "texture": "#2"},
				"east": {"uv": [6.5, 4, 6.75, 5], "texture": "#2"},
				"south": {"uv": [2, 3.5, 3, 4.5], "texture": "#2"},
				"west": {"uv": [6, 6.5, 6.25, 7.5], "texture": "#2"},
				"up": {"uv": [7.75, 2.25, 6.75, 2], "texture": "#2"},
				"down": {"uv": [7.75, 2.25, 6.75, 2.5], "texture": "#2"}
			}
		},
		{
			"from": [6.32322, 25.46967, 7.25],
			"to": [6.82322, 27.21967, 8.75],
			"rotation": {"angle": -45, "axis": "z", "origin": [6.57322, 24.96967, 8]},
			"faces": {
				"north": {"uv": [8, 8, 8.125, 8.5], "texture": "#2"},
				"east": {"uv": [4.5, 7.25, 4.875, 7.75], "texture": "#2"},
				"south": {"uv": [8.25, 0, 8.375, 0.5], "texture": "#2"},
				"west": {"uv": [7.25, 4.5, 7.625, 5], "texture": "#2"},
				"up": {"uv": [3.125, 8.625, 3, 8.25], "texture": "#2"},
				"down": {"uv": [3.375, 8.25, 3.25, 8.625], "texture": "#2"}
			}
		},
		{
			"from": [9.17678, 25.46967, 7.25],
			"to": [9.67678, 27.21967, 8.75],
			"rotation": {"angle": 45, "axis": "z", "origin": [9.42678, 24.96967, 8]},
			"faces": {
				"north": {"uv": [7.5, 8, 7.625, 8.5], "texture": "#2"},
				"east": {"uv": [4, 7.25, 4.375, 7.75], "texture": "#2"},
				"south": {"uv": [7.75, 8, 7.875, 8.5], "texture": "#2"},
				"west": {"uv": [7.25, 4, 7.625, 4.5], "texture": "#2"},
				"up": {"uv": [2.625, 8.625, 2.5, 8.25], "texture": "#2"},
				"down": {"uv": [2.875, 8.25, 2.75, 8.625], "texture": "#2"}
			}
		},
		{
			"from": [8.75, 18.5, 7.25],
			"to": [9.25, 25.5, 8.75],
			"rotation": {"angle": 0, "axis": "y", "origin": [8, 18.60045, 8]},
			"faces": {
				"north": {"uv": [1.75, 7, 1.875, 8.75], "texture": "#2"},
				"east": {"uv": [2.5, 4.5, 2.875, 6.25], "texture": "#2"},
				"south": {"uv": [6.25, 7, 6.375, 8.75], "texture": "#2"},
				"west": {"uv": [5, 1.5, 5.375, 3.25], "texture": "#2"},
				"up": {"uv": [2.375, 8.625, 2.25, 8.25], "texture": "#2"},
				"down": {"uv": [8.375, 2.25, 8.25, 2.625], "texture": "#2"}
			}
		},
		{
			"from": [6.75, 18.5, 7.25],
			"to": [7.25, 25.5, 8.75],
			"rotation": {"angle": 0, "axis": "y", "origin": [8, 18.60045, 8]},
			"faces": {
				"north": {"uv": [6.75, 6.25, 6.875, 8], "texture": "#2"},
				"east": {"uv": [1.5, 4.5, 1.875, 6.25], "texture": "#2"},
				"south": {"uv": [1.5, 7, 1.625, 8.75], "texture": "#2"},
				"west": {"uv": [2, 4.5, 2.375, 6.25], "texture": "#2"},
				"up": {"uv": [8.375, 2.125, 8.25, 1.75], "texture": "#2"},
				"down": {"uv": [2.125, 8.25, 2, 8.625], "texture": "#2"}
			}
		},
		{
			"from": [5.25, 14.5, 7.5],
			"to": [10.75, 28.5, 8.5],
			"rotation": {"angle": 0, "axis": "y", "origin": [8, 18.60045, 8]},
			"faces": {
				"north": {"uv": [0, 0, 1.375, 3.5], "texture": "#2"},
				"east": {"uv": [1, 4.5, 1.25, 8], "texture": "#2"},
				"south": {"uv": [1.5, 0, 2.875, 3.5], "texture": "#2"},
				"west": {"uv": [1.25, 4.5, 1.5, 8], "texture": "#2"},
				"up": {"uv": [7.625, 1.75, 6.25, 1.5], "texture": "#2"},
				"down": {"uv": [7.625, 1.75, 6.25, 2], "texture": "#2"}
			}
		},
		{
			"from": [9.25, 12.5, 7],
			"to": [10.25, 17.5, 9],
			"rotation": {"angle": 0, "axis": "y", "origin": [8, 18.60045, 8]},
			"faces": {
				"north": {"uv": [5, 6.5, 5.25, 7.75], "texture": "#2"},
				"east": {"uv": [5, 3.25, 5.5, 4.5], "texture": "#2"},
				"south": {"uv": [5.25, 6.5, 5.5, 7.75], "texture": "#2"},
				"west": {"uv": [4, 5, 4.5, 6.25], "texture": "#2"},
				"up": {"uv": [4.5, 8.25, 4.25, 7.75], "texture": "#2"},
				"down": {"uv": [8, 4.25, 7.75, 4.75], "texture": "#2"}
			}
		},
		{
			"from": [4.71666, 16.24355, 7.001],
			"to": [5.71666, 19.44355, 8.999],
			"rotation": {"angle": 45, "axis": "z", "origin": [6.46666, 22.344, 8.001]},
			"faces": {
				"north": {"uv": [7, 6.25, 7.25, 7], "texture": "#2"},
				"east": {"uv": [3.5, 6, 4, 6.75], "texture": "#2"},
				"south": {"uv": [6.5, 7, 6.75, 7.75], "texture": "#2"},
				"west": {"uv": [1.5, 6.25, 2, 7], "texture": "#2"},
				"up": {"uv": [8, 4.25, 7.75, 3.75], "texture": "#2"},
				"down": {"uv": [4.25, 7.75, 4, 8.25], "texture": "#2"}
			}
		},
		{
			"from": [9.40466, 14.12223, 7.001],
			"to": [10.40466, 17.32223, 8.999],
			"rotation": {"angle": -45, "axis": "z", "origin": [11.65466, 20.22268, 8.001]},
			"faces": {
				"north": {"uv": [7, 0, 7.25, 0.75], "texture": "#2"},
				"east": {"uv": [5.75, 5.75, 6.25, 6.5], "texture": "#2"},
				"south": {"uv": [7, 3, 7.25, 3.75], "texture": "#2"},
				"west": {"uv": [3, 6, 3.5, 6.75], "texture": "#2"},
				"up": {"uv": [6.5, 3.5, 6.25, 3], "texture": "#2"},
				"down": {"uv": [7.5, 6.5, 7.25, 7], "texture": "#2"}
			}
		},
		{
			"from": [7.25, -12, 7.25],
			"to": [8.75, 12, 8.75],
			"rotation": {"angle": 0, "axis": "y", "origin": [8, 0.69573, 8]},
			"faces": {
				"north": {"uv": [3, 0, 3.375, 6], "texture": "#2"},
				"east": {"uv": [0, 3.5, 0.375, 9.5], "texture": "#2"},
				"south": {"uv": [3.5, 0, 3.875, 6], "texture": "#2"},
				"west": {"uv": [0.5, 3.5, 0.875, 9.5], "texture": "#2"},
				"up": {"uv": [8.125, 2.125, 7.75, 1.75], "texture": "#2"},
				"down": {"uv": [2.375, 7.75, 2, 8.125], "texture": "#2"}
			}
		},
		{
			"from": [4.1924, 11.30357, 7.25],
			"to": [5.1924, 13.80357, 8.75],
			"rotation": {"angle": 22.5, "axis": "z", "origin": [4.6924, 12.55357, 8]},
			"faces": {
				"north": {"uv": [7.25, 5, 7.5, 5.625], "texture": "#2"},
				"east": {"uv": [3.5, 6.75, 3.875, 7.375], "texture": "#2"},
				"south": {"uv": [7.25, 5.75, 7.5, 6.375], "texture": "#2"},
				"west": {"uv": [6.75, 4, 7.125, 4.625], "texture": "#2"},
				"up": {"uv": [8, 5.875, 7.75, 5.5], "texture": "#2"},
				"down": {"uv": [8, 6, 7.75, 6.375], "texture": "#2"}
			}
		}
	],
	"display": {
		"thirdperson_righthand": {
			"rotation": [0, 90, 0],
			"translation": [0, 7.75, 1.25],
			"scale": [0.87, 0.84, 0.86]
		},
		"thirdperson_lefthand": {
			"rotation": [0, -90, 0],
			"translation": [0, 7.75, 1.25],
			"scale": [0.87, 0.84, 0.86]
		},
		"firstperson_righthand": {
			"rotation": [0, 90, 0],
			"translation": [2.75, 8, 0],
			"scale": [0.61, 0.62, 0.47]
		},
		"firstperson_lefthand": {
			"rotation": [0, -90, 0],
			"translation": [2.75, 8, 0],
			"scale": [0.61, 0.62, 0.47]
		},
		"ground": {
			"rotation": [90, 0, 0],
			"scale": [0.68, 0.67, 0.68]
		},
		"gui": {
			"rotation": [0, 0, -45],
			"translation": [-0.25, 0, 0],
			"scale": [0.52, 0.47, 0.46]
		},
		"fixed": {
			"translation": [0, 0, -2.25]
		}
	}
}