{
	"credit": "Made with Blockbench",
	"textures": {
		"1": "item/weapons/spear_amethyst",
		"2": "item/weapons/spear_amethyst_effect",
		"particle": "item/weapons/spear_amethyst_effect"
	},
	"elements": [
		{
			"from": [7.25, -12, 7.25],
			"to": [8.75, 12, 8.75],
			"rotation": {"angle": 0, "axis": "y", "origin": [8, 0.69573, 8]},
			"faces": {
				"north": {"uv": [3, 0, 3.375, 6], "texture": "#1"},
				"east": {"uv": [3.5, 0, 3.875, 6], "texture": "#1"},
				"south": {"uv": [0, 3.75, 0.375, 9.75], "texture": "#1"},
				"west": {"uv": [0.5, 3.75, 0.875, 9.75], "texture": "#1"},
				"up": {"uv": [3.625, 8.625, 3.25, 8.25], "texture": "#1"},
				"down": {"uv": [4.125, 8.25, 3.75, 8.625], "texture": "#1"}
			}
		},
		{
			"from": [6.25, 12, 6.25],
			"to": [9.75, 13, 9.75],
			"rotation": {"angle": 0, "axis": "y", "origin": [7.25, 13.75, 8]},
			"faces": {
				"north": {"uv": [7.5, 7.25, 8.375, 7.5], "texture": "#1"},
				"east": {"uv": [8, 0.5, 8.875, 0.75], "texture": "#1"},
				"south": {"uv": [8, 3.75, 8.875, 4], "texture": "#1"},
				"west": {"uv": [8, 4, 8.875, 4.25], "texture": "#1"},
				"up": {"uv": [6.625, 2.375, 5.75, 1.5], "texture": "#1"},
				"down": {"uv": [6.625, 2.5, 5.75, 3.375], "texture": "#1"}
			}
		},
		{
			"from": [5.25, 13, 5.25],
			"to": [10.75, 14, 10.75],
			"rotation": {"angle": 0, "axis": "y", "origin": [7.25, 13.75, 8]},
			"faces": {
				"north": {"uv": [7.5, 6.5, 8.875, 6.75], "texture": "#1"},
				"east": {"uv": [7.5, 6.75, 8.875, 7], "texture": "#1"},
				"south": {"uv": [7, 7.5, 8.375, 7.75], "texture": "#1"},
				"west": {"uv": [7.5, 7, 8.875, 7.25], "texture": "#1"},
				"up": {"uv": [5.375, 5.875, 4, 4.5], "texture": "#1"},
				"down": {"uv": [6.375, 0, 5, 1.375], "texture": "#1"}
			}
		},
		{
			"from": [6.42518, 3.86924, 7.35],
			"to": [7.67518, 7.86924, 8.6],
			"rotation": {"angle": 22.5, "axis": "z", "origin": [6.80018, 5.86924, 7.975]},
			"faces": {
				"north": {"uv": [2.5, 7, 2.875, 8], "texture": "#1"},
				"east": {"uv": [7.25, 0.75, 7.625, 1.75], "texture": "#1"},
				"south": {"uv": [7.25, 1.75, 7.625, 2.75], "texture": "#1"},
				"west": {"uv": [3, 7.25, 3.375, 8.25], "texture": "#1"},
				"up": {"uv": [4.625, 8.625, 4.25, 8.25], "texture": "#1"},
				"down": {"uv": [5.125, 8.25, 4.75, 8.625], "texture": "#1"}
			}
		},
		{
			"from": [9.54289, 3.46825, 7.7],
			"to": [10.54289, 5.96825, 8.7],
			"rotation": {"angle": 45, "axis": "z", "origin": [8.25, 1, 8]},
			"faces": {
				"north": {"uv": [6, 6.5, 6.25, 7.125], "texture": "#1"},
				"east": {"uv": [8, 5.75, 8.25, 6.375], "texture": "#1"},
				"south": {"uv": [8, 7.75, 8.25, 8.375], "texture": "#1"},
				"west": {"uv": [8.25, 0.75, 8.5, 1.375], "texture": "#1"},
				"up": {"uv": [7.25, 1, 7, 0.75], "texture": "#1"},
				"down": {"uv": [7.5, 2.75, 7.25, 3], "texture": "#1"}
			}
		},
		{
			"from": [9.31519, -5.54463, 7.35],
			"to": [10.56519, -1.54463, 8.6],
			"rotation": {"angle": -22.5, "axis": "z", "origin": [7.75, -1, 8]},
			"faces": {
				"north": {"uv": [3.5, 7.25, 3.875, 8.25], "texture": "#1"},
				"east": {"uv": [4, 7.25, 4.375, 8.25], "texture": "#1"},
				"south": {"uv": [4.5, 7.25, 4.875, 8.25], "texture": "#1"},
				"west": {"uv": [5, 7.25, 5.375, 8.25], "texture": "#1"},
				"up": {"uv": [5.625, 8.625, 5.25, 8.25], "texture": "#1"},
				"down": {"uv": [6.125, 8.25, 5.75, 8.625], "texture": "#1"}
			}
		},
		{
			"from": [11.36144, -4.30078, 7.7],
			"to": [12.36144, -1.80078, 8.7],
			"rotation": {"angle": -45, "axis": "z", "origin": [7.75, -1, 8]},
			"faces": {
				"north": {"uv": [8.25, 1.5, 8.5, 2.125], "texture": "#1"},
				"east": {"uv": [2, 8.25, 2.25, 8.875], "texture": "#1"},
				"south": {"uv": [2.25, 8.25, 2.5, 8.875], "texture": "#1"},
				"west": {"uv": [3, 8.25, 3.25, 8.875], "texture": "#1"},
				"up": {"uv": [6.75, 7.5, 6.5, 7.25], "texture": "#1"},
				"down": {"uv": [8.5, 6.25, 8.25, 6.5], "texture": "#1"}
			}
		},
		{
			"from": [6.5, -13, 6.75],
			"to": [9.5, -12, 9.25],
			"rotation": {"angle": 0, "axis": "y", "origin": [8, -0.30427, 8]},
			"faces": {
				"north": {"uv": [8, 4.25, 8.75, 4.5], "texture": "#1"},
				"east": {"uv": [8.25, 2.25, 8.875, 2.5], "texture": "#1"},
				"south": {"uv": [8, 4.5, 8.75, 4.75], "texture": "#1"},
				"west": {"uv": [8.25, 2.5, 8.875, 2.75], "texture": "#1"},
				"up": {"uv": [7.5, 3.625, 6.75, 3], "texture": "#1"},
				"down": {"uv": [7.5, 3.75, 6.75, 4.375], "texture": "#1"}
			}
		},
		{
			"from": [8.1, -14.5, 7.5],
			"to": [9.1, -13, 8.5],
			"rotation": {"angle": -22.5, "axis": "y", "origin": [8.6, -14, 8]},
			"faces": {
				"north": {"uv": [8.25, 7.75, 8.5, 8.125], "texture": "#1"},
				"east": {"uv": [8.25, 8.25, 8.5, 8.625], "texture": "#1"},
				"south": {"uv": [8.5, 0, 8.75, 0.375], "texture": "#1"},
				"west": {"uv": [8.5, 0.75, 8.75, 1.125], "texture": "#1"},
				"up": {"uv": [8.75, 1.5, 8.5, 1.25], "texture": "#1"},
				"down": {"uv": [1.75, 8.5, 1.5, 8.75], "texture": "#1"}
			}
		},
		{
			"from": [7.1, -15, 7.25],
			"to": [8.1, -13, 8.75],
			"rotation": {"angle": -45, "axis": "y", "origin": [7.6, -14, 8]},
			"faces": {
				"north": {"uv": [6.5, 1, 6.75, 1.5], "texture": "#1"},
				"east": {"uv": [8, 4.75, 8.375, 5.25], "texture": "#1"},
				"south": {"uv": [7.75, 8.25, 8, 8.75], "texture": "#1"},
				"west": {"uv": [8, 5.25, 8.375, 5.75], "texture": "#1"},
				"up": {"uv": [1.25, 8.875, 1, 8.5], "texture": "#1"},
				"down": {"uv": [1.5, 8.5, 1.25, 8.875], "texture": "#1"}
			}
		},
		{
			"from": [5.75, 14, 6],
			"to": [8.25, 29, 8.5],
			"rotation": {"angle": -22.5, "axis": "y", "origin": [7, 21.5, 7.25]},
			"faces": {
				"north": {"uv": [0, 0, 0.625, 3.75], "texture": "#1"},
				"east": {"uv": [0.75, 0, 1.375, 3.75], "texture": "#1"},
				"south": {"uv": [1.5, 0, 2.125, 3.75], "texture": "#1"},
				"west": {"uv": [2.25, 0, 2.875, 3.75], "texture": "#1"},
				"up": {"uv": [7.375, 6.625, 6.75, 6], "texture": "#1"},
				"down": {"uv": [7.375, 6.75, 6.75, 7.375], "texture": "#1"}
			}
		},
		{
			"from": [6.25, 14, 6.5],
			"to": [9.75, 23, 10],
			"rotation": {"angle": 22.5, "axis": "y", "origin": [8, 18.5, 8]},
			"faces": {
				"north": {"uv": [1, 3.75, 1.875, 6], "texture": "#1"},
				"east": {"uv": [2, 3.75, 2.875, 6], "texture": "#1"},
				"south": {"uv": [4, 0, 4.875, 2.25], "texture": "#1"},
				"west": {"uv": [4, 2.25, 4.875, 4.5], "texture": "#1"},
				"up": {"uv": [1.875, 6.875, 1, 6], "texture": "#1"},
				"down": {"uv": [2.875, 6, 2, 6.875], "texture": "#1"}
			}
		},
		{
			"from": [4.5, 14, 6.75],
			"to": [7, 19, 9.25],
			"rotation": {"angle": 22.5, "axis": "z", "origin": [7.5, 16.5, 7.5]},
			"faces": {
				"north": {"uv": [5, 1.5, 5.625, 2.75], "texture": "#1"},
				"east": {"uv": [5, 2.75, 5.625, 4], "texture": "#1"},
				"south": {"uv": [5.5, 4, 6.125, 5.25], "texture": "#1"},
				"west": {"uv": [5.5, 5.25, 6.125, 6.5], "texture": "#1"},
				"up": {"uv": [7.375, 5.125, 6.75, 4.5], "texture": "#1"},
				"down": {"uv": [7.375, 5.25, 6.75, 5.875], "texture": "#1"}
			}
		},
		{
			"from": [5.25, 14, 8.75],
			"to": [6.75, 18, 10.25],
			"rotation": {"angle": 22.5, "axis": "z", "origin": [7.5, 16.5, 7.5]},
			"faces": {
				"north": {"uv": [6, 7.25, 6.375, 8.25], "texture": "#1"},
				"east": {"uv": [7.5, 2.75, 7.875, 3.75], "texture": "#1"},
				"south": {"uv": [7.5, 3.75, 7.875, 4.75], "texture": "#1"},
				"west": {"uv": [7.5, 4.75, 7.875, 5.75], "texture": "#1"},
				"up": {"uv": [8.625, 6.125, 8.25, 5.75], "texture": "#1"},
				"down": {"uv": [6.625, 8.25, 6.25, 8.625], "texture": "#1"}
			}
		},
		{
			"from": [6.75, 14.35, 10.1],
			"to": [8.75, 19.35, 12.1],
			"rotation": {"angle": 22.5, "axis": "x", "origin": [8, 18.5, 8]},
			"faces": {
				"north": {"uv": [5, 6, 5.5, 7.25], "texture": "#1"},
				"east": {"uv": [6.25, 3.5, 6.75, 4.75], "texture": "#1"},
				"south": {"uv": [6.25, 4.75, 6.75, 6], "texture": "#1"},
				"west": {"uv": [6.25, 6, 6.75, 7.25], "texture": "#1"},
				"up": {"uv": [8.5, 0.5, 8, 0], "texture": "#1"},
				"down": {"uv": [3, 8, 2.5, 8.5], "texture": "#1"}
			}
		},
		{
			"from": [8, 14.09986, 9.5253],
			"to": [10, 17.09986, 11.5253],
			"rotation": {"angle": 45, "axis": "x", "origin": [8.75, 15.59986, 9.7753]},
			"faces": {
				"north": {"uv": [7.5, 0, 8, 0.75], "texture": "#1"},
				"east": {"uv": [5.5, 7.5, 6, 8.25], "texture": "#1"},
				"south": {"uv": [7.5, 5.75, 8, 6.5], "texture": "#1"},
				"west": {"uv": [6.5, 7.5, 7, 8.25], "texture": "#1"},
				"up": {"uv": [8.5, 3.25, 8, 2.75], "texture": "#1"},
				"down": {"uv": [8.5, 3.25, 8, 3.75], "texture": "#1"}
			}
		},
		{
			"from": [9.5, 14, 6.75],
			"to": [11.5, 18, 8.75],
			"rotation": {"angle": -22.5, "axis": "z", "origin": [8.5, 16.5, 7.5]},
			"faces": {
				"north": {"uv": [6.5, 0, 7, 1], "texture": "#1"},
				"east": {"uv": [5.5, 6.5, 6, 7.5], "texture": "#1"},
				"south": {"uv": [6.75, 1, 7.25, 2], "texture": "#1"},
				"west": {"uv": [6.75, 2, 7.25, 3], "texture": "#1"},
				"up": {"uv": [2.5, 8.25, 2, 7.75], "texture": "#1"},
				"down": {"uv": [8.25, 2.25, 7.75, 2.75], "texture": "#1"}
			}
		},
		{
			"from": [9.25, 14, 5.75],
			"to": [10.75, 17, 7.25],
			"rotation": {"angle": -22.5, "axis": "z", "origin": [8.5, 16.5, 7.5]},
			"faces": {
				"north": {"uv": [7.75, 0.75, 8.125, 1.5], "texture": "#1"},
				"east": {"uv": [1, 7.75, 1.375, 8.5], "texture": "#1"},
				"south": {"uv": [1.5, 7.75, 1.875, 8.5], "texture": "#1"},
				"west": {"uv": [7.75, 1.5, 8.125, 2.25], "texture": "#1"},
				"up": {"uv": [7.125, 8.625, 6.75, 8.25], "texture": "#1"},
				"down": {"uv": [7.625, 8.25, 7.25, 8.625], "texture": "#1"}
			}
		},
		{
			"from": [7.25, 14.25, 4.25],
			"to": [9.25, 19.25, 6.25],
			"rotation": {"angle": -22.5, "axis": "x", "origin": [8, 18.5, 8]},
			"faces": {
				"north": {"uv": [3, 6, 3.5, 7.25], "texture": "#1"},
				"east": {"uv": [3.5, 6, 4, 7.25], "texture": "#1"},
				"south": {"uv": [4, 6, 4.5, 7.25], "texture": "#1"},
				"west": {"uv": [4.5, 6, 5, 7.25], "texture": "#1"},
				"up": {"uv": [7.5, 8.25, 7, 7.75], "texture": "#1"},
				"down": {"uv": [8, 7.75, 7.5, 8.25], "texture": "#1"}
			}
		},
		{
			"from": [6, 14.09986, 4.4747],
			"to": [8, 17.09986, 6.4747],
			"rotation": {"angle": -45, "axis": "x", "origin": [7.25, 15.59986, 6.2247]},
			"faces": {
				"north": {"uv": [7, 0, 7.5, 0.75], "texture": "#1"},
				"east": {"uv": [1, 7, 1.5, 7.75], "texture": "#1"},
				"south": {"uv": [1.5, 7, 2, 7.75], "texture": "#1"},
				"west": {"uv": [2, 7, 2.5, 7.75], "texture": "#1"},
				"up": {"uv": [5.5, 4.5, 5, 4], "texture": "#1"},
				"down": {"uv": [6.25, 3.5, 5.75, 4], "texture": "#1"}
			}
		},
		{
			"from": [5.25, 21, 10.749],
			"to": [10.75, 29, 10.749],
			"rotation": {"angle": -22.5, "axis": "y", "origin": [8, 28, 7.999]},
			"faces": {
				"north": {"uv": [16, 15.5, 15.5, 16], "texture": "#2"},
				"east": {"uv": [0, 0, 0, 8], "texture": "#2"},
				"south": {"uv": [0, 8, 5.5, 16], "texture": "#2"},
				"west": {"uv": [0, 0, 0, 8], "texture": "#2"},
				"up": {"uv": [5.5, 0, 0, 0], "texture": "#2"},
				"down": {"uv": [5.5, 0, 0, 0], "texture": "#2"}
			}
		},
		{
			"from": [5.56703, 14, 4.03812],
			"to": [11.06703, 22, 4.03812],
			"rotation": {"angle": 0, "axis": "y", "origin": [8.31703, 18, 3.53812]},
			"faces": {
				"north": {"uv": [0, 0, 5.5, 8], "texture": "#2"},
				"east": {"uv": [0, 0, 0, 8], "texture": "#2"},
				"south": {"uv": [16, 15.5, 15.5, 16], "texture": "#2"},
				"west": {"uv": [0, 0, 0, 8], "texture": "#2"},
				"up": {"uv": [5.5, 0, 0, 0], "texture": "#2"},
				"down": {"uv": [5.5, 0, 0, 0], "texture": "#2"}
			}
		}
	],
	"display": {
		"thirdperson_righthand": {
			"rotation": [0, 90, 0],
			"translation": [0, 7, 1.25]
		},
		"thirdperson_lefthand": {
			"rotation": [0, -90, 0],
			"translation": [0, 7, 1.25]
		},
		"firstperson_righthand": {
			"rotation": [0, 90, 0],
			"translation": [4, 8.25, -0.25],
			"scale": [0.63, 0.65, 0.62]
		},
		"firstperson_lefthand": {
			"rotation": [0, -90, 0],
			"translation": [4, 8.25, -0.25],
			"scale": [0.63, 0.65, 0.62]
		},
		"ground": {
			"rotation": [81.11, -14.68, -17.13],
			"scale": [0.71, 0.72, 0.71]
		},
		"gui": {
			"rotation": [0, 0, -45],
			"translation": [0.5, 0.5, 0],
			"scale": [0.44, 0.44, 0.44]
		},
		"fixed": {
			"translation": [0, 0, -1.5]
		}
	}
}