{
	"credit": "Made with Blockbench",
	"textures": {
		"0": "item/weapons/staff_cursed",
		"1": "item/weapons/staff_cursed_effect",
		"particle": "item/weapons/staff_cursed"
	},
	"elements": [
		{
			"from": [7.25, -4, 7.25],
			"to": [8.75, 11, 8.75],
			"rotation": {"angle": 45, "axis": "y", "origin": [8, -1.83333, 8]},
			"faces": {
				"north": {"uv": [0, 0, 0.75, 7.5], "texture": "#0"},
				"east": {"uv": [1, 0, 1.75, 7.5], "texture": "#0"},
				"south": {"uv": [2, 0, 2.75, 7.5], "texture": "#0"},
				"west": {"uv": [3, 0, 3.75, 7.5], "texture": "#0"},
				"up": {"uv": [4.75, 9.75, 4, 9], "texture": "#0"},
				"down": {"uv": [9.75, 4, 9, 4.75], "texture": "#0"}
			}
		},
		{
			"from": [6.5, 10.79289, 6.5],
			"to": [9.5, 12.79289, 9.5],
			"rotation": {"angle": -45, "axis": "y", "origin": [8, 11.29289, 8]},
			"faces": {
				"north": {"uv": [5.5, 6, 4, 7], "rotation": 180, "texture": "#0"},
				"east": {"uv": [5.5, 2, 6.5, 3.5], "rotation": 270, "texture": "#0"},
				"south": {"uv": [7, 6, 5.5, 5], "texture": "#0"},
				"west": {"uv": [5.5, 3.5, 6.5, 5], "rotation": 90, "texture": "#0"},
				"up": {"uv": [4, 0, 5.5, 1.5], "rotation": 180, "texture": "#0"},
				"down": {"uv": [4, 1.5, 5.5, 3], "texture": "#0"}
			}
		},
		{
			"from": [6.5, -4.5, 6.75],
			"to": [9.5, -3.5, 9.25],
			"rotation": {"angle": 45, "axis": "y", "origin": [8, -1.83333, 8]},
			"faces": {
				"north": {"uv": [7.5, 2.5, 9, 3], "texture": "#0"},
				"east": {"uv": [8, 5.5, 9.25, 6], "texture": "#0"},
				"south": {"uv": [7.5, 3, 9, 3.5], "texture": "#0"},
				"west": {"uv": [8.5, 0, 9.75, 0.5], "texture": "#0"},
				"up": {"uv": [5.5, 4.25, 4, 3], "texture": "#0"},
				"down": {"uv": [5.5, 4.5, 4, 5.75], "texture": "#0"}
			}
		},
		{
			"from": [7, -5.5, 7.25],
			"to": [9, -4.5, 8.75],
			"rotation": {"angle": 45, "axis": "y", "origin": [8, -1.83333, 8]},
			"faces": {
				"north": {"uv": [8.5, 7.5, 9.5, 8], "texture": "#0"},
				"east": {"uv": [9.5, 1, 10.25, 1.5], "texture": "#0"},
				"south": {"uv": [9, 5, 10, 5.5], "texture": "#0"},
				"west": {"uv": [9.5, 1.5, 10.25, 2], "texture": "#0"},
				"up": {"uv": [8.5, 6.75, 7.5, 6], "texture": "#0"},
				"down": {"uv": [8.5, 7, 7.5, 7.75], "texture": "#0"}
			}
		},
		{
			"from": [6, 11, 7.5],
			"to": [10, 12.5, 8.5],
			"rotation": {"angle": 0, "axis": "y", "origin": [7, 12, 8]},
			"faces": {
				"north": {"uv": [5.5, 0, 7.5, 0.75], "texture": "#0"},
				"east": {"uv": [6.5, 4, 7, 4.75], "texture": "#0"},
				"south": {"uv": [5.5, 1, 7.5, 1.75], "texture": "#0"},
				"west": {"uv": [5, 7, 5.5, 7.75], "texture": "#0"},
				"up": {"uv": [4, 8, 2, 7.5], "texture": "#0"},
				"down": {"uv": [9.5, 2, 7.5, 2.5], "texture": "#0"}
			}
		},
		{
			"from": [9, 11.41421, 7.499],
			"to": [11, 12.91421, 8.501],
			"rotation": {"angle": 45, "axis": "z", "origin": [10, 12.41421, 7.999]},
			"faces": {
				"north": {"uv": [5, 8, 6, 8.75], "texture": "#0"},
				"east": {"uv": [4, 10, 4.5, 10.75], "texture": "#0"},
				"south": {"uv": [6, 8, 7, 8.75], "texture": "#0"},
				"west": {"uv": [10, 4, 10.5, 4.75], "texture": "#0"},
				"up": {"uv": [10, 9.5, 9, 9], "texture": "#0"},
				"down": {"uv": [1, 9.5, 0, 10], "texture": "#0"}
			}
		},
		{
			"from": [5, 11.41421, 7.499],
			"to": [7, 12.91421, 8.501],
			"rotation": {"angle": -45, "axis": "z", "origin": [6, 12.41421, 7.999]},
			"faces": {
				"north": {"uv": [7, 8, 8, 8.75], "texture": "#0"},
				"east": {"uv": [4.5, 10, 5, 10.75], "texture": "#0"},
				"south": {"uv": [8, 8, 9, 8.75], "texture": "#0"},
				"west": {"uv": [5, 10, 5.5, 10.75], "texture": "#0"},
				"up": {"uv": [10.5, 1, 9.5, 0.5], "texture": "#0"},
				"down": {"uv": [2, 9.5, 1, 10], "texture": "#0"}
			}
		},
		{
			"from": [6, 8, 7.5],
			"to": [8, 9.5, 8.5],
			"rotation": {"angle": 22.5, "axis": "z", "origin": [6, 8.75, 8]},
			"faces": {
				"north": {"uv": [2, 8, 3, 8.75], "texture": "#0"},
				"east": {"uv": [9.5, 2, 10, 2.75], "texture": "#0"},
				"south": {"uv": [3, 8, 4, 8.75], "texture": "#0"},
				"west": {"uv": [9.5, 3, 10, 3.75], "texture": "#0"},
				"up": {"uv": [10, 7.5, 9, 7], "texture": "#0"},
				"down": {"uv": [9, 9, 8, 9.5], "texture": "#0"}
			}
		},
		{
			"from": [8, 8, 7.5],
			"to": [10, 9.5, 8.5],
			"rotation": {"angle": -22.5, "axis": "z", "origin": [10, 8.75, 8]},
			"faces": {
				"north": {"uv": [8, 3.5, 9, 4.25], "texture": "#0"},
				"east": {"uv": [8, 9.5, 8.5, 10.25], "texture": "#0"},
				"south": {"uv": [8, 4.5, 9, 5.25], "texture": "#0"},
				"west": {"uv": [8.5, 9.5, 9, 10.25], "texture": "#0"},
				"up": {"uv": [10, 8.5, 9, 8], "texture": "#0"},
				"down": {"uv": [10, 8.5, 9, 9], "texture": "#0"}
			}
		},
		{
			"from": [7.5, 8.7945, 7.99421],
			"to": [8.5, 10.2945, 9.99421],
			"rotation": {"angle": 22.5, "axis": "x", "origin": [8, 9.13268, 8]},
			"faces": {
				"north": {"uv": [8.5, 9.5, 9, 10.25], "texture": "#0"},
				"east": {"uv": [8, 3.5, 9, 4.25], "texture": "#0"},
				"south": {"uv": [8, 9.5, 8.5, 10.25], "texture": "#0"},
				"west": {"uv": [8, 4.5, 9, 5.25], "texture": "#0"},
				"up": {"uv": [10, 8.5, 9, 8], "rotation": 90, "texture": "#0"},
				"down": {"uv": [10, 8.5, 9, 9], "rotation": 270, "texture": "#0"}
			}
		},
		{
			"from": [7.5, 8.7945, 6.00579],
			"to": [8.5, 10.2945, 8.00579],
			"rotation": {"angle": -22.5, "axis": "x", "origin": [8, 9.13268, 8]},
			"faces": {
				"north": {"uv": [9.5, 3, 10, 3.75], "texture": "#0"},
				"east": {"uv": [2, 8, 3, 8.75], "texture": "#0"},
				"south": {"uv": [9.5, 2, 10, 2.75], "texture": "#0"},
				"west": {"uv": [3, 8, 4, 8.75], "texture": "#0"},
				"up": {"uv": [10, 7.5, 9, 7], "rotation": 90, "texture": "#0"},
				"down": {"uv": [9, 9, 8, 9.5], "rotation": 270, "texture": "#0"}
			}
		},
		{
			"from": [11.9378, 10.54371, 7.5],
			"to": [12.9378, 13.04371, 8.5],
			"rotation": {"angle": -22.5, "axis": "z", "origin": [9, 12.64765, 8]},
			"faces": {
				"north": {"uv": [8.5, 0.5, 9, 1.75], "texture": "#0"},
				"east": {"uv": [8.5, 6, 9, 7.25], "texture": "#0"},
				"south": {"uv": [9, 0.5, 9.5, 1.75], "texture": "#0"},
				"west": {"uv": [2, 9, 2.5, 10.25], "texture": "#0"},
				"up": {"uv": [8, 4, 7.5, 3.5], "texture": "#0"},
				"down": {"uv": [10, 5.5, 9.5, 6], "texture": "#0"}
			}
		},
		{
			"from": [10.5645, 10.14325, 7.25],
			"to": [12.0645, 13.64325, 8.75],
			"rotation": {"angle": 22.5, "axis": "z", "origin": [9, 12.64765, 8]},
			"faces": {
				"north": {"uv": [5.5, 6, 6.25, 7.75], "texture": "#0"},
				"east": {"uv": [6.5, 2, 7.25, 3.75], "texture": "#0"},
				"south": {"uv": [6.5, 6, 7.25, 7.75], "texture": "#0"},
				"west": {"uv": [4, 7, 4.75, 8.75], "texture": "#0"},
				"up": {"uv": [5.75, 9.75, 5, 9], "texture": "#0"},
				"down": {"uv": [6.75, 9, 6, 9.75], "texture": "#0"}
			}
		},
		{
			"from": [8.25291, 14.35988, 7.5],
			"to": [9.25291, 15.85988, 8.5],
			"rotation": {"angle": -45, "axis": "z", "origin": [9, 12.64765, 8]},
			"faces": {
				"north": {"uv": [9, 9.5, 9.5, 10.25], "texture": "#0"},
				"east": {"uv": [9.5, 9.5, 10, 10.25], "texture": "#0"},
				"south": {"uv": [0, 10, 0.5, 10.75], "texture": "#0"},
				"west": {"uv": [0.5, 10, 1, 10.75], "texture": "#0"},
				"up": {"uv": [10, 8, 9.5, 7.5], "texture": "#0"},
				"down": {"uv": [10.5, 0, 10, 0.5], "texture": "#0"}
			}
		},
		{
			"from": [6.74709, 14.35988, 7.5],
			"to": [7.74709, 15.85988, 8.5],
			"rotation": {"angle": 45, "axis": "z", "origin": [7, 12.64765, 8]},
			"faces": {
				"north": {"uv": [1, 10, 1.5, 10.75], "texture": "#0"},
				"east": {"uv": [1.5, 10, 2, 10.75], "texture": "#0"},
				"south": {"uv": [10, 2, 10.5, 2.75], "texture": "#0"},
				"west": {"uv": [10, 3, 10.5, 3.75], "texture": "#0"},
				"up": {"uv": [10.5, 6, 10, 5.5], "texture": "#0"},
				"down": {"uv": [6.5, 10, 6, 10.5], "texture": "#0"}
			}
		},
		{
			"from": [3.0622, 10.54371, 7.5],
			"to": [4.0622, 13.04371, 8.5],
			"rotation": {"angle": 22.5, "axis": "z", "origin": [7, 12.64765, 8]},
			"faces": {
				"north": {"uv": [2.5, 9, 3, 10.25], "texture": "#0"},
				"east": {"uv": [9, 2.5, 9.5, 3.75], "texture": "#0"},
				"south": {"uv": [3, 9, 3.5, 10.25], "texture": "#0"},
				"west": {"uv": [3.5, 9, 4, 10.25], "texture": "#0"},
				"up": {"uv": [10.5, 5.5, 10, 5], "texture": "#0"},
				"down": {"uv": [6, 10, 5.5, 10.5], "texture": "#0"}
			}
		},
		{
			"from": [3.9355, 10.14325, 7.25],
			"to": [5.4355, 13.64325, 8.75],
			"rotation": {"angle": -22.5, "axis": "z", "origin": [7, 12.64765, 8]},
			"faces": {
				"north": {"uv": [7, 4, 7.75, 5.75], "texture": "#0"},
				"east": {"uv": [0, 7.5, 0.75, 9.25], "texture": "#0"},
				"south": {"uv": [7.5, 0, 8.25, 1.75], "texture": "#0"},
				"west": {"uv": [1, 7.5, 1.75, 9.25], "texture": "#0"},
				"up": {"uv": [9.75, 6.75, 9, 6], "texture": "#0"},
				"down": {"uv": [7.75, 9, 7, 9.75], "texture": "#0"}
			}
		},
		{
			"from": [7.5, 11, 6],
			"to": [8.5, 12.5, 10],
			"rotation": {"angle": 0, "axis": "y", "origin": [8, 12.45675, 8]},
			"faces": {
				"north": {"uv": [5, 7, 5.5, 7.75], "texture": "#0"},
				"east": {"uv": [5.5, 0, 7.5, 0.75], "texture": "#0"},
				"south": {"uv": [6.5, 4, 7, 4.75], "texture": "#0"},
				"west": {"uv": [5.5, 1, 7.5, 1.75], "texture": "#0"},
				"up": {"uv": [4, 8, 2, 7.5], "rotation": 90, "texture": "#0"},
				"down": {"uv": [9.5, 2, 7.5, 2.5], "rotation": 270, "texture": "#0"}
			}
		},
		{
			"from": [7.499, 10.01246, 5.61587],
			"to": [8.501, 11.51246, 7.61587],
			"rotation": {"angle": 45, "axis": "x", "origin": [8, 12.45675, 8]},
			"faces": {
				"north": {"uv": [5, 10, 5.5, 10.75], "texture": "#0"},
				"east": {"uv": [7, 8, 8, 8.75], "texture": "#0"},
				"south": {"uv": [4.5, 10, 5, 10.75], "texture": "#0"},
				"west": {"uv": [8, 8, 9, 8.75], "texture": "#0"},
				"up": {"uv": [10.5, 1, 9.5, 0.5], "rotation": 90, "texture": "#0"},
				"down": {"uv": [2, 9.5, 1, 10], "rotation": 270, "texture": "#0"}
			}
		},
		{
			"from": [7.25, 9.74604, 3.93857],
			"to": [8.75, 13.24604, 5.43857],
			"rotation": {"angle": 22.5, "axis": "x", "origin": [8, 12.45675, 8]},
			"faces": {
				"north": {"uv": [1, 7.5, 1.75, 9.25], "texture": "#0"},
				"east": {"uv": [7, 4, 7.75, 5.75], "texture": "#0"},
				"south": {"uv": [0, 7.5, 0.75, 9.25], "texture": "#0"},
				"west": {"uv": [7.5, 0, 8.25, 1.75], "texture": "#0"},
				"up": {"uv": [9.75, 6.75, 9, 6], "rotation": 90, "texture": "#0"},
				"down": {"uv": [7.75, 9, 7, 9.75], "rotation": 270, "texture": "#0"}
			}
		},
		{
			"from": [7.5, 10.91186, 3.21137],
			"to": [8.5, 13.41186, 4.21137],
			"rotation": {"angle": -22.5, "axis": "x", "origin": [8, 12.45675, 8]},
			"faces": {
				"north": {"uv": [3.5, 9, 4, 10.25], "texture": "#0"},
				"east": {"uv": [2.5, 9, 3, 10.25], "texture": "#0"},
				"south": {"uv": [9, 2.5, 9.5, 3.75], "texture": "#0"},
				"west": {"uv": [3, 9, 3.5, 10.25], "texture": "#0"},
				"up": {"uv": [10.5, 5.5, 10, 5], "rotation": 90, "texture": "#0"},
				"down": {"uv": [6, 10, 5.5, 10.5], "rotation": 270, "texture": "#0"}
			}
		},
		{
			"from": [7.5, 15.01107, 7.17497],
			"to": [8.5, 16.51107, 8.17497],
			"rotation": {"angle": -45, "axis": "x", "origin": [8, 12.45675, 8]},
			"faces": {
				"north": {"uv": [10, 3, 10.5, 3.75], "texture": "#0"},
				"east": {"uv": [1, 10, 1.5, 10.75], "texture": "#0"},
				"south": {"uv": [1.5, 10, 2, 10.75], "texture": "#0"},
				"west": {"uv": [10, 2, 10.5, 2.75], "texture": "#0"},
				"up": {"uv": [10.5, 6, 10, 5.5], "rotation": 90, "texture": "#0"},
				"down": {"uv": [6.5, 10, 6, 10.5], "rotation": 270, "texture": "#0"}
			}
		},
		{
			"from": [7.499, 10.01246, 8.38413],
			"to": [8.501, 11.51246, 10.38413],
			"rotation": {"angle": -45, "axis": "x", "origin": [8, 12.45675, 8]},
			"faces": {
				"north": {"uv": [10, 4, 10.5, 4.75], "texture": "#0"},
				"east": {"uv": [5, 8, 6, 8.75], "texture": "#0"},
				"south": {"uv": [4, 10, 4.5, 10.75], "texture": "#0"},
				"west": {"uv": [6, 8, 7, 8.75], "texture": "#0"},
				"up": {"uv": [10, 9.5, 9, 9], "rotation": 90, "texture": "#0"},
				"down": {"uv": [1, 9.5, 0, 10], "rotation": 270, "texture": "#0"}
			}
		},
		{
			"from": [7.5, 10.91186, 11.78863],
			"to": [8.5, 13.41186, 12.78863],
			"rotation": {"angle": 22.5, "axis": "x", "origin": [8, 12.45675, 8]},
			"faces": {
				"north": {"uv": [2, 9, 2.5, 10.25], "texture": "#0"},
				"east": {"uv": [8.5, 0.5, 9, 1.75], "texture": "#0"},
				"south": {"uv": [8.5, 6, 9, 7.25], "texture": "#0"},
				"west": {"uv": [9, 0.5, 9.5, 1.75], "texture": "#0"},
				"up": {"uv": [8, 4, 7.5, 3.5], "rotation": 90, "texture": "#0"},
				"down": {"uv": [10, 5.5, 9.5, 6], "rotation": 270, "texture": "#0"}
			}
		},
		{
			"from": [7.25, 9.74604, 10.56143],
			"to": [8.75, 13.24604, 12.06143],
			"rotation": {"angle": -22.5, "axis": "x", "origin": [8, 12.45675, 8]},
			"faces": {
				"north": {"uv": [4, 7, 4.75, 8.75], "texture": "#0"},
				"east": {"uv": [5.5, 6, 6.25, 7.75], "texture": "#0"},
				"south": {"uv": [6.5, 2, 7.25, 3.75], "texture": "#0"},
				"west": {"uv": [6.5, 6, 7.25, 7.75], "texture": "#0"},
				"up": {"uv": [5.75, 9.75, 5, 9], "rotation": 90, "texture": "#0"},
				"down": {"uv": [6.75, 9, 6, 9.75], "rotation": 270, "texture": "#0"}
			}
		},
		{
			"from": [7.5, 15.01107, 7.82503],
			"to": [8.5, 16.51107, 8.82503],
			"rotation": {"angle": 45, "axis": "x", "origin": [8, 12.45675, 8]},
			"faces": {
				"north": {"uv": [0.5, 10, 1, 10.75], "texture": "#0"},
				"east": {"uv": [9, 9.5, 9.5, 10.25], "texture": "#0"},
				"south": {"uv": [9.5, 9.5, 10, 10.25], "texture": "#0"},
				"west": {"uv": [0, 10, 0.5, 10.75], "texture": "#0"},
				"up": {"uv": [10, 8, 9.5, 7.5], "rotation": 90, "texture": "#0"},
				"down": {"uv": [10.5, 0, 10, 0.5], "rotation": 270, "texture": "#0"}
			}
		},
		{
			"from": [6, 15.25, 6.5],
			"to": [10, 15.25, 9.5],
			"rotation": {"angle": -45, "axis": "z", "origin": [8, 17.25, 8]},
			"faces": {
				"north": {"uv": [12, 0, 16, 0], "rotation": 180, "texture": "#1"},
				"east": {"uv": [12, 15, 12, 12], "rotation": 90, "texture": "#1"},
				"south": {"uv": [12, 0, 16, 0], "texture": "#1"},
				"west": {"uv": [4, 15, 4, 12], "rotation": 270, "texture": "#1"},
				"up": {"uv": [4, 15, 0, 12], "texture": "#1"},
				"down": {"uv": [4, 12, 0, 15], "texture": "#1"}
			}
		},
		{
			"from": [6, 15.25, 6.5],
			"to": [6, 19.25, 9.5],
			"rotation": {"angle": -45, "axis": "z", "origin": [8, 17.25, 8]},
			"faces": {
				"north": {"uv": [12, 0, 16, 0], "rotation": 180, "texture": "#1"},
				"east": {"uv": [4, 12, 8, 15], "rotation": 270, "texture": "#1"},
				"south": {"uv": [12, 0, 16, 0], "texture": "#1"},
				"west": {"uv": [4, 15, 8, 12], "rotation": 270, "texture": "#1"},
				"up": {"uv": [8, 12, 12, 15], "rotation": 180, "texture": "#1"},
				"down": {"uv": [12, 12, 8, 15], "texture": "#1"}
			}
		},
		{
			"from": [6, 19.25, 6.5],
			"to": [10, 19.25, 9.5],
			"rotation": {"angle": -45, "axis": "z", "origin": [8, 17.25, 8]},
			"faces": {
				"north": {"uv": [12, 0, 16, 0], "rotation": 180, "texture": "#1"},
				"east": {"uv": [12, 15, 12, 12], "rotation": 90, "texture": "#1"},
				"south": {"uv": [12, 0, 16, 0], "texture": "#1"},
				"west": {"uv": [4, 15, 4, 12], "rotation": 270, "texture": "#1"},
				"up": {"uv": [12, 12, 8, 15], "rotation": 180, "texture": "#1"},
				"down": {"uv": [12, 15, 8, 12], "rotation": 180, "texture": "#1"}
			}
		},
		{
			"from": [10, 15.25, 6.5],
			"to": [10, 19.25, 9.5],
			"rotation": {"angle": -45, "axis": "z", "origin": [8, 17.25, 8]},
			"faces": {
				"north": {"uv": [12, 0, 16, 0], "rotation": 180, "texture": "#1"},
				"east": {"uv": [12, 15, 16, 12], "rotation": 90, "texture": "#1"},
				"south": {"uv": [12, 0, 16, 0], "texture": "#1"},
				"west": {"uv": [12, 12, 16, 15], "rotation": 90, "texture": "#1"},
				"up": {"uv": [8, 12, 12, 15], "rotation": 180, "texture": "#1"},
				"down": {"uv": [12, 12, 8, 15], "texture": "#1"}
			}
		},
		{
			"from": [7, 16.25, 7],
			"to": [9, 18.25, 9],
			"rotation": {"angle": 0, "axis": "y", "origin": [8, 4.25, 8]},
			"faces": {
				"north": {"uv": [2, 0, 0, 2], "texture": "#1"},
				"east": {"uv": [2, 0, 0, 2], "texture": "#1"},
				"south": {"uv": [0, 0, 2, 2], "texture": "#1"},
				"west": {"uv": [2, 0, 0, 2], "texture": "#1"},
				"up": {"uv": [0, 2, 2, 0], "texture": "#1"},
				"down": {"uv": [0, 2, 2, 0], "texture": "#1"}
			}
		},
		{
			"from": [7, 16.25, 7],
			"to": [9, 18.25, 9],
			"rotation": {"angle": -22.5, "axis": "z", "origin": [8, 17.25, 8]},
			"faces": {
				"north": {"uv": [2, 2, 0, 4], "texture": "#1"},
				"east": {"uv": [2, 2, 0, 4], "texture": "#1"},
				"south": {"uv": [0, 2, 2, 4], "texture": "#1"},
				"west": {"uv": [2, 2, 0, 4], "texture": "#1"},
				"up": {"uv": [0, 4, 2, 2], "texture": "#1"},
				"down": {"uv": [0, 4, 2, 2], "texture": "#1"}
			}
		},
		{
			"from": [7, 16.25, 7],
			"to": [9, 18.25, 9],
			"rotation": {"angle": -45, "axis": "z", "origin": [8, 17.25, 8]},
			"faces": {
				"north": {"uv": [2, 4, 0, 6], "texture": "#1"},
				"east": {"uv": [2, 4, 0, 6], "texture": "#1"},
				"south": {"uv": [0, 4, 2, 6], "texture": "#1"},
				"west": {"uv": [2, 4, 0, 6], "texture": "#1"},
				"up": {"uv": [0, 6, 2, 4], "texture": "#1"},
				"down": {"uv": [0, 6, 2, 4], "texture": "#1"}
			}
		},
		{
			"from": [7, 16.25, 7],
			"to": [9, 18.25, 9],
			"rotation": {"angle": 22.5, "axis": "z", "origin": [8, 17.25, 8]},
			"faces": {
				"north": {"uv": [2, 6, 0, 8], "rotation": 270, "texture": "#1"},
				"east": {"uv": [0, 8, 2, 6], "rotation": 90, "texture": "#1"},
				"south": {"uv": [0, 6, 2, 8], "rotation": 90, "texture": "#1"},
				"west": {"uv": [0, 8, 2, 6], "rotation": 90, "texture": "#1"},
				"up": {"uv": [2, 6, 0, 8], "rotation": 90, "texture": "#1"},
				"down": {"uv": [2, 6, 0, 8], "rotation": 90, "texture": "#1"}
			}
		}
	],
	"display": {
		"thirdperson_righthand": {
			"rotation": [0, 45, 0],
			"translation": [0, 6.25, 1.75]
		},
		"thirdperson_lefthand": {
			"rotation": [0, 45, 0],
			"translation": [0, 6.25, 1.75]
		},
		"firstperson_righthand": {
			"rotation": [-180, 69.5, -180],
			"translation": [3.25, 7.75, 0],
			"scale": [0.78, 0.78, 0.75]
		},
		"firstperson_lefthand": {
			"rotation": [-180, 69.5, -180],
			"translation": [3.25, 7.75, 0],
			"scale": [0.78, 0.78, 0.75]
		},
		"ground": {
			"rotation": [90, 0, 0],
			"scale": [0.77, 0.76, 0.68]
		},
		"gui": {
			"rotation": [-35, -30, -55],
			"translation": [0.5, 0.75, 0],
			"scale": [0.74, 0.74, 0.8]
		},
		"fixed": {
			"translation": [0, 0, -3]
		}
	}
}