{
	"credit": "Made with Blockbench",
	"texture_size": [32, 32],
	"textures": {
		"1": "item/weapons/sword_cursed"
	},
	"elements": [
		{
			"from": [1.86311, -0.53644, 6.75],
			"to": [5.86311, 3.46356, 9.25],
			"rotation": {"angle": 45, "axis": "z", "origin": [8, 5.60045, 8]},
			"faces": {
				"north": {"uv": [5, 2, 7, 4], "texture": "#1"},
				"east": {"uv": [7, 3, 8.25, 5], "texture": "#1"},
				"south": {"uv": [5, 4, 7, 6], "texture": "#1"},
				"west": {"uv": [7, 5, 8.25, 7], "texture": "#1"},
				"up": {"uv": [9, 8.25, 7, 7], "texture": "#1"},
				"down": {"uv": [10.5, 3, 8.5, 4.25], "texture": "#1"}
			}
		},
		{
			"from": [6, 0.5, 7.5],
			"to": [10, 19.5, 8.5],
			"rotation": {"angle": 0, "axis": "y", "origin": [8, 5.60045, 8]},
			"faces": {
				"north": {"uv": [0, 0, 2, 9.5], "texture": "#1"},
				"east": {"uv": [4, 0, 4.5, 9.5], "texture": "#1"},
				"south": {"uv": [2, 0, 4, 9.5], "texture": "#1"},
				"west": {"uv": [4.5, 0, 5, 9.5], "texture": "#1"},
				"up": {"uv": [13, 2, 11, 1.5], "texture": "#1"},
				"down": {"uv": [14, 0, 12, 0.5], "texture": "#1"}
			}
		},
		{
			"from": [9.25, -0.5, 7],
			"to": [10.25, 4.5, 9],
			"rotation": {"angle": 0, "axis": "y", "origin": [8, 5.60045, 8]},
			"faces": {
				"north": {"uv": [9.5, 4.5, 10, 7], "texture": "#1"},
				"east": {"uv": [8.5, 4.5, 9.5, 7], "texture": "#1"},
				"south": {"uv": [12, 3, 12.5, 5.5], "texture": "#1"},
				"west": {"uv": [7, 8.5, 8, 11], "texture": "#1"},
				"up": {"uv": [7, 14.5, 6.5, 13.5], "texture": "#1"},
				"down": {"uv": [11.5, 13.5, 11, 14.5], "texture": "#1"}
			}
		},
		{
			"from": [5.75, -0.5, 7],
			"to": [6.75, 4.5, 9],
			"rotation": {"angle": 0, "axis": "y", "origin": [8, 5.60045, 8]},
			"faces": {
				"north": {"uv": [12, 5.5, 12.5, 8], "texture": "#1"},
				"east": {"uv": [8, 8.5, 9, 11], "texture": "#1"},
				"south": {"uv": [6, 12, 6.5, 14.5], "texture": "#1"},
				"west": {"uv": [5, 9, 6, 11.5], "texture": "#1"},
				"up": {"uv": [14, 13, 13.5, 12], "texture": "#1"},
				"down": {"uv": [13, 13.5, 12.5, 14.5], "texture": "#1"}
			}
		},
		{
			"from": [9.40466, 1.12223, 7.001],
			"to": [10.40466, 4.32223, 8.999],
			"rotation": {"angle": -45, "axis": "z", "origin": [11.65466, 7.22268, 8.001]},
			"faces": {
				"north": {"uv": [6.5, 12, 7, 13.5], "texture": "#1"},
				"east": {"uv": [10.5, 10.5, 11.5, 12], "texture": "#1"},
				"south": {"uv": [11, 12, 11.5, 13.5], "texture": "#1"},
				"west": {"uv": [0, 11, 1, 12.5], "texture": "#1"},
				"up": {"uv": [14, 14, 13.5, 13], "texture": "#1"},
				"down": {"uv": [0.5, 14, 0, 15], "texture": "#1"}
			}
		},
		{
			"from": [4.71666, 3.24355, 7.001],
			"to": [5.71666, 6.44355, 8.999],
			"rotation": {"angle": 45, "axis": "z", "origin": [6.46666, 9.344, 8.001]},
			"faces": {
				"north": {"uv": [12.5, 10.5, 13, 12], "texture": "#1"},
				"east": {"uv": [11, 0, 12, 1.5], "texture": "#1"},
				"south": {"uv": [11.5, 12.5, 12, 14], "texture": "#1"},
				"west": {"uv": [1, 11, 2, 12.5], "texture": "#1"},
				"up": {"uv": [1, 15, 0.5, 14], "texture": "#1"},
				"down": {"uv": [14.5, 1.5, 14, 2.5], "texture": "#1"}
			}
		},
		{
			"from": [7, 5.5, 7.25],
			"to": [7.5, 11, 8.75],
			"rotation": {"angle": 0, "axis": "y", "origin": [8, 5.60045, 8]},
			"faces": {
				"north": {"uv": [2, 13, 2.25, 15.75], "texture": "#1"},
				"east": {"uv": [3, 9.5, 3.75, 12.25], "texture": "#1"},
				"south": {"uv": [2.5, 13, 2.75, 15.75], "texture": "#1"},
				"west": {"uv": [4, 9.5, 4.75, 12.25], "texture": "#1"},
				"up": {"uv": [8.25, 15.25, 8, 14.5], "texture": "#1"},
				"down": {"uv": [14.75, 8, 14.5, 8.75], "texture": "#1"}
			}
		},
		{
			"from": [8.5, 5.5, 7.25],
			"to": [9, 11, 8.75],
			"rotation": {"angle": 0, "axis": "y", "origin": [8, 5.60045, 8]},
			"faces": {
				"north": {"uv": [7, 13, 7.25, 15.75], "texture": "#1"},
				"east": {"uv": [10, 4.5, 10.75, 7.25], "texture": "#1"},
				"south": {"uv": [7.5, 13, 7.75, 15.75], "texture": "#1"},
				"west": {"uv": [10, 7.5, 10.75, 10.25], "texture": "#1"},
				"up": {"uv": [8.75, 15.25, 8.5, 14.5], "texture": "#1"},
				"down": {"uv": [9.25, 14.5, 9, 15.25], "texture": "#1"}
			}
		},
		{
			"from": [12.02516, 8.7114, 7.25],
			"to": [12.52516, 10.1364, 8.75],
			"rotation": {"angle": 45, "axis": "z", "origin": [8, 5.60045, 8]},
			"faces": {
				"north": {"uv": [14.5, 9, 14.75, 9.75], "texture": "#1"},
				"east": {"uv": [13.5, 6, 14.25, 6.75], "texture": "#1"},
				"south": {"uv": [9.5, 14.5, 9.75, 15.25], "texture": "#1"},
				"west": {"uv": [13.5, 8, 14.25, 8.75], "texture": "#1"},
				"up": {"uv": [14.75, 10.75, 14.5, 10], "texture": "#1"},
				"down": {"uv": [11.25, 14.5, 11, 15.25], "texture": "#1"}
			}
		},
		{
			"from": [11.11095, 9.62562, 7.25],
			"to": [12.53595, 10.12562, 8.75],
			"rotation": {"angle": 45, "axis": "z", "origin": [8, 5.60045, 8]},
			"faces": {
				"north": {"uv": [14.5, 11, 15.25, 11.25], "texture": "#1"},
				"east": {"uv": [14.5, 11.5, 15.25, 11.75], "texture": "#1"},
				"south": {"uv": [12.5, 14.5, 13.25, 14.75], "texture": "#1"},
				"west": {"uv": [13.5, 14.5, 14.25, 14.75], "texture": "#1"},
				"up": {"uv": [9.75, 14.25, 9, 13.5], "texture": "#1"},
				"down": {"uv": [14.25, 9, 13.5, 9.75], "texture": "#1"}
			}
		},
		{
			"from": [16.41425, 14.0147, 7.526],
			"to": [19.24268, 16.84313, 8.474],
			"rotation": {"angle": 45, "axis": "z", "origin": [8, 5.60045, 8.001]},
			"faces": {
				"north": {"uv": [0, 9.5, 1.5, 11], "texture": "#1"},
				"east": {"uv": [12, 12.5, 12.5, 14], "texture": "#1"},
				"south": {"uv": [1.5, 9.5, 3, 11], "texture": "#1"},
				"west": {"uv": [12.5, 12, 13, 13.5], "texture": "#1"},
				"up": {"uv": [14, 7.5, 12.5, 7], "texture": "#1"},
				"down": {"uv": [14, 7.5, 12.5, 8], "texture": "#1"}
			}
		},
		{
			"from": [8.5, -3.5, 7.5],
			"to": [10.5, -2, 8.5],
			"rotation": {"angle": -22.5, "axis": "z", "origin": [10.5, -2.75, 8]},
			"faces": {
				"north": {"uv": [4, 12.5, 5, 13.25], "texture": "#1"},
				"east": {"uv": [10, 14, 10.5, 14.75], "texture": "#1"},
				"south": {"uv": [12.5, 4, 13.5, 4.75], "texture": "#1"},
				"west": {"uv": [10.5, 14, 11, 14.75], "texture": "#1"},
				"up": {"uv": [14.5, 10.5, 13.5, 10], "texture": "#1"},
				"down": {"uv": [14.5, 10.5, 13.5, 11], "texture": "#1"}
			}
		},
		{
			"from": [7, -8, 7.25],
			"to": [9, -2, 8.75],
			"rotation": {"angle": 0, "axis": "y", "origin": [8, 5.85045, 8]},
			"faces": {
				"north": {"uv": [5, 6, 6, 9], "texture": "#1"},
				"east": {"uv": [6, 9, 6.75, 12], "texture": "#1"},
				"south": {"uv": [6, 6, 7, 9], "texture": "#1"},
				"west": {"uv": [9, 7, 9.75, 10], "texture": "#1"},
				"up": {"uv": [2, 13.25, 1, 12.5], "texture": "#1"},
				"down": {"uv": [4, 12.5, 3, 13.25], "texture": "#1"}
			}
		},
		{
			"from": [6.5, -9, 6.75],
			"to": [9.5, -8, 9.25],
			"rotation": {"angle": 0, "axis": "y", "origin": [8, -8.5, 8]},
			"faces": {
				"north": {"uv": [12.5, 3.5, 14, 4], "texture": "#1"},
				"east": {"uv": [13, 1, 14.25, 1.5], "texture": "#1"},
				"south": {"uv": [12.5, 3, 14, 3.5], "texture": "#1"},
				"west": {"uv": [13, 0.5, 14.25, 1], "texture": "#1"},
				"up": {"uv": [12, 4.25, 10.5, 3], "rotation": 180, "texture": "#1"},
				"down": {"uv": [10.5, 10.5, 9, 11.75], "rotation": 180, "texture": "#1"}
			}
		},
		{
			"from": [7, -10, 7.25],
			"to": [9, -9, 8.75],
			"rotation": {"angle": 0, "axis": "y", "origin": [8, -9.5, 8]},
			"faces": {
				"north": {"uv": [10, 13.5, 11, 14], "texture": "#1"},
				"east": {"uv": [14, 2.5, 14.75, 3], "texture": "#1"},
				"south": {"uv": [9, 10, 10, 10.5], "texture": "#1"},
				"west": {"uv": [14, 0, 14.75, 0.5], "texture": "#1"},
				"up": {"uv": [13, 1.25, 12, 0.5], "rotation": 180, "texture": "#1"},
				"down": {"uv": [13, 9.5, 12, 10.25], "rotation": 180, "texture": "#1"}
			}
		},
		{
			"from": [2, -1.25, 7.5],
			"to": [14, 0.25, 8.5],
			"rotation": {"angle": 0, "axis": "z", "origin": [8, -0.25, 8]},
			"faces": {
				"north": {"uv": [5, 0, 11, 0.75], "texture": "#1"},
				"east": {"uv": [14, 3, 14.5, 3.75], "texture": "#1"},
				"south": {"uv": [5, 1, 11, 1.75], "texture": "#1"},
				"west": {"uv": [14, 7, 14.5, 7.75], "texture": "#1"},
				"up": {"uv": [13, 2.5, 7, 2], "texture": "#1"},
				"down": {"uv": [13, 2.5, 7, 3], "texture": "#1"}
			}
		},
		{
			"from": [10.8076, -1.69643, 7.25],
			"to": [11.8076, 0.80357, 8.75],
			"rotation": {"angle": -22.5, "axis": "z", "origin": [11.3076, -0.44643, 8]},
			"faces": {
				"north": {"uv": [13, 1.5, 13.5, 2.75], "texture": "#1"},
				"east": {"uv": [12, 8, 12.75, 9.25], "texture": "#1"},
				"south": {"uv": [8, 13, 8.5, 14.25], "texture": "#1"},
				"west": {"uv": [9, 12, 9.75, 13.25], "texture": "#1"},
				"up": {"uv": [12, 14.75, 11.5, 14], "texture": "#1"},
				"down": {"uv": [12.5, 14, 12, 14.75], "texture": "#1"}
			}
		},
		{
			"from": [12.5576, -2.94643, 7.25],
			"to": [14.0576, 0.55357, 8.75],
			"rotation": {"angle": 22.5, "axis": "z", "origin": [10.8076, -0.19643, 8]},
			"faces": {
				"north": {"uv": [2, 11, 2.75, 12.75], "texture": "#1"},
				"east": {"uv": [11, 4.5, 11.75, 6.25], "texture": "#1"},
				"south": {"uv": [11, 6.5, 11.75, 8.25], "texture": "#1"},
				"west": {"uv": [7, 11, 7.75, 12.75], "texture": "#1"},
				"up": {"uv": [4.75, 14.25, 4, 13.5], "texture": "#1"},
				"down": {"uv": [14.25, 4, 13.5, 4.75], "texture": "#1"}
			}
		},
		{
			"from": [13.82297, -2.69256, 7.5],
			"to": [14.82297, -0.19256, 8.5],
			"rotation": {"angle": -22.5, "axis": "z", "origin": [11.57297, -0.94256, 8]},
			"faces": {
				"north": {"uv": [13, 8, 13.5, 9.25], "texture": "#1"},
				"east": {"uv": [8.5, 13, 9, 14.25], "texture": "#1"},
				"south": {"uv": [13, 9.5, 13.5, 10.75], "texture": "#1"},
				"west": {"uv": [13, 11, 13.5, 12.25], "texture": "#1"},
				"up": {"uv": [15, 5.5, 14.5, 5], "texture": "#1"},
				"down": {"uv": [15, 5.5, 14.5, 6], "texture": "#1"}
			}
		},
		{
			"from": [11.00543, 0.69731, 7.5],
			"to": [12.50543, 1.69731, 8.5],
			"rotation": {"angle": 45, "axis": "z", "origin": [11.75543, 2.44731, 8]},
			"faces": {
				"north": {"uv": [14, 12, 14.75, 12.5], "texture": "#1"},
				"east": {"uv": [6, 14.5, 6.5, 15], "texture": "#1"},
				"south": {"uv": [14, 12.5, 14.75, 13], "texture": "#1"},
				"west": {"uv": [14.5, 6, 15, 6.5], "texture": "#1"},
				"up": {"uv": [13.75, 14.5, 13, 14], "texture": "#1"},
				"down": {"uv": [14.75, 13, 14, 13.5], "texture": "#1"}
			}
		},
		{
			"from": [4.1924, -1.69643, 7.25],
			"to": [5.1924, 0.80357, 8.75],
			"rotation": {"angle": 22.5, "axis": "z", "origin": [4.6924, -0.44643, 8]},
			"faces": {
				"north": {"uv": [13, 12.5, 13.5, 13.75], "texture": "#1"},
				"east": {"uv": [10, 12, 10.75, 13.25], "texture": "#1"},
				"south": {"uv": [1, 13.5, 1.5, 14.75], "texture": "#1"},
				"west": {"uv": [0, 12.5, 0.75, 13.75], "texture": "#1"},
				"up": {"uv": [14.5, 14.25, 14, 13.5], "texture": "#1"},
				"down": {"uv": [15, 0.5, 14.5, 1.25], "texture": "#1"}
			}
		},
		{
			"from": [5.5, -3.5, 7.5],
			"to": [7.5, -2, 8.5],
			"rotation": {"angle": 22.5, "axis": "z", "origin": [5.5, -2.75, 8]},
			"faces": {
				"north": {"uv": [12.5, 5, 13.5, 5.75], "texture": "#1"},
				"east": {"uv": [14.5, 1.5, 15, 2.25], "texture": "#1"},
				"south": {"uv": [12.5, 6, 13.5, 6.75], "texture": "#1"},
				"west": {"uv": [14.5, 3, 15, 3.75], "texture": "#1"},
				"up": {"uv": [14.5, 11.5, 13.5, 11], "texture": "#1"},
				"down": {"uv": [14.5, 11.5, 13.5, 12], "texture": "#1"}
			}
		},
		{
			"from": [1.17703, -2.69256, 7.5],
			"to": [2.17703, -0.19256, 8.5],
			"rotation": {"angle": 22.5, "axis": "z", "origin": [4.42703, -0.94256, 8]},
			"faces": {
				"north": {"uv": [1.5, 13.5, 2, 14.75], "texture": "#1"},
				"east": {"uv": [13.5, 1.5, 14, 2.75], "texture": "#1"},
				"south": {"uv": [3, 13.5, 3.5, 14.75], "texture": "#1"},
				"west": {"uv": [3.5, 13.5, 4, 14.75], "texture": "#1"},
				"up": {"uv": [7, 15, 6.5, 14.5], "texture": "#1"},
				"down": {"uv": [15, 6.5, 14.5, 7], "texture": "#1"}
			}
		},
		{
			"from": [1.9424, -2.94643, 7.25],
			"to": [3.4424, 0.55357, 8.75],
			"rotation": {"angle": -22.5, "axis": "z", "origin": [5.1924, -0.19643, 8]},
			"faces": {
				"north": {"uv": [8, 11, 8.75, 12.75], "texture": "#1"},
				"east": {"uv": [11, 8.5, 11.75, 10.25], "texture": "#1"},
				"south": {"uv": [5, 11.5, 5.75, 13.25], "texture": "#1"},
				"west": {"uv": [11.5, 10.5, 12.25, 12.25], "texture": "#1"},
				"up": {"uv": [5.75, 14.25, 5, 13.5], "texture": "#1"},
				"down": {"uv": [14.25, 5, 13.5, 5.75], "texture": "#1"}
			}
		},
		{
			"from": [3.49457, 0.69731, 7.5],
			"to": [4.99457, 1.69731, 8.5],
			"rotation": {"angle": -45, "axis": "z", "origin": [4.24457, 2.44731, 8]},
			"faces": {
				"north": {"uv": [4, 14.5, 4.75, 15], "texture": "#1"},
				"east": {"uv": [14.5, 7, 15, 7.5], "texture": "#1"},
				"south": {"uv": [14.5, 4, 15.25, 4.5], "texture": "#1"},
				"west": {"uv": [14.5, 7.5, 15, 8], "texture": "#1"},
				"up": {"uv": [15.25, 5, 14.5, 4.5], "texture": "#1"},
				"down": {"uv": [5.75, 14.5, 5, 15], "texture": "#1"}
			}
		}
	],
	"display": {
		"thirdperson_righthand": {
			"rotation": [0, 90, 0],
			"translation": [0, 7.75, 1.25],
			"scale": [0.71, 0.72, 0.73]
		},
		"thirdperson_lefthand": {
			"rotation": [0, 90, 0],
			"translation": [0, 7.75, 1.25],
			"scale": [0.71, 0.72, 0.73]
		},
		"firstperson_righthand": {
			"rotation": [0, 85.25, 0],
			"translation": [3.25, 9.5, -0.25],
			"scale": [0.49, 0.67, 0.45]
		},
		"firstperson_lefthand": {
			"rotation": [0, -90, 0],
			"translation": [3.75, 9.5, -0.25],
			"scale": [0.49, 0.67, 0.45]
		},
		"ground": {
			"rotation": [90, 0, 0],
			"scale": [0.75, 0.75, 0.76]
		},
		"gui": {
			"rotation": [0, 0, -45],
			"translation": [1.5, 1.5, 0],
			"scale": [0.64, 0.66, 0.7]
		},
		"fixed": {
			"translation": [0, 0, -1.25]
		}
	}
}