{
	"credit": "Made with Blockbench",
	"texture_size": [32, 32],
	"textures": {
		"1": "item/weapons/sword_amethyst",
		"2": "item/weapons/sword_amethyst_effect",
		"particle": "item/weapons/sword_amethyst_effect"
	},
	"elements": [
		{
			"from": [7, -8, 7.25],
			"to": [9, -2, 8.75],
			"rotation": {"angle": 0, "axis": "y", "origin": [8, 3.69573, 8]},
			"faces": {
				"north": {"uv": [8, 10.5, 9, 13.5], "texture": "#1"},
				"east": {"uv": [11, 9, 11.75, 12], "texture": "#1"},
				"south": {"uv": [9, 11, 10, 14], "texture": "#1"},
				"west": {"uv": [10, 11, 10.75, 14], "texture": "#1"},
				"up": {"uv": [14, 11.75, 13, 11], "texture": "#1"},
				"down": {"uv": [14, 12.5, 13, 13.25], "texture": "#1"}
			}
		},
		{
			"from": [6.5, -9, 6.75],
			"to": [9.5, -8, 9.25],
			"rotation": {"angle": 0, "axis": "y", "origin": [8, 3.69573, 8]},
			"faces": {
				"north": {"uv": [13.5, 0, 15, 0.5], "texture": "#1"},
				"east": {"uv": [13.5, 1, 14.75, 1.5], "texture": "#1"},
				"south": {"uv": [13.5, 0.5, 15, 1], "texture": "#1"},
				"west": {"uv": [13.5, 8, 14.75, 8.5], "texture": "#1"},
				"up": {"uv": [5.5, 13.25, 4, 12], "texture": "#1"},
				"down": {"uv": [13.5, 8, 12, 9.25], "texture": "#1"}
			}
		},
		{
			"from": [7.1, -11, 7.25],
			"to": [8.1, -9, 8.75],
			"rotation": {"angle": -45, "axis": "y", "origin": [7.6, -10, 8]},
			"faces": {
				"north": {"uv": [11.5, 8, 12, 9], "texture": "#1"},
				"east": {"uv": [4, 13.5, 4.75, 14.5], "texture": "#1"},
				"south": {"uv": [5.5, 12, 6, 13], "texture": "#1"},
				"west": {"uv": [5, 13.5, 5.75, 14.5], "texture": "#1"},
				"up": {"uv": [13.5, 14.25, 13, 13.5], "texture": "#1"},
				"down": {"uv": [14, 13.5, 13.5, 14.25], "texture": "#1"}
			}
		},
		{
			"from": [8.1, -10.5, 7.5],
			"to": [9.1, -9, 8.5],
			"rotation": {"angle": -22.5, "axis": "y", "origin": [8.6, -10, 8]},
			"faces": {
				"north": {"uv": [0, 14, 0.5, 14.75], "texture": "#1"},
				"east": {"uv": [0.5, 14, 1, 14.75], "texture": "#1"},
				"south": {"uv": [1, 14, 1.5, 14.75], "texture": "#1"},
				"west": {"uv": [1.5, 14, 2, 14.75], "texture": "#1"},
				"up": {"uv": [13, 2, 12.5, 1.5], "texture": "#1"},
				"down": {"uv": [6, 13, 5.5, 13.5], "texture": "#1"}
			}
		},
		{
			"from": [5.5, 0, 6],
			"to": [7.5, 7, 8],
			"rotation": {"angle": -45, "axis": "y", "origin": [6.5, 3.5, 7]},
			"faces": {
				"north": {"uv": [10.5, 2, 11.5, 5.5], "texture": "#1"},
				"east": {"uv": [10.5, 5.5, 11.5, 9], "texture": "#1"},
				"south": {"uv": [6, 10.5, 7, 14], "texture": "#1"},
				"west": {"uv": [7, 10.5, 8, 14], "texture": "#1"},
				"up": {"uv": [13, 12, 12, 11], "texture": "#1"},
				"down": {"uv": [14, 3, 13, 4], "texture": "#1"}
			}
		},
		{
			"from": [8, 0, 6],
			"to": [10, 4, 8],
			"rotation": {"angle": -22.5, "axis": "y", "origin": [9, 2, 7]},
			"faces": {
				"north": {"uv": [0, 12, 1, 14], "texture": "#1"},
				"east": {"uv": [1, 12, 2, 14], "texture": "#1"},
				"south": {"uv": [2, 12, 3, 14], "texture": "#1"},
				"west": {"uv": [3, 12, 4, 14], "texture": "#1"},
				"up": {"uv": [14, 5, 13, 4], "texture": "#1"},
				"down": {"uv": [14, 5, 13, 6], "texture": "#1"}
			}
		},
		{
			"from": [5.5, 0, 8.75],
			"to": [7, 3, 10.25],
			"rotation": {"angle": -45, "axis": "y", "origin": [6.25, 1.5, 9.5]},
			"faces": {
				"north": {"uv": [12.5, 0, 13.25, 1.5], "texture": "#1"},
				"east": {"uv": [11, 12.5, 11.75, 14], "texture": "#1"},
				"south": {"uv": [12, 12.5, 12.75, 14], "texture": "#1"},
				"west": {"uv": [13, 1.5, 13.75, 3], "texture": "#1"},
				"up": {"uv": [8.75, 14.25, 8, 13.5], "texture": "#1"},
				"down": {"uv": [14.25, 8.5, 13.5, 9.25], "texture": "#1"}
			}
		},
		{
			"from": [7.5, 0, 7.5],
			"to": [10.5, 9, 10.5],
			"rotation": {"angle": 22.5, "axis": "y", "origin": [9, 4.5, 9]},
			"faces": {
				"north": {"uv": [6, 6, 7.5, 10.5], "texture": "#1"},
				"east": {"uv": [7.5, 6, 9, 10.5], "texture": "#1"},
				"south": {"uv": [9, 0, 10.5, 4.5], "texture": "#1"},
				"west": {"uv": [9, 4.5, 10.5, 9], "texture": "#1"},
				"up": {"uv": [13, 3.5, 11.5, 2], "texture": "#1"},
				"down": {"uv": [13, 3.5, 11.5, 5], "texture": "#1"}
			}
		},
		{
			"from": [6.5, 0, 6.75],
			"to": [9.5, 24, 9.75],
			"rotation": {"angle": -22.5, "axis": "y", "origin": [8, 12, 8.25]},
			"faces": {
				"north": {"uv": [0, 0, 1.5, 12], "texture": "#1"},
				"east": {"uv": [1.5, 0, 3, 12], "texture": "#1"},
				"south": {"uv": [3, 0, 4.5, 12], "texture": "#1"},
				"west": {"uv": [4.5, 0, 6, 12], "texture": "#1"},
				"up": {"uv": [13, 6.5, 11.5, 5], "texture": "#1"},
				"down": {"uv": [13, 6.5, 11.5, 8], "texture": "#1"}
			}
		},
		{
			"from": [5, -1, 5],
			"to": [11, 0, 11],
			"rotation": {"angle": 0, "axis": "y", "origin": [7.5, -1.30427, 8.5]},
			"faces": {
				"north": {"uv": [12, 9.5, 15, 10], "texture": "#1"},
				"east": {"uv": [12, 10, 15, 10.5], "texture": "#1"},
				"south": {"uv": [12, 10.5, 15, 11], "texture": "#1"},
				"west": {"uv": [11, 12, 14, 12.5], "texture": "#1"},
				"up": {"uv": [9, 3, 6, 0], "texture": "#1"},
				"down": {"uv": [9, 3, 6, 6], "texture": "#1"}
			}
		},
		{
			"from": [6, -2, 6],
			"to": [10, -1, 10],
			"rotation": {"angle": 0, "axis": "y", "origin": [7.5, -1.30427, 8.5]},
			"faces": {
				"north": {"uv": [13, 6, 15, 6.5], "texture": "#1"},
				"east": {"uv": [13, 6.5, 15, 7], "texture": "#1"},
				"south": {"uv": [13, 7, 15, 7.5], "texture": "#1"},
				"west": {"uv": [13, 7.5, 15, 8], "texture": "#1"},
				"up": {"uv": [11, 11, 9, 9], "texture": "#1"},
				"down": {"uv": [12.5, 0, 10.5, 2], "texture": "#1"}
			}
		},
		{
			"from": [5.25, 2, 4.999],
			"to": [10.75, 10, 4.999],
			"rotation": {"angle": 22.5, "axis": "y", "origin": [8, 13.69573, 7.999]},
			"faces": {
				"north": {"uv": [0, 0, 5.5, 8], "texture": "#2"},
				"east": {"uv": [0, 0, 0, 4], "texture": "#2"},
				"south": {"uv": [0.5, 15.5, 0, 16], "texture": "#2"},
				"west": {"uv": [0, 0, 0, 4], "texture": "#2"},
				"up": {"uv": [2.75, 0, 0, 0], "texture": "#2"},
				"down": {"uv": [2.75, 0, 0, 0], "texture": "#2"}
			}
		},
		{
			"from": [5.25, 14, 10.749],
			"to": [10.75, 22, 10.749],
			"rotation": {"angle": -22.5, "axis": "y", "origin": [8, 18, 7.999]},
			"faces": {
				"north": {"uv": [0.5, 15.5, 0, 16], "texture": "#2"},
				"east": {"uv": [0, 0, 0, 4], "texture": "#2"},
				"south": {"uv": [5.5, 8, 11, 16], "texture": "#2"},
				"west": {"uv": [0, 0, 0, 4], "texture": "#2"},
				"up": {"uv": [2.75, 0, 0, 0], "texture": "#2"},
				"down": {"uv": [2.75, 0, 0, 0], "texture": "#2"}
			}
		}
	],
	"display": {
		"thirdperson_righthand": {
			"rotation": [0, 90, 0],
			"translation": [0, 7, 1.25],
			"scale": [0.7, 0.7, 0.7]
		},
		"thirdperson_lefthand": {
			"rotation": [0, -90, 0],
			"translation": [0, 7, 1.25],
			"scale": [0.7, 0.7, 0.7]
		},
		"firstperson_righthand": {
			"rotation": [0, 90, 0],
			"translation": [3.5, 7.25, 0.25],
			"scale": [0.53, 0.54, 0.52]
		},
		"firstperson_lefthand": {
			"rotation": [0, -90, 0],
			"translation": [3.5, 7.25, 0.25],
			"scale": [0.53, 0.54, 0.52]
		},
		"ground": {
			"rotation": [-28.67, -21.45, 73.1],
			"scale": [0.73, 0.71, 0.71]
		},
		"gui": {
			"rotation": [0, 0, -45],
			"translation": [0.75, 0.75, 0],
			"scale": [0.55, 0.54, 0.63]
		},
		"fixed": {
			"translation": [0, 0, -2.25]
		}
	}
}