{"textures":{"0":"modelengine:entity/qmob_silkfang"},"elements":[{"from":[7.4375,0.5307932,7.619212],"to":[9.3125,8.030793,9.119212],"faces":{"east":{"uv":[9.625,0.0,9.875,1.25],"tintindex":0,"rotation":0,"texture":"#0"},"south":{"uv":[1.25,8.25,1.625,9.5],"tintindex":0,"rotation":0,"texture":"#0"},"north":{"uv":[0.875,8.25,1.25,9.5],"tintindex":0,"rotation":0,"texture":"#0"},"west":{"uv":[9.625,1.25,9.875,2.5],"tintindex":0,"rotation":0,"texture":"#0"},"up":{"uv":[10.125,10.75,9.75,10.5],"tintindex":0,"rotation":0,"texture":"#0"},"down":{"uv":[1.75,10.625,1.375,10.875],"tintindex":0,"rotation":0,"texture":"#0"}},"rotation":{"origin":[7.8125,6.155793,8.369212],"angle":22.5,"axis":"z"}},{"from":[11.9375,4.093293,7.431712],"to":[13.8125,10.843293,9.306712],"faces":{"east":{"uv":[8.75,3.5,9.125,4.625],"tintindex":0,"rotation":0,"texture":"#0"},"south":{"uv":[8.875,0.0,9.25,1.125],"tintindex":0,"rotation":0,"texture":"#0"},"north":{"uv":[8.75,2.375,9.125,3.5],"tintindex":0,"rotation":0,"texture":"#0"},"west":{"uv":[8.875,4.625,9.25,5.75],"tintindex":0,"rotation":0,"texture":"#0"},"up":{"uv":[3.5,10.5,3.125,10.125],"tintindex":0,"rotation":0,"texture":"#0"},"down":{"uv":[4.625,10.125,4.25,10.5],"tintindex":0,"rotation":0,"texture":"#0"}},"rotation":{"origin":[7.8125,6.155793,8.369212],"angle":-45.0,"axis":"z"}},{"from":[13.102476,-4.5905275,7.619212],"to":[15.164976,5.1594725,9.119212],"faces":{"east":{"uv":[3.75,9.0,4.0,10.625],"tintindex":0,"rotation":0,"texture":"#0"},"south":{"uv":[5.25,7.5,5.625,9.125],"tintindex":0,"rotation":0,"texture":"#0"},"north":{"uv":[4.875,7.5,5.25,9.125],"tintindex":0,"rotation":0,"texture":"#0"},"west":{"uv":[5.625,9.0,5.875,10.625],"tintindex":0,"rotation":0,"texture":"#0"},"up":{"uv":[2.125,10.875,1.75,10.625],"tintindex":0,"rotation":0,"texture":"#0"},"down":{"uv":[11.0,2.125,10.625,2.375],"tintindex":0,"rotation":0,"texture":"#0"}}}],"display":{"gui":{"rotation":[30,225,0]}}}