{"textures":{"0":"modelengine:entity/qmob_silkfang"},"elements":[{"from":[3.125,2.3986578,9.886429],"to":[12.875,7.6486588,16.636429],"faces":{"east":{"uv":[6.0,3.875,7.125,4.75],"tintindex":0,"rotation":0,"texture":"#0"},"south":{"uv":[4.375,3.875,6.0,4.75],"tintindex":0,"rotation":0,"texture":"#0"},"north":{"uv":[1.5,4.125,3.125,5.0],"tintindex":0,"rotation":0,"texture":"#0"},"west":{"uv":[0.0,6.125,1.125,7.0],"tintindex":0,"rotation":0,"texture":"#0"},"up":{"uv":[4.75,3.875,3.125,2.75],"tintindex":0,"rotation":0,"texture":"#0"},"down":{"uv":[4.875,0.0,3.25,1.125],"tintindex":0,"rotation":0,"texture":"#0"}},"rotation":{"origin":[8.0,7.1799088,14.76143],"angle":22.5,"axis":"x"}},{"from":[5.0,1.8361578,16.261429],"to":[11.0,6.3361588,19.636429],"faces":{"east":{"uv":[8.125,1.25,8.75,2.0],"tintindex":0,"rotation":0,"texture":"#0"},"south":{"uv":[0.0,7.0,1.0,7.75],"tintindex":0,"rotation":0,"texture":"#0"},"north":{"uv":[2.125,6.875,3.125,7.625],"tintindex":0,"rotation":0,"texture":"#0"},"west":{"uv":[8.125,2.0,8.75,2.75],"tintindex":0,"rotation":0,"texture":"#0"},"up":{"uv":[8.375,0.625,7.375,0.0],"tintindex":0,"rotation":0,"texture":"#0"},"down":{"uv":[8.375,5.5,7.375,6.125],"tintindex":0,"rotation":0,"texture":"#0"}},"rotation":{"origin":[8.0,7.0861588,18.698929],"angle":22.5,"axis":"x"}},{"from":[8.75,2.9658728,18.143486],"to":[10.25,4.465873,20.768486],"faces":{"east":{"uv":[10.375,10.125,10.75,10.375],"tintindex":0,"rotation":0,"texture":"#0"},"south":{"uv":[4.0,10.625,4.25,10.875],"tintindex":0,"rotation":0,"texture":"#0"},"north":{"uv":[2.125,10.625,2.375,10.875],"tintindex":0,"rotation":0,"texture":"#0"},"west":{"uv":[10.375,10.375,10.75,10.625],"tintindex":0,"rotation":0,"texture":"#0"},"up":{"uv":[8.875,5.0,8.625,4.625],"tintindex":0,"rotation":0,"texture":"#0"},"down":{"uv":[9.5,5.375,9.25,5.75],"tintindex":0,"rotation":0,"texture":"#0"}},"rotation":{"origin":[9.5,3.7158728,20.955986],"angle":22.5,"axis":"x"}},{"from":[5.75,1.0238285,23.568668],"to":[6.3125,1.7738285,26.943668],"faces":{"east":{"uv":[2.125,5.875,2.75,6.0],"tintindex":0,"rotation":0,"texture":"#0"},"south":{"uv":[1.5,10.125,1.625,10.25],"tintindex":0,"rotation":0,"texture":"#0"},"north":{"uv":[9.375,10.0,9.5,10.125],"tintindex":0,"rotation":0,"texture":"#0"},"west":{"uv":[6.25,3.75,6.875,3.875],"tintindex":0,"rotation":0,"texture":"#0"},"up":{"uv":[1.625,3.625,1.5,3.0],"tintindex":0,"rotation":0,"texture":"#0"},"down":{"uv":[1.25,6.125,1.125,6.75],"tintindex":0,"rotation":0,"texture":"#0"}},"rotation":{"origin":[6.3125,2.7113285,23.381168],"angle":45.0,"axis":"x"}},{"from":[9.6875,1.0238285,23.568668],"to":[10.25,1.7738285,26.943668],"faces":{"east":{"uv":[3.25,6.625,3.875,6.75],"tintindex":0,"rotation":0,"texture":"#0"},"south":{"uv":[1.5,10.25,1.625,10.375],"tintindex":0,"rotation":0,"texture":"#0"},"north":{"uv":[9.375,10.125,9.5,10.25],"tintindex":0,"rotation":0,"texture":"#0"},"west":{"uv":[6.75,5.5,7.375,5.625],"tintindex":0,"rotation":0,"texture":"#0"},"up":{"uv":[3.25,7.5,3.125,6.875],"tintindex":0,"rotation":0,"texture":"#0"},"down":{"uv":[4.125,7.75,4.0,8.375],"tintindex":0,"rotation":0,"texture":"#0"}},"rotation":{"origin":[9.6875,2.7113285,23.381168],"angle":45.0,"axis":"x"}},{"from":[4.8125,0.6488285,20.193668],"to":[7.4375,2.1488285,23.568668],"faces":{"east":{"uv":[10.0,8.625,10.625,8.875],"tintindex":0,"rotation":0,"texture":"#0"},"south":{"uv":[10.25,7.0,10.75,7.25],"tintindex":0,"rotation":0,"texture":"#0"},"north":{"uv":[10.25,6.75,10.75,7.0],"tintindex":0,"rotation":0,"texture":"#0"},"west":{"uv":[10.0,8.875,10.625,9.125],"tintindex":0,"rotation":0,"texture":"#0"},"up":{"uv":[3.5,10.125,3.0,9.5],"tintindex":0,"rotation":0,"texture":"#0"},"down":{"uv":[10.0,3.375,9.5,4.0],"tintindex":0,"rotation":0,"texture":"#0"}},"rotation":{"origin":[6.3125,2.7113285,23.381168],"angle":45.0,"axis":"x"}},{"from":[3.5,4.836158,6.886429],"to":[12.5,9.336159,12.13643],"faces":{"east":{"uv":[7.25,6.5,8.125,7.25],"tintindex":0,"rotation":0,"texture":"#0"},"south":{"uv":[4.875,0.0,6.375,0.75],"tintindex":0,"rotation":0,"texture":"#0"},"north":{"uv":[4.75,3.125,6.25,3.875],"tintindex":0,"rotation":0,"texture":"#0"},"west":{"uv":[7.25,7.25,8.125,8.0],"tintindex":0,"rotation":0,"texture":"#0"},"up":{"uv":[1.5,5.25,0.0,4.375],"tintindex":0,"rotation":0,"texture":"#0"},"down":{"uv":[6.0,1.125,4.5,2.0],"tintindex":0,"rotation":0,"texture":"#0"}},"rotation":{"origin":[8.0,7.0861588,9.511429],"angle":22.5,"axis":"x"}},{"from":[4.25,1.2736578,10.636429],"to":[11.75,6.5236588,18.136429],"faces":{"east":{"uv":[2.75,5.125,4.0,6.0],"tintindex":0,"rotation":0,"texture":"#0"},"south":{"uv":[0.0,5.25,1.25,6.125],"tintindex":0,"rotation":0,"texture":"#0"},"north":{"uv":[1.5,5.0,2.75,5.875],"tintindex":0,"rotation":0,"texture":"#0"},"west":{"uv":[5.5,4.75,6.75,5.625],"tintindex":0,"rotation":0,"texture":"#0"},"up":{"uv":[4.5,2.375,3.25,1.125],"tintindex":0,"rotation":0,"texture":"#0"},"down":{"uv":[4.375,3.875,3.125,5.125],"tintindex":0,"rotation":0,"texture":"#0"}},"rotation":{"origin":[8.0,7.1799088,18.886429],"angle":22.5,"axis":"x"}},{"from":[8.5625,0.6488285,20.193668],"to":[11.1875,2.1488285,23.568668],"faces":{"east":{"uv":[10.0,8.125,10.625,8.375],"tintindex":0,"rotation":0,"texture":"#0"},"south":{"uv":[10.25,6.5,10.75,6.75],"tintindex":0,"rotation":0,"texture":"#0"},"north":{"uv":[10.25,6.25,10.75,6.5],"tintindex":0,"rotation":0,"texture":"#0"},"west":{"uv":[10.0,8.375,10.625,8.625],"tintindex":0,"rotation":0,"texture":"#0"},"up":{"uv":[1.5,10.125,1.0,9.5],"tintindex":0,"rotation":0,"texture":"#0"},"down":{"uv":[3.0,9.5,2.5,10.125],"tintindex":0,"rotation":0,"texture":"#0"}},"rotation":{"origin":[9.6875,2.7113285,23.381168],"angle":45.0,"axis":"x"}},{"from":[5.75,2.9658728,18.143486],"to":[7.25,4.465873,20.768486],"faces":{"east":{"uv":[0.0,10.5,0.375,10.75],"tintindex":0,"rotation":0,"texture":"#0"},"south":{"uv":[10.625,7.5,10.875,7.75],"tintindex":0,"rotation":0,"texture":"#0"},"north":{"uv":[5.625,10.625,5.875,10.875],"tintindex":0,"rotation":0,"texture":"#0"},"west":{"uv":[10.5,0.0,10.875,0.25],"tintindex":0,"rotation":0,"texture":"#0"},"up":{"uv":[10.75,0.625,10.5,0.25],"tintindex":0,"rotation":0,"texture":"#0"},"down":{"uv":[0.625,10.5,0.375,10.875],"tintindex":0,"rotation":0,"texture":"#0"}},"rotation":{"origin":[6.5,3.7158728,20.955986],"angle":22.5,"axis":"x"}}],"display":{"gui":{"rotation":[30,225,0]}}}