{"textures":{"0":"modelengine:entity/qmob_silkfang"},"elements":[{"from":[6.6875,7.0352383,5.7326374],"to":[9.3125,10.597738,7.9826374],"faces":{"east":{"uv":[9.875,6.25,10.25,6.875],"tintindex":0,"rotation":0,"texture":"#0"},"south":{"uv":[2.0,9.375,2.5,10.0],"tintindex":0,"rotation":0,"texture":"#0"},"north":{"uv":[9.125,6.75,9.625,7.375],"tintindex":0,"rotation":0,"texture":"#0"},"west":{"uv":[9.875,6.875,10.25,7.5],"tintindex":0,"rotation":0,"texture":"#0"},"up":{"uv":[10.5,6.0,10.0,5.625],"tintindex":0,"rotation":0,"texture":"#0"},"down":{"uv":[10.5,7.75,10.0,8.125],"tintindex":0,"rotation":0,"texture":"#0"}},"rotation":{"origin":[8.0,8.722738,5.7326374],"angle":-22.5,"axis":"x"}},{"from":[6.3125,4.0085883,-5.4208527],"to":[6.6875,6.071088,-4.6708527],"faces":{"east":{"uv":[3.5,8.375,3.625,8.75],"tintindex":0,"rotation":0,"texture":"#0"},"south":{"uv":[4.0,8.375,4.125,8.75],"tintindex":0,"rotation":0,"texture":"#0"},"north":{"uv":[8.0,6.125,8.125,6.5],"tintindex":0,"rotation":0,"texture":"#0"},"west":{"uv":[8.375,5.125,8.5,5.5],"tintindex":0,"rotation":0,"texture":"#0"},"up":{"uv":[9.625,6.75,9.5,6.625],"tintindex":0,"rotation":0,"texture":"#0"},"down":{"uv":[9.0,9.625,8.875,9.75],"tintindex":0,"rotation":0,"texture":"#0"}},"rotation":{"origin":[8.0,5.2273383,-5.3271027],"angle":22.5,"axis":"x"}},{"from":[10.4375,7.7852383,-1.3923626],"to":[11.0,9.472738,0.4826374],"faces":{"east":{"uv":[5.0,10.375,5.375,10.625],"tintindex":0,"rotation":0,"texture":"#0"},"south":{"uv":[8.0,1.25,8.125,1.5],"tintindex":0,"rotation":0,"texture":"#0"},"north":{"uv":[1.125,6.75,1.25,7.0],"tintindex":0,"rotation":0,"texture":"#0"},"west":{"uv":[10.375,9.875,10.75,10.125],"tintindex":0,"rotation":0,"texture":"#0"},"up":{"uv":[8.5,5.875,8.375,5.5],"tintindex":0,"rotation":0,"texture":"#0"},"down":{"uv":[4.125,8.75,4.0,9.125],"tintindex":0,"rotation":0,"texture":"#0"}},"rotation":{"origin":[10.625,8.628988,-0.6423626],"angle":-22.5,"axis":"x"}},{"from":[5.75,7.0352383,-3.8298626],"to":[10.25,10.597738,-0.8298626],"faces":{"east":{"uv":[8.125,7.375,8.625,8.0],"tintindex":0,"rotation":0,"texture":"#0"},"south":{"uv":[8.0,3.75,8.75,4.375],"tintindex":0,"rotation":0,"texture":"#0"},"north":{"uv":[3.25,6.0,4.0,6.625],"tintindex":0,"rotation":0,"texture":"#0"},"west":{"uv":[8.375,0.0,8.875,0.625],"tintindex":0,"rotation":0,"texture":"#0"},"up":{"uv":[9.75,8.5,9.0,8.0],"tintindex":0,"rotation":0,"texture":"#0"},"down":{"uv":[9.75,8.5,9.0,9.0],"tintindex":0,"rotation":0,"texture":"#0"}},"rotation":{"origin":[8.0,7.8789883,-3.7361126],"angle":45.0,"axis":"x"}},{"from":[5.375,5.7227383,0.8576374],"to":[10.625,9.472738,7.6076374],"faces":{"east":{"uv":[1.0,7.0,2.125,7.625],"tintindex":0,"rotation":0,"texture":"#0"},"south":{"uv":[1.875,7.625,2.75,8.25],"tintindex":0,"rotation":0,"texture":"#0"},"north":{"uv":[1.0,7.625,1.875,8.25],"tintindex":0,"rotation":0,"texture":"#0"},"west":{"uv":[7.0,1.625,8.125,2.25],"tintindex":0,"rotation":0,"texture":"#0"},"up":{"uv":[6.375,6.75,5.5,5.625],"tintindex":0,"rotation":0,"texture":"#0"},"down":{"uv":[2.125,5.875,1.25,7.0],"tintindex":0,"rotation":0,"texture":"#0"}}},{"from":[6.5,7.0352383,8.170137],"to":[9.5,10.785238,12.295137],"faces":{"east":{"uv":[7.125,8.0,7.875,8.625],"tintindex":0,"rotation":0,"texture":"#0"},"south":{"uv":[0.5,9.5,1.0,10.125],"tintindex":0,"rotation":0,"texture":"#0"},"north":{"uv":[0.0,9.5,0.5,10.125],"tintindex":0,"rotation":0,"texture":"#0"},"west":{"uv":[7.875,8.0,8.625,8.625],"tintindex":0,"rotation":0,"texture":"#0"},"up":{"uv":[9.5,9.75,9.0,9.0],"tintindex":0,"rotation":0,"texture":"#0"},"down":{"uv":[9.625,1.125,9.125,1.875],"tintindex":0,"rotation":0,"texture":"#0"}},"rotation":{"origin":[8.0,8.722738,5.7326374],"angle":-22.5,"axis":"x"}},{"from":[6.125,9.097738,0.107637405],"to":[9.875,10.785238,2.5451374],"faces":{"east":{"uv":[10.375,2.875,10.75,3.125],"tintindex":0,"rotation":0,"texture":"#0"},"south":{"uv":[10.0,6.0,10.625,6.25],"tintindex":0,"rotation":0,"texture":"#0"},"north":{"uv":[7.125,4.5,7.75,4.75],"tintindex":0,"rotation":0,"texture":"#0"},"west":{"uv":[10.375,3.125,10.75,3.375],"tintindex":0,"rotation":0,"texture":"#0"},"up":{"uv":[3.875,2.75,3.25,2.375],"tintindex":0,"rotation":0,"texture":"#0"},"down":{"uv":[4.5,2.375,3.875,2.75],"tintindex":0,"rotation":0,"texture":"#0"}},"rotation":{"origin":[8.0,9.753988,-0.4548626],"angle":22.5,"axis":"x"}},{"from":[6.5,8.722738,1.0451374],"to":[9.5,10.410238,3.6701374],"faces":{"east":{"uv":[10.25,1.625,10.75,1.875],"tintindex":0,"rotation":0,"texture":"#0"},"south":{"uv":[10.25,1.875,10.75,2.125],"tintindex":0,"rotation":0,"texture":"#0"},"north":{"uv":[4.625,10.125,5.125,10.375],"tintindex":0,"rotation":0,"texture":"#0"},"west":{"uv":[10.25,3.875,10.75,4.125],"tintindex":0,"rotation":0,"texture":"#0"},"up":{"uv":[10.125,3.0,9.625,2.5],"tintindex":0,"rotation":0,"texture":"#0"},"down":{"uv":[10.375,1.125,9.875,1.625],"tintindex":0,"rotation":0,"texture":"#0"}},"rotation":{"origin":[8.0,9.660238,1.5138874],"angle":22.5,"axis":"x"}},{"from":[6.6875,8.434826,2.471375],"to":[9.3125,9.934826,4.533875],"faces":{"east":{"uv":[10.375,3.375,10.75,3.625],"tintindex":0,"rotation":0,"texture":"#0"},"south":{"uv":[10.25,4.375,10.75,4.625],"tintindex":0,"rotation":0,"texture":"#0"},"north":{"uv":[10.25,4.125,10.75,4.375],"tintindex":0,"rotation":0,"texture":"#0"},"west":{"uv":[4.625,10.375,5.0,10.625],"tintindex":0,"rotation":0,"texture":"#0"},"up":{"uv":[6.0,1.125,5.5,0.75],"tintindex":0,"rotation":0,"texture":"#0"},"down":{"uv":[10.5,5.25,10.0,5.625],"tintindex":0,"rotation":0,"texture":"#0"}},"rotation":{"origin":[8.0,8.997326,3.502625],"angle":22.5,"axis":"x"}},{"from":[2.330226,6.0977383,-2.8598938],"to":[4.205226,6.6602383,-1.1723938],"faces":{"east":{"uv":[1.25,5.75,1.5,5.875],"tintindex":0,"rotation":0,"texture":"#0"},"south":{"uv":[4.0,5.75,4.375,5.875],"tintindex":0,"rotation":0,"texture":"#0"},"north":{"uv":[2.75,5.0,3.125,5.125],"tintindex":0,"rotation":0,"texture":"#0"},"west":{"uv":[6.875,3.75,7.125,3.875],"tintindex":0,"rotation":0,"texture":"#0"},"up":{"uv":[6.25,3.125,5.875,2.875],"tintindex":0,"rotation":0,"texture":"#0"},"down":{"uv":[5.5,6.5,5.125,6.75],"tintindex":0,"rotation":0,"texture":"#0"}},"rotation":{"origin":[2.892726,6.3789883,-1.2661438],"angle":-45.0,"axis":"y"}},{"from":[3.6875,5.9102383,-1.2048626],"to":[6.3125,6.8477383,-0.2673626],"faces":{"east":{"uv":[3.875,6.625,4.0,6.75],"tintindex":0,"rotation":0,"texture":"#0"},"south":{"uv":[7.375,0.625,7.875,0.75],"tintindex":0,"rotation":0,"texture":"#0"},"north":{"uv":[7.125,1.5,7.625,1.625],"tintindex":0,"rotation":0,"texture":"#0"},"west":{"uv":[3.125,7.5,3.25,7.625],"tintindex":0,"rotation":0,"texture":"#0"},"up":{"uv":[8.125,1.625,7.625,1.5],"tintindex":0,"rotation":0,"texture":"#0"},"down":{"uv":[3.25,7.625,2.75,7.75],"tintindex":0,"rotation":0,"texture":"#0"}},"rotation":{"origin":[4.625,6.3789883,-0.5486126],"angle":-22.5,"axis":"y"}},{"from":[6.125,5.311666,-4.7901096],"to":[6.875,8.311666,-3.8526096],"faces":{"east":{"uv":[7.125,7.5,7.25,8.0],"tintindex":0,"rotation":0,"texture":"#0"},"south":{"uv":[0.875,7.75,1.0,8.25],"tintindex":0,"rotation":0,"texture":"#0"},"north":{"uv":[1.5,3.625,1.625,4.125],"tintindex":0,"rotation":0,"texture":"#0"},"west":{"uv":[0.75,8.375,0.875,8.875],"tintindex":0,"rotation":0,"texture":"#0"},"up":{"uv":[0.875,9.5,0.75,9.375],"tintindex":0,"rotation":0,"texture":"#0"},"down":{"uv":[9.625,4.25,9.5,4.375],"tintindex":0,"rotation":0,"texture":"#0"}},"rotation":{"origin":[8.0,6.1554155,-4.1338596],"angle":45.0,"axis":"x"}},{"from":[5.5625,5.9102383,-1.9548626],"to":[10.4375,9.847738,1.6076374],"faces":{"east":{"uv":[8.125,2.75,8.75,3.375],"tintindex":0,"rotation":0,"texture":"#0"},"south":{"uv":[2.75,7.75,3.625,8.375],"tintindex":0,"rotation":0,"texture":"#0"},"north":{"uv":[0.0,7.75,0.875,8.375],"tintindex":0,"rotation":0,"texture":"#0"},"west":{"uv":[5.875,9.0,6.5,9.625],"tintindex":0,"rotation":0,"texture":"#0"},"up":{"uv":[8.625,5.125,7.75,4.5],"tintindex":0,"rotation":0,"texture":"#0"},"down":{"uv":[8.875,0.625,8.0,1.25],"tintindex":0,"rotation":0,"texture":"#0"}}},{"from":[11.794774,6.172739,-4.734894],"to":[13.107274,6.547739,-1.9223938],"faces":{"east":{"uv":[5.125,10.625,5.625,10.75],"tintindex":0,"rotation":0,"texture":"#0"},"south":{"uv":[10.0,3.875,10.25,4.0],"tintindex":0,"rotation":0,"texture":"#0"},"north":{"uv":[2.5,9.375,2.75,9.5],"tintindex":0,"rotation":0,"texture":"#0"},"west":{"uv":[10.625,6.0,11.125,6.125],"tintindex":0,"rotation":0,"texture":"#0"},"up":{"uv":[6.375,7.25,6.125,6.75],"tintindex":0,"rotation":0,"texture":"#0"},"down":{"uv":[7.25,2.25,7.0,2.75],"tintindex":0,"rotation":0,"texture":"#0"}}},{"from":[5.0,6.8477383,6.8576374],"to":[11.0,11.347738,12.107637],"faces":{"east":{"uv":[7.125,0.75,8.0,1.5],"tintindex":0,"rotation":0,"texture":"#0"},"south":{"uv":[4.125,6.75,5.125,7.5],"tintindex":0,"rotation":0,"texture":"#0"},"north":{"uv":[6.375,0.0,7.375,0.75],"tintindex":0,"rotation":0,"texture":"#0"},"west":{"uv":[7.125,3.75,8.0,4.5],"tintindex":0,"rotation":0,"texture":"#0"},"up":{"uv":[7.25,3.75,6.25,2.875],"tintindex":0,"rotation":0,"texture":"#0"},"down":{"uv":[7.375,5.625,6.375,6.5],"tintindex":0,"rotation":0,"texture":"#0"}},"rotation":{"origin":[8.0,7.2227383,10.982637],"angle":-22.5,"axis":"x"}},{"from":[2.892726,6.172739,-4.734894],"to":[4.205226,6.547739,-1.9223938],"faces":{"east":{"uv":[3.5,10.625,4.0,10.75],"tintindex":0,"rotation":0,"texture":"#0"},"south":{"uv":[8.875,1.125,9.125,1.25],"tintindex":0,"rotation":0,"texture":"#0"},"north":{"uv":[8.625,5.0,8.875,5.125],"tintindex":0,"rotation":0,"texture":"#0"},"west":{"uv":[4.625,10.625,5.125,10.75],"tintindex":0,"rotation":0,"texture":"#0"},"up":{"uv":[4.75,2.5,4.5,2.0],"tintindex":0,"rotation":0,"texture":"#0"},"down":{"uv":[1.5,5.25,1.25,5.75],"tintindex":0,"rotation":0,"texture":"#0"}}},{"from":[4.625,10.430146,10.57148],"to":[11.375,15.492646,17.32148],"faces":{"east":{"uv":[4.0,5.875,5.125,6.75],"tintindex":0,"rotation":0,"texture":"#0"},"south":{"uv":[6.0,0.75,7.125,1.625],"tintindex":0,"rotation":0,"texture":"#0"},"north":{"uv":[5.875,2.0,7.0,2.875],"tintindex":0,"rotation":0,"texture":"#0"},"west":{"uv":[2.125,6.0,3.25,6.875],"tintindex":0,"rotation":0,"texture":"#0"},"up":{"uv":[5.875,3.125,4.75,2.0],"tintindex":0,"rotation":0,"texture":"#0"},"down":{"uv":[5.5,4.75,4.375,5.875],"tintindex":0,"rotation":0,"texture":"#0"}},"rotation":{"origin":[8.0,10.617646,15.25898],"angle":-45.0,"axis":"x"}},{"from":[9.3125,4.0085883,-5.4208527],"to":[9.6875,6.071088,-4.6708527],"faces":{"east":{"uv":[3.5,8.375,3.625,8.75],"tintindex":0,"rotation":0,"texture":"#0"},"south":{"uv":[4.0,8.375,4.125,8.75],"tintindex":0,"rotation":0,"texture":"#0"},"north":{"uv":[8.0,6.125,8.125,6.5],"tintindex":0,"rotation":0,"texture":"#0"},"west":{"uv":[8.375,5.125,8.5,5.5],"tintindex":0,"rotation":0,"texture":"#0"},"up":{"uv":[9.625,6.75,9.5,6.625],"tintindex":0,"rotation":0,"texture":"#0"},"down":{"uv":[9.0,9.625,8.875,9.75],"tintindex":0,"rotation":0,"texture":"#0"}},"rotation":{"origin":[8.0,5.2273383,-5.3271027],"angle":22.5,"axis":"x"}},{"from":[9.125,5.311666,-4.7901096],"to":[9.875,8.311666,-3.8526096],"faces":{"east":{"uv":[7.125,7.5,7.25,8.0],"tintindex":0,"rotation":0,"texture":"#0"},"south":{"uv":[0.875,7.75,1.0,8.25],"tintindex":0,"rotation":0,"texture":"#0"},"north":{"uv":[1.5,3.625,1.625,4.125],"tintindex":0,"rotation":0,"texture":"#0"},"west":{"uv":[0.75,8.375,0.875,8.875],"tintindex":0,"rotation":0,"texture":"#0"},"up":{"uv":[0.875,9.5,0.75,9.375],"tintindex":0,"rotation":0,"texture":"#0"},"down":{"uv":[9.625,4.25,9.5,4.375],"tintindex":0,"rotation":0,"texture":"#0"}},"rotation":{"origin":[8.0,6.1554155,-4.1338596],"angle":45.0,"axis":"x"}},{"from":[4.4375,8.160238,-0.8298626],"to":[5.1875,9.097738,0.107637405],"faces":{"east":{"uv":[9.375,9.75,9.5,9.875],"tintindex":0,"rotation":0,"texture":"#0"},"south":{"uv":[9.875,5.0,10.0,5.125],"tintindex":0,"rotation":0,"texture":"#0"},"north":{"uv":[9.75,6.5,9.875,6.625],"tintindex":0,"rotation":0,"texture":"#0"},"west":{"uv":[9.375,9.875,9.5,10.0],"tintindex":0,"rotation":0,"texture":"#0"},"up":{"uv":[1.625,10.125,1.5,10.0],"tintindex":0,"rotation":0,"texture":"#0"},"down":{"uv":[2.5,10.0,2.375,10.125],"tintindex":0,"rotation":0,"texture":"#0"}},"rotation":{"origin":[5.0,8.628988,-0.6423626],"angle":-22.5,"axis":"x"}},{"from":[9.6875,5.9102383,-1.2048626],"to":[12.3125,6.8477383,-0.2673626],"faces":{"east":{"uv":[7.875,0.625,8.0,0.75],"tintindex":0,"rotation":0,"texture":"#0"},"south":{"uv":[10.5,4.875,11.0,5.0],"tintindex":0,"rotation":0,"texture":"#0"},"north":{"uv":[8.0,4.375,8.5,4.5],"tintindex":0,"rotation":0,"texture":"#0"},"west":{"uv":[8.625,4.5,8.75,4.625],"tintindex":0,"rotation":0,"texture":"#0"},"up":{"uv":[11.0,8.125,10.5,8.0],"tintindex":0,"rotation":0,"texture":"#0"},"down":{"uv":[11.125,2.375,10.625,2.5],"tintindex":0,"rotation":0,"texture":"#0"}},"rotation":{"origin":[11.375,6.3789883,-0.5486126],"angle":22.5,"axis":"y"}},{"from":[5.0,7.7852383,-1.2048626],"to":[5.5625,9.472738,0.4826374],"faces":{"east":{"uv":[5.125,10.125,5.375,10.375],"tintindex":0,"rotation":0,"texture":"#0"},"south":{"uv":[3.5,8.75,3.625,9.0],"tintindex":0,"rotation":0,"texture":"#0"},"north":{"uv":[8.375,5.875,8.5,6.125],"tintindex":0,"rotation":0,"texture":"#0"},"west":{"uv":[10.125,10.5,10.375,10.75],"tintindex":0,"rotation":0,"texture":"#0"},"up":{"uv":[0.875,9.125,0.75,8.875],"tintindex":0,"rotation":0,"texture":"#0"},"down":{"uv":[0.875,9.125,0.75,9.375],"tintindex":0,"rotation":0,"texture":"#0"}},"rotation":{"origin":[5.375,8.628988,-0.6423626],"angle":-22.5,"axis":"x"}},{"from":[10.8125,8.160238,-1.0173626],"to":[11.5625,9.097738,0.107637405],"faces":{"east":{"uv":[10.125,2.875,10.375,3.0],"tintindex":0,"rotation":0,"texture":"#0"},"south":{"uv":[9.75,6.375,9.875,6.5],"tintindex":0,"rotation":0,"texture":"#0"},"north":{"uv":[9.75,6.25,9.875,6.375],"tintindex":0,"rotation":0,"texture":"#0"},"west":{"uv":[10.25,2.125,10.5,2.25],"tintindex":0,"rotation":0,"texture":"#0"},"up":{"uv":[9.25,4.625,9.125,4.375],"tintindex":0,"rotation":0,"texture":"#0"},"down":{"uv":[1.625,9.5,1.5,9.75],"tintindex":0,"rotation":0,"texture":"#0"}},"rotation":{"origin":[11.0,8.628988,-0.6423626],"angle":-22.5,"axis":"x"}},{"from":[6.875,7.0352383,3.1076374],"to":[9.125,10.410238,5.5451374],"faces":{"east":{"uv":[5.125,5.875,5.5,6.5],"tintindex":0,"rotation":0,"texture":"#0"},"south":{"uv":[9.875,1.625,10.25,2.25],"tintindex":0,"rotation":0,"texture":"#0"},"north":{"uv":[4.0,5.125,4.375,5.75],"tintindex":0,"rotation":0,"texture":"#0"},"west":{"uv":[9.875,4.0,10.25,4.625],"tintindex":0,"rotation":0,"texture":"#0"},"up":{"uv":[7.0,2.0,6.625,1.625],"tintindex":0,"rotation":0,"texture":"#0"},"down":{"uv":[10.0,3.0,9.625,3.375],"tintindex":0,"rotation":0,"texture":"#0"}},"rotation":{"origin":[8.0,8.722738,5.7326374],"angle":-22.5,"axis":"x"}},{"from":[11.794774,6.0977383,-2.8598938],"to":[13.669774,6.6602383,-1.1723938],"faces":{"east":{"uv":[7.0,2.75,7.25,2.875],"tintindex":0,"rotation":0,"texture":"#0"},"south":{"uv":[10.0,9.875,10.375,10.0],"tintindex":0,"rotation":0,"texture":"#0"},"north":{"uv":[9.25,1.0,9.625,1.125],"tintindex":0,"rotation":0,"texture":"#0"},"west":{"uv":[8.5,4.375,8.75,4.5],"tintindex":0,"rotation":0,"texture":"#0"},"up":{"uv":[10.75,1.625,10.375,1.375],"tintindex":0,"rotation":0,"texture":"#0"},"down":{"uv":[1.875,10.375,1.5,10.625],"tintindex":0,"rotation":0,"texture":"#0"}},"rotation":{"origin":[13.107274,6.3789883,-1.2661438],"angle":45.0,"axis":"y"}},{"from":[5.9375,8.056998,-1.6387138],"to":[10.0625,9.744498,-0.13871384],"faces":{"east":{"uv":[4.5,2.5,4.75,2.75],"tintindex":0,"rotation":0,"texture":"#0"},"south":{"uv":[9.875,7.5,10.625,7.75],"tintindex":0,"rotation":0,"texture":"#0"},"north":{"uv":[9.875,2.25,10.625,2.5],"tintindex":0,"rotation":0,"texture":"#0"},"west":{"uv":[6.125,7.25,6.375,7.5],"tintindex":0,"rotation":0,"texture":"#0"},"up":{"uv":[10.75,3.875,10.0,3.625],"tintindex":0,"rotation":0,"texture":"#0"},"down":{"uv":[10.75,5.0,10.0,5.25],"tintindex":0,"rotation":0,"texture":"#0"}},"rotation":{"origin":[8.0,10.306998,-1.5449638],"angle":-22.5,"axis":"x"}}],"display":{"gui":{"rotation":[30,225,0]}}}