{
	"credit": "Made with Blockbench",
	"texture_size": [64, 64],
	"textures": {
		"0": "minecraft:item/boss/hp3_eyeballjar"
	},
	"elements": [
		{
			"from": [6.5, 13.85714, 6.5],
			"to": [9.5, 15.35714, 9.5],
			"rotation": {"angle": 0, "axis": "y", "origin": [8, 5.35714, 8]},
			"faces": {
				"north": {"uv": [10.5, 3.5, 12, 4.25], "texture": "#0"},
				"east": {"uv": [10.5, 4.25, 12, 5], "texture": "#0"},
				"south": {"uv": [4.5, 10.5, 6, 11.25], "texture": "#0"},
				"west": {"uv": [10.5, 5, 12, 5.75], "texture": "#0"},
				"up": {"uv": [12, 3.5, 10.5, 2], "texture": "#0"},
				"down": {"uv": [4.5, 10.5, 3, 12], "texture": "#0"}
			}
		},
		{
			"from": [6, 13.85714, 6],
			"to": [10, 14.85714, 10],
			"rotation": {"angle": 0, "axis": "y", "origin": [8, 5.35714, 8]},
			"faces": {
				"north": {"uv": [10.5, 5.75, 12.5, 6.25], "texture": "#0"},
				"east": {"uv": [6, 10.5, 8, 11], "texture": "#0"},
				"south": {"uv": [10.5, 6.25, 12.5, 6.75], "texture": "#0"},
				"west": {"uv": [10.5, 6.75, 12.5, 7.25], "texture": "#0"},
				"up": {"uv": [5, 10.5, 3, 8.5], "texture": "#0"},
				"down": {"uv": [11, 0, 9, 2], "texture": "#0"}
			}
		},
		{
			"from": [5, 5.35714, 5],
			"to": [11, 13.85714, 11],
			"rotation": {"angle": 0, "axis": "y", "origin": [8, 5.35714, 8]},
			"faces": {
				"north": {"uv": [0, 0, 3, 4.25], "texture": "#0"},
				"east": {"uv": [3, 0, 6, 4.25], "texture": "#0"},
				"south": {"uv": [0, 4.25, 3, 8.5], "texture": "#0"},
				"west": {"uv": [3, 4.25, 6, 8.5], "texture": "#0"},
				"up": {"uv": [9, 10.5, 6, 7.5], "texture": "#0"},
				"down": {"uv": [3, 8.5, 0, 11.5], "texture": "#0"}
			}
		},
		{
			"from": [5.5, 5.85714, 10.5],
			"to": [10.5, 12.85714, 10.5],
			"rotation": {"angle": 0, "axis": "y", "origin": [8, 9.10714, 10.5]},
			"faces": {
				"north": {"uv": [6, 0, 9, 3.75], "texture": "#0"},
				"east": {"uv": [0, 0, 0, 3.75], "texture": "#0"},
				"south": {"uv": [6, 3.75, 9, 7.5], "texture": "#0"},
				"west": {"uv": [0, 0, 0, 3.75], "texture": "#0"},
				"up": {"uv": [3, 0, 0, 0], "texture": "#0"},
				"down": {"uv": [3, 0, 0, 0], "texture": "#0"}
			}
		},
		{
			"from": [5.5, 12.85714, 5.5],
			"to": [10.5, 12.85714, 10.5],
			"rotation": {"angle": 0, "axis": "y", "origin": [8, 9.10714, 10.5]},
			"faces": {
				"north": {"uv": [6, 0, 8.5, 0], "texture": "#0"},
				"east": {"uv": [0, 0, 2.5, 0], "texture": "#0"},
				"south": {"uv": [6, 3.75, 8.5, 3.75], "texture": "#0"},
				"west": {"uv": [0, 0, 2.5, 0], "texture": "#0"},
				"up": {"uv": [16, 0, 13.5, 2.5], "texture": "#0"},
				"down": {"uv": [8.75, 0, 6.25, 0.25], "texture": "#0"}
			}
		},
		{
			"from": [5.5, 5.85714, 5.5],
			"to": [10.5, 5.85714, 10.5],
			"rotation": {"angle": 0, "axis": "y", "origin": [8, 9.60714, 10.5]},
			"faces": {
				"north": {"uv": [6, 0, 8.5, 0], "texture": "#0"},
				"east": {"uv": [0, 0, 2.5, 0], "texture": "#0"},
				"south": {"uv": [6, 3.75, 8.5, 3.75], "texture": "#0"},
				"west": {"uv": [0, 0, 2.5, 0], "texture": "#0"},
				"up": {"uv": [8.75, 3.75, 6.25, 3.5], "texture": "#0"},
				"down": {"uv": [16, 2.5, 13.5, 0], "texture": "#0"}
			}
		},
		{
			"from": [10.5, 5.85714, 5.5],
			"to": [10.5, 12.85714, 10.5],
			"rotation": {"angle": 0, "axis": "y", "origin": [10.5, 9.10714, 8]},
			"faces": {
				"north": {"uv": [0, 0, 0, 3.75], "texture": "#0"},
				"east": {"uv": [6, 3.75, 9, 7.5], "texture": "#0"},
				"south": {"uv": [0, 0, 0, 3.75], "texture": "#0"},
				"west": {"uv": [6, 0, 9, 3.75], "texture": "#0"},
				"up": {"uv": [0, 0, 3, 0], "rotation": 90, "texture": "#0"},
				"down": {"uv": [0, 0, 3, 0], "rotation": 270, "texture": "#0"}
			}
		},
		{
			"from": [5.4995, 5.85714, 5.5],
			"to": [10.4995, 12.85714, 5.5],
			"rotation": {"angle": 0, "axis": "y", "origin": [7.9995, 9.10714, 5.5]},
			"faces": {
				"north": {"uv": [6, 3.75, 9, 7.5], "texture": "#0"},
				"east": {"uv": [0, 0, 0, 3.75], "texture": "#0"},
				"south": {"uv": [6, 0, 9, 3.75], "texture": "#0"},
				"west": {"uv": [0, 0, 0, 3.75], "texture": "#0"},
				"up": {"uv": [3, 0, 0, 0], "rotation": 180, "texture": "#0"},
				"down": {"uv": [3, 0, 0, 0], "rotation": 180, "texture": "#0"}
			}
		},
		{
			"from": [5.4995, 5.85714, 5.5],
			"to": [5.4995, 12.85714, 10.5],
			"rotation": {"angle": 0, "axis": "y", "origin": [5.4995, 9.10714, 8]},
			"faces": {
				"north": {"uv": [0, 0, 0, 3.75], "texture": "#0"},
				"east": {"uv": [6, 0, 9, 3.75], "texture": "#0"},
				"south": {"uv": [0, 0, 0, 3.75], "texture": "#0"},
				"west": {"uv": [6, 3.75, 9, 7.5], "texture": "#0"},
				"up": {"uv": [0, 0, 3, 0], "rotation": 270, "texture": "#0"},
				"down": {"uv": [0, 0, 3, 0], "rotation": 90, "texture": "#0"}
			}
		},
		{
			"from": [6.5, 8.35714, 6.5],
			"to": [9.5, 11.35714, 9.5],
			"rotation": {"angle": 0, "axis": "y", "origin": [8, 3.85714, 14]},
			"faces": {
				"north": {"uv": [9, 2, 10.5, 3.5], "texture": "#0"},
				"east": {"uv": [9, 3.5, 10.5, 5], "texture": "#0"},
				"south": {"uv": [9, 5, 10.5, 6.5], "texture": "#0"},
				"west": {"uv": [9, 6.5, 10.5, 8], "texture": "#0"},
				"up": {"uv": [10.5, 9.5, 9, 8], "texture": "#0"},
				"down": {"uv": [10.5, 9.5, 9, 11], "texture": "#0"}
			}
		},
		{
			"from": [9, 6.85714, 5.5],
			"to": [10, 7.85714, 6.5],
			"rotation": {"angle": 0, "axis": "y", "origin": [9.5, 6.85714, 13.5]},
			"faces": {
				"north": {"uv": [5, 8.5, 5.5, 9], "texture": "#0"},
				"east": {"uv": [5.5, 8.5, 6, 9], "texture": "#0"},
				"south": {"uv": [5, 9, 5.5, 9.5], "texture": "#0"},
				"west": {"uv": [5.5, 9, 6, 9.5], "texture": "#0"},
				"up": {"uv": [5.5, 10, 5, 9.5], "texture": "#0"},
				"down": {"uv": [6, 9.5, 5.5, 10], "texture": "#0"}
			}
		},
		{
			"from": [8, 11.85714, 7.5],
			"to": [8.5, 12.35714, 8],
			"rotation": {"angle": 22.5, "axis": "y", "origin": [8.25, 12.10714, 7.75]},
			"faces": {
				"north": {"uv": [5, 8.5, 5.5, 9], "texture": "#0"},
				"east": {"uv": [5.5, 8.5, 6, 9], "texture": "#0"},
				"south": {"uv": [5, 9, 5.5, 9.5], "texture": "#0"},
				"west": {"uv": [5.5, 9, 6, 9.5], "texture": "#0"},
				"up": {"uv": [5.5, 10, 5, 9.5], "texture": "#0"},
				"down": {"uv": [6, 9.5, 5.5, 10], "texture": "#0"}
			}
		},
		{
			"from": [6, 6.35714, 8.5],
			"to": [6.5, 6.85714, 9],
			"rotation": {"angle": 22.5, "axis": "y", "origin": [6.25, 9.10714, 8.75]},
			"faces": {
				"north": {"uv": [5, 8.5, 5.5, 9], "texture": "#0"},
				"east": {"uv": [5.5, 8.5, 6, 9], "texture": "#0"},
				"south": {"uv": [5, 9, 5.5, 9.5], "texture": "#0"},
				"west": {"uv": [5.5, 9, 6, 9.5], "texture": "#0"},
				"up": {"uv": [5.5, 10, 5, 9.5], "texture": "#0"},
				"down": {"uv": [6, 9.5, 5.5, 10], "texture": "#0"}
			}
		}
	],
	"gui_light": "front",
	"display": {
		"thirdperson_righthand": {
			"rotation": [73, 20, 0],
			"translation": [0, 3.5, 0]
		},
		"thirdperson_lefthand": {
			"rotation": [73, 20, 0],
			"translation": [0, 3.5, 0]
		},
		"firstperson_righthand": {
			"rotation": [-14, 113, 0],
			"translation": [0, 1.5, 0]
		},
		"firstperson_lefthand": {
			"rotation": [-14, 113, 0],
			"translation": [0, 1.5, 0]
		},
		"ground": {
			"rotation": [25, 0, 0]
		},
		"gui": {
			"rotation": [18, -165, -4],
			"translation": [0.25, -2.25, 0],
			"scale": [1.2, 1.2, 1.2]
		},
		"head": {
			"translation": [0, 9.25, 0]
		},
		"fixed": {
			"rotation": [-90, 0, 0],
			"translation": [0, 0, -4.25],
			"scale": [2, 2, 2]
		}
	},
	"groups": [
		{
			"name": "bottle",
			"origin": [8, 10.71429, 8],
			"color": 0,
			"children": [
				0,
				1,
				2,
				3,
				4,
				5,
				6,
				7,
				8,
				{
					"name": "h_eyeball",
					"origin": [8, 4.5, 8],
					"color": 0,
					"children": [9]
				},
				{
					"name": "bubbles",
					"origin": [7.5, 1.83333, 7.83333],
					"color": 0,
					"children": [10, 11, 12]
				}
			]
		}
	]
}
