{
	"credit": "Made with Blockbench",
	"texture_size": [128, 128],
	"textures": {
		"1": "minecraft:item/boss/hp3_imp"
	},
	"elements": [
		{
			"from": [7.5, -9.85937, 7.6875],
			"to": [8.5, 8.64063, 8.6875],
			"rotation": {"angle": 0, "axis": "y", "origin": [4.5, 8.01563, 1.6875]},
			"faces": {
				"north": {"uv": [2.25, 2, 2, 6.625], "rotation": 180, "texture": "#1"},
				"east": {"uv": [1.75, 1.5, 6.375, 1.75], "rotation": 270, "texture": "#1"},
				"south": {"uv": [2, 6.625, 1.75, 2], "texture": "#1"},
				"west": {"uv": [1.75, 1.75, 6.375, 2], "rotation": 90, "texture": "#1"},
				"up": {"uv": [7, 7.125, 7.25, 7.375], "rotation": 180, "texture": "#1"},
				"down": {"uv": [7.25, 1.375, 7.5, 1.625], "texture": "#1"}
			}
		},
		{
			"from": [7.5, 8.64063, 4.1875],
			"to": [8.5, 9.64063, 12.1875],
			"rotation": {"angle": 0, "axis": "y", "origin": [4.5, 8.01563, 1.6875]},
			"faces": {
				"north": {"uv": [7.5, 1.875, 7.25, 2.125], "rotation": 180, "texture": "#1"},
				"east": {"uv": [0.875, 4.625, 1.125, 6.625], "rotation": 270, "texture": "#1"},
				"south": {"uv": [7.5, 1.875, 7.25, 1.625], "texture": "#1"},
				"west": {"uv": [4.5, 4.875, 4.75, 6.875], "rotation": 90, "texture": "#1"},
				"up": {"uv": [0.625, 4.625, 0.875, 6.625], "rotation": 180, "texture": "#1"},
				"down": {"uv": [4.25, 4.875, 4.5, 6.875], "texture": "#1"}
			}
		},
		{
			"from": [7.75, 9.39063, 11.1875],
			"to": [8.25, 16.89063, 12.1875],
			"rotation": {"angle": 0, "axis": "y", "origin": [4.5, 8.01563, 1.6875]},
			"faces": {
				"north": {"uv": [1.125, 6.625, 1, 8.5], "rotation": 180, "texture": "#1"},
				"east": {"uv": [5.25, 0, 7.125, 0.25], "rotation": 270, "texture": "#1"},
				"south": {"uv": [1.75, 4.875, 1.625, 3], "texture": "#1"},
				"west": {"uv": [5.25, 0.25, 7.125, 0.5], "rotation": 90, "texture": "#1"},
				"up": {"uv": [2.875, 1, 3, 1.25], "rotation": 180, "texture": "#1"},
				"down": {"uv": [2.875, 1.25, 3, 1.5], "texture": "#1"}
			}
		},
		{
			"from": [7.75, 9.39063, 4.1875],
			"to": [8.25, 16.89063, 5.1875],
			"rotation": {"angle": 0, "axis": "y", "origin": [4.5, 8.01563, 1.6875]},
			"faces": {
				"north": {"uv": [6.125, 6.75, 6, 8.625], "rotation": 180, "texture": "#1"},
				"east": {"uv": [5.25, 1.125, 7.125, 1.375], "rotation": 270, "texture": "#1"},
				"south": {"uv": [2.875, 8.625, 2.75, 6.75], "texture": "#1"},
				"west": {"uv": [5.375, 3.375, 7.25, 3.625], "rotation": 90, "texture": "#1"},
				"up": {"uv": [2.875, 4.75, 3, 5], "rotation": 180, "texture": "#1"},
				"down": {"uv": [1.625, 4.875, 1.75, 5.125], "texture": "#1"}
			}
		},
		{
			"from": [7.75, 9.39063, 7.6875],
			"to": [8.25, 14.89063, 8.6875],
			"rotation": {"angle": 0, "axis": "y", "origin": [4.5, 8.01563, 1.6875]},
			"faces": {
				"north": {"uv": [5.25, 6.875, 5.125, 8.25], "rotation": 180, "texture": "#1"},
				"east": {"uv": [5.875, 4.125, 7.25, 4.375], "rotation": 270, "texture": "#1"},
				"south": {"uv": [5.125, 8.25, 5, 6.875], "texture": "#1"},
				"west": {"uv": [5.875, 4.375, 7.25, 4.625], "rotation": 90, "texture": "#1"},
				"up": {"uv": [2.875, 5, 3, 5.25], "rotation": 180, "texture": "#1"},
				"down": {"uv": [1.625, 5.125, 1.75, 5.375], "texture": "#1"}
			}
		},
		{
			"from": [8, 14.39063, 10.4375],
			"to": [8, 18.89063, 12.9375],
			"rotation": {"angle": 0, "axis": "y", "origin": [4.5, 8.01563, 1.6875]},
			"faces": {
				"north": {"uv": [0, 0, 0, 1.125], "rotation": 180, "texture": "#1"},
				"east": {"uv": [5.25, 0.75, 4.125, 1.375], "rotation": 270, "texture": "#1"},
				"south": {"uv": [0, 1.125, 0, 0], "texture": "#1"},
				"west": {"uv": [4.125, 0.75, 5.25, 1.375], "rotation": 90, "texture": "#1"},
				"up": {"uv": [0, 0, 0, 0.625], "rotation": 180, "texture": "#1"},
				"down": {"uv": [0, 0, 0, 0.625], "texture": "#1"}
			}
		},
		{
			"from": [8, 12.89063, 6.9375],
			"to": [8, 15.89063, 9.4375],
			"rotation": {"angle": 0, "axis": "y", "origin": [4.5, 8.01563, 1.6875]},
			"faces": {
				"north": {"uv": [0, 0, 0, 0.75], "rotation": 180, "texture": "#1"},
				"east": {"uv": [5.25, 0.5, 6, 1.125], "rotation": 270, "texture": "#1"},
				"south": {"uv": [0, 0.75, 0, 0], "texture": "#1"},
				"west": {"uv": [6, 0.5, 5.25, 1.125], "rotation": 90, "texture": "#1"},
				"up": {"uv": [0, 0, 0, 0.625], "rotation": 180, "texture": "#1"},
				"down": {"uv": [0, 0, 0, 0.625], "texture": "#1"}
			}
		},
		{
			"from": [8, 14.39063, 3.4375],
			"to": [8, 18.89063, 5.9375],
			"rotation": {"angle": 0, "axis": "y", "origin": [4.5, 8.01563, 1.6875]},
			"faces": {
				"north": {"uv": [0, 0, 0, 1.125], "rotation": 180, "texture": "#1"},
				"east": {"uv": [5.25, 0.75, 4.125, 1.375], "rotation": 270, "texture": "#1"},
				"south": {"uv": [0, 1.125, 0, 0], "texture": "#1"},
				"west": {"uv": [4.125, 0.75, 5.25, 1.375], "rotation": 90, "texture": "#1"},
				"up": {"uv": [0, 0, 0, 0.625], "rotation": 180, "texture": "#1"},
				"down": {"uv": [0, 0, 0, 0.625], "texture": "#1"}
			}
		}
	],
	"gui_light": "front",
	"display": {
		"thirdperson_righthand": {
			"rotation": [0, -8, 0],
			"translation": [0, 8.75, 1.5]
		},
		"thirdperson_lefthand": {
			"rotation": [0, -8, 0],
			"translation": [0, 6.5, 1.5]
		},
		"firstperson_righthand": {
			"rotation": [-27, -180, -3],
			"translation": [3.5, 4.25, -4]
		},
		"firstperson_lefthand": {
			"rotation": [-142, -118, -140],
			"translation": [5, 6.5, -4.25]
		},
		"ground": {
			"rotation": [0, 0, 40],
			"translation": [0, 6.25, 0],
			"scale": [0.65, 0.65, 0.65]
		},
		"gui": {
			"rotation": [77, 45, -77],
			"translation": [0.5, 1, 0],
			"scale": [0.61, 0.61, 0.61]
		},
		"fixed": {
			"rotation": [0, 90, 0],
			"translation": [0, 0, 0.5]
		}
	},
	"groups": [
		{
			"name": "pitchfork",
			"origin": [4.5, 8.03125, 7.625],
			"color": 0,
			"children": [0, 1, 2, 3, 4, 5, 6, 7]
		}
	]
}
