{
	"credit": "Made with Blockbench",
	"texture_size": [128, 128],
	"textures": {
		"0": "minecraft:item/boss/hp3_mummy_2"
	},
	"elements": [
		{
			"from": [3.7, 1.4, 2.7],
			"to": [12.3, 10, 11.3],
			"rotation": {"angle": 0, "axis": "y", "origin": [8, 5.7, 7]},
			"faces": {
				"north": {"uv": [4.5, 2, 5.5, 3], "texture": "#0"},
				"east": {"uv": [4.5, 3, 5.5, 4], "texture": "#0"},
				"south": {"uv": [4.5, 4, 5.5, 5], "texture": "#0"},
				"west": {"uv": [3, 5, 4, 6], "texture": "#0"},
				"up": {"uv": [5, 6, 4, 5], "texture": "#0"},
				"down": {"uv": [6, 5, 5, 6], "texture": "#0"}
			}
		}
	],
	"gui_light": "front",
	"display": {
		"thirdperson_righthand": {
			"rotation": [23, 39, 0],
			"translation": [0, 1.75, 0],
			"scale": [0.75, 0.75, 0.75]
		},
		"thirdperson_lefthand": {
			"rotation": [23, 39, 0],
			"translation": [0, 1.75, 0],
			"scale": [0.75, 0.75, 0.75]
		},
		"firstperson_righthand": {
			"rotation": [23, 39, 0],
			"translation": [3.5, 1.75, 0],
			"scale": [0.75, 0.75, 0.75]
		},
		"firstperson_lefthand": {
			"rotation": [23, 39, 0],
			"translation": [3.5, 1.75, 0],
			"scale": [0.75, 0.75, 0.75]
		},
		"ground": {
			"rotation": [26, 0, 0],
			"translation": [0, 5, 0]
		},
		"gui": {
			"rotation": [30, -144, 0],
			"translation": [0, 2.5, 0]
		},
		"head": {
			"translation": [0, 4.25, 1.5],
			"scale": [1.65, 1.65, 1.65]
		}
	}
}
