{
	"credit": "Made with Blockbench",
	"textures": {
		"0": "minecraft:item/boss/hp3_tesla"
	},
	"elements": [
		{
			"from": [4.5, 0, 4.5],
			"to": [11.5, 1.5, 11.5],
			"rotation": {"angle": 0, "axis": "y", "origin": [8, 0, 8]},
			"faces": {
				"north": {"uv": [7, 10.5, 10.5, 11.25], "texture": "#0"},
				"east": {"uv": [10.5, 10.5, 14, 11.25], "texture": "#0"},
				"south": {"uv": [10.75, 4, 14.25, 4.75], "texture": "#0"},
				"west": {"uv": [10.75, 4.75, 14.25, 5.5], "texture": "#0"},
				"up": {"uv": [3.5, 3.5, 0, 0], "texture": "#0"},
				"down": {"uv": [3.5, 3.5, 0, 7], "texture": "#0"}
			}
		},
		{
			"from": [7.25, 1.5, 7.25],
			"to": [8.75, 14, 8.75],
			"rotation": {"angle": 0, "axis": "y", "origin": [8, 0, 8]},
			"faces": {
				"north": {"uv": [0, 7, 0.75, 13.25], "texture": "#0"},
				"east": {"uv": [0.75, 7, 1.5, 13.25], "texture": "#0"},
				"south": {"uv": [1.5, 7, 2.25, 13.25], "texture": "#0"},
				"west": {"uv": [2.25, 7, 3, 13.25], "texture": "#0"},
				"up": {"uv": [7.75, 10, 7, 9.25], "texture": "#0"},
				"down": {"uv": [8.5, 9.25, 7.75, 10], "texture": "#0"}
			}
		},
		{
			"from": [5.75, 11, 5.75],
			"to": [10.25, 12, 10.25],
			"rotation": {"angle": 0, "axis": "y", "origin": [8, 0, 8]},
			"faces": {
				"north": {"uv": [11, 3, 13.25, 3.5], "texture": "#0"},
				"east": {"uv": [11, 3.5, 13.25, 4], "texture": "#0"},
				"south": {"uv": [11, 6.5, 13.25, 7], "texture": "#0"},
				"west": {"uv": [11, 7, 13.25, 7.5], "texture": "#0"},
				"up": {"uv": [9, 2.25, 6.75, 0], "texture": "#0"},
				"down": {"uv": [9, 2.25, 6.75, 4.5], "texture": "#0"}
			}
		},
		{
			"from": [5.25, 8, 5.25],
			"to": [10.75, 9, 10.75],
			"rotation": {"angle": 0, "axis": "y", "origin": [8, 0, 8]},
			"faces": {
				"north": {"uv": [11, 1, 13.75, 1.5], "texture": "#0"},
				"east": {"uv": [11, 1.5, 13.75, 2], "texture": "#0"},
				"south": {"uv": [11, 2, 13.75, 2.5], "texture": "#0"},
				"west": {"uv": [11, 2.5, 13.75, 3], "texture": "#0"},
				"up": {"uv": [6.25, 9.25, 3.5, 6.5], "texture": "#0"},
				"down": {"uv": [9, 6.5, 6.25, 9.25], "texture": "#0"}
			}
		},
		{
			"from": [4.75, 5, 4.75],
			"to": [11.25, 6, 11.25],
			"rotation": {"angle": 0, "axis": "y", "origin": [8, 0, 8]},
			"faces": {
				"north": {"uv": [10.75, 5.5, 14, 6], "texture": "#0"},
				"east": {"uv": [10.75, 6, 14, 6.5], "texture": "#0"},
				"south": {"uv": [11, 0, 14.25, 0.5], "texture": "#0"},
				"west": {"uv": [11, 0.5, 14.25, 1], "texture": "#0"},
				"up": {"uv": [6.75, 3.25, 3.5, 0], "texture": "#0"},
				"down": {"uv": [6.75, 3.25, 3.5, 6.5], "texture": "#0"}
			}
		},
		{
			"from": [6, 14, 6],
			"to": [10, 18, 10],
			"rotation": {"angle": 0, "axis": "y", "origin": [8, 0, 8]},
			"faces": {
				"north": {"uv": [9, 0, 11, 2], "texture": "#0"},
				"east": {"uv": [9, 2, 11, 4], "texture": "#0"},
				"south": {"uv": [9, 6.5, 11, 8.5], "texture": "#0"},
				"west": {"uv": [9, 8.5, 11, 10.5], "texture": "#0"},
				"up": {"uv": [5, 11.25, 3, 9.25], "texture": "#0"},
				"down": {"uv": [7, 9.25, 5, 11.25], "texture": "#0"}
			}
		}
	],
	"gui_light": "front",
	"display": {
		"thirdperson_righthand": {
			"rotation": [40, 29, 9],
			"translation": [0.25, 4.25, 3.75],
			"scale": [0.65, 0.65, 0.65]
		},
		"thirdperson_lefthand": {
			"rotation": [40, 29, 9],
			"translation": [0.25, 4.25, 3.75],
			"scale": [0.65, 0.65, 0.65]
		},
		"firstperson_righthand": {
			"rotation": [-10, 6, 10],
			"translation": [1.25, 3.5, -0.5],
			"scale": [0.65, 0.65, 0.65]
		},
		"firstperson_lefthand": {
			"rotation": [-10, 6, 10],
			"translation": [1.25, 3.5, -0.5],
			"scale": [0.65, 0.65, 0.65]
		},
		"ground": {
			"rotation": [42, 0, 0],
			"translation": [0, 3.5, 0],
			"scale": [0.65, 0.65, 0.65]
		},
		"gui": {
			"rotation": [63, 54, -52],
			"translation": [0, -0.25, 0],
			"scale": [0.8, 0.8, 0.8]
		}
	},
	"groups": [
		{
			"name": "base",
			"origin": [8, 0, 8],
			"color": 0,
			"children": [0, 1, 2, 3, 4, 5]
		}
	]
}
