{
	"parent": "item/generated",
	"textures": {
		"layer0": "item/amethyst_shard"
	},

	"overrides": [
		{"predicate": {"custom_model_data":2000001}, "model": "item/materials/amethystcrystalsky"},
		{"predicate": {"custom_model_data":2000002}, "model": "item/materials/amethystcrystalground"},
		{"predicate": {"custom_model_data":2000003}, "model": "item/materials/amethystcirclefront"},
		{"predicate": {"custom_model_data":2000004}, "model": "item/materials/amethystcircleground"},
		{"predicate": {"custom_model_data":2000005}, "model": "item/materials/amethystcrystalfront"},
		{"predicate": {"custom_model_data":2000006}, "model": "item/materials/summonamethystdragon"},
		{"predicate": {"custom_model_data":2000007}, "model": "item/materials/amethystdragontrophy"},
		{"predicate": {"custom_model_data":2000009}, "model": "item/materials/summoncursedone"},
		{"predicate": {"custom_model_data":2000008}, "model": "item/materials/amethystscales"}
	]
}
