{
  "parent": "item/handheld_rod",
  "textures": {
    "layer0": "item/fishing_rod"
  },
  "overrides": [
    {
      "predicate": {
        "cast": 1
      },
      "model": "item/fishing_rod_cast"
    },
    {
      "predicate": {
        "custom_model_data": 2000001
      },
      "model": "item/weapons/fishing_rod_cursed"
    },
    {
      "predicate": {
        "custom_model_data": 2000001,
        "cast": 1
      },
      "model": "item/weapons/fishing_rod_cursed_cast"
    },
    {
      "predicate": {
        "custom_model_data": 2000002
      },
      "model": "item/weapons/fishing_rod_amethyst"
    },
    {
      "predicate": {
        "custom_model_data": 2000002,
        "cast": 1
      },
      "model": "item/weapons/fishing_rod_amethyst_cast"
    }
  ]
}
