{
  "parent": "item/handheld",
  "textures": {
    "layer0": "item/netherite_sword"
  },
  "overrides": [
    {
      "predicate": {
        "custom_model_data": 1000001
      },
      "model": "item/weapons/hammer_amethyst"
    },
    {
      "predicate": {
        "custom_model_data": 1000002
      },
      "model": "item/weapons/sword_amethyst"
    },
    {
      "predicate": {
        "custom_model_data": 1000003
      },
      "model": "item/weapons/spear_amethyst"
    },
    {
      "predicate": {
        "custom_model_data": 1000004
      },
      "model": "item/weapons/staff_amethyst"
    },
    {
      "predicate": {
        "custom_model_data": 1000014
      },
      "model": "item/weapons/sword_cursed"
    },
    {
      "predicate": {
        "custom_model_data": 1000015
      },
      "model": "item/weapons/spear_cursed"
    },
    {
      "predicate": {
        "custom_model_data": 1000016
      },
      "model": "item/weapons/staff_cursed"
    },
    {
      "predicate": {
        "custom_model_data": 1000017
      },
      "model": "item/weapons/scythe"
    }
  ]
}
