{
	"parent": "item/generated",
	"textures": {
		"layer0": "item/raw_copper"
	},

	"overrides": [
		{"predicate": {"custom_model_data":2000001}, "model": "item/materials/skullprojectile"},
		{"predicate": {"custom_model_data":2000002}, "model": "item/materials/skullground1"},
		{"predicate": {"custom_model_data":2000003}, "model": "item/materials/skullground2"},
		{"predicate": {"custom_model_data":2000004}, "model": "item/materials/skullground3"},
		{"predicate": {"custom_model_data":2000005}, "model": "item/materials/cursed_dragontrophy"},
		{"predicate": {"custom_model_data":2000006}, "model": "item/materials/summoncursedone"},
		{"predicate": {"custom_model_data":2000007}, "model": "item/materials/cursedscales"}
	]
}
