{
  "providers": [
    {
      "type": "bitmap",
      "file": "magic:icons/spells/default.png",
      "ascent": 10,
      "height": 16,
      "chars": [
        ""
      ]
    },
    {
      "type": "bitmap",
      "file": "magic:icons/spells/absorb.png",
      "ascent": 10,
      "height": 16,
      "chars": [
        ""
      ]
    },
    {
      "type": "bitmap",
      "file": "magic:icons/spells/admission.png",
      "ascent": 10,
      "height": 16,
      "chars": [
        ""
      ]
    },
    {
      "type": "bitmap",
      "file": "magic:icons/spells/airscooter.png",
      "ascent": 10,
      "height": 16,
      "chars": [
        ""
      ]
    },
    {
      "type": "bitmap",
      "file": "magic:icons/spells/alter.png",
      "ascent": 10,
      "height": 16,
      "chars": [
        ""
      ]
    },
    {
      "type": "bitmap",
      "file": "magic:icons/spells/animate.png",
      "ascent": 10,
      "height": 16,
      "chars": [
        ""
      ]
    },
    {
      "type": "bitmap",
      "file": "magic:icons/spells/anvil.png",
      "ascent": 10,
      "height": 16,
      "chars": [
        ""
      ]
    },
    {
      "type": "bitmap",
      "file": "magic:icons/spells/arrow.png",
      "ascent": 10,
      "height": 16,
      "chars": [
        ""
      ]
    },
    {
      "type": "bitmap",
      "file": "magic:icons/spells/arrow10.png",
      "ascent": 10,
      "height": 16,
      "chars": [
        ""
      ]
    },
    {
      "type": "bitmap",
      "file": "magic:icons/spells/arrow2.png",
      "ascent": 10,
      "height": 16,
      "chars": [
        ""
      ]
    },
    {
      "type": "bitmap",
      "file": "magic:icons/spells/arrow3.png",
      "ascent": 10,
      "height": 16,
      "chars": [
        ""
      ]
    },
    {
      "type": "bitmap",
      "file": "magic:icons/spells/arrow4.png",
      "ascent": 10,
      "height": 16,
      "chars": [
        ""
      ]
    },
    {
      "type": "bitmap",
      "file": "magic:icons/spells/arrow5.png",
      "ascent": 10,
      "height": 16,
      "chars": [
        ""
      ]
    },
    {
      "type": "bitmap",
      "file": "magic:icons/spells/arrow6.png",
      "ascent": 10,
      "height": 16,
      "chars": [
        ""
      ]
    },
    {
      "type": "bitmap",
      "file": "magic:icons/spells/arrow7.png",
      "ascent": 10,
      "height": 16,
      "chars": [
        ""
      ]
    },
    {
      "type": "bitmap",
      "file": "magic:icons/spells/arrow8.png",
      "ascent": 10,
      "height": 16,
      "chars": [
        ""
      ]
    },
    {
      "type": "bitmap",
      "file": "magic:icons/spells/arrow9.png",
      "ascent": 10,
      "height": 16,
      "chars": [
        ""
      ]
    },
    {
      "type": "bitmap",
      "file": "magic:icons/spells/arrowrain.png",
      "ascent": 10,
      "height": 16,
      "chars": [
        ""
      ]
    },
    {
      "type": "bitmap",
      "file": "magic:icons/spells/backup.png",
      "ascent": 10,
      "height": 16,
      "chars": [
        ""
      ]
    },
    {
      "type": "bitmap",
      "file": "magic:icons/spells/blast.png",
      "ascent": 10,
      "height": 16,
      "chars": [
        ""
      ]
    },
    {
      "type": "bitmap",
      "file": "magic:icons/spells/blaster.png",
      "ascent": 10,
      "height": 16,
      "chars": [
        ""
      ]
    },
    {
      "type": "bitmap",
      "file": "magic:icons/spells/blessing.png",
      "ascent": 10,
      "height": 16,
      "chars": [
        ""
      ]
    },
    {
      "type": "bitmap",
      "file": "magic:icons/spells/blind.png",
      "ascent": 10,
      "height": 16,
      "chars": [
        ""
      ]
    },
    {
      "type": "bitmap",
      "file": "magic:icons/spells/blink.png",
      "ascent": 10,
      "height": 16,
      "chars": [
        ""
      ]
    },
    {
      "type": "bitmap",
      "file": "magic:icons/spells/blob.png",
      "ascent": 10,
      "height": 16,
      "chars": [
        ""
      ]
    },
    {
      "type": "bitmap",
      "file": "magic:icons/spells/bomb.png",
      "ascent": 10,
      "height": 16,
      "chars": [
        ""
      ]
    },
    {
      "type": "bitmap",
      "file": "magic:icons/spells/boom.png",
      "ascent": 10,
      "height": 16,
      "chars": [
        ""
      ]
    },
    {
      "type": "bitmap",
      "file": "magic:icons/spells/boomstown.png",
      "ascent": 10,
      "height": 16,
      "chars": [
        ""
      ]
    },
    {
      "type": "bitmap",
      "file": "magic:icons/spells/boon.png",
      "ascent": 10,
      "height": 16,
      "chars": [
        ""
      ]
    },
    {
      "type": "bitmap",
      "file": "magic:icons/spells/bow.png",
      "ascent": 10,
      "height": 16,
      "chars": [
        ""
      ]
    },
    {
      "type": "bitmap",
      "file": "magic:icons/spells/box.png",
      "ascent": 10,
      "height": 16,
      "chars": [
        ""
      ]
    },
    {
      "type": "bitmap",
      "file": "magic:icons/spells/breach.png",
      "ascent": 10,
      "height": 16,
      "chars": [
        ""
      ]
    },
    {
      "type": "bitmap",
      "file": "magic:icons/spells/bridge.png",
      "ascent": 10,
      "height": 16,
      "chars": [
        ""
      ]
    },
    {
      "type": "bitmap",
      "file": "magic:icons/spells/broom.png",
      "ascent": 10,
      "height": 16,
      "chars": [
        ""
      ]
    },
    {
      "type": "bitmap",
      "file": "magic:icons/spells/brushselect.png",
      "ascent": 10,
      "height": 16,
      "chars": [
        ""
      ]
    },
    {
      "type": "bitmap",
      "file": "magic:icons/spells/bubble.png",
      "ascent": 10,
      "height": 16,
      "chars": [
        ""
      ]
    },
    {
      "type": "bitmap",
      "file": "magic:icons/spells/buyshop.png",
      "ascent": 10,
      "height": 16,
      "chars": [
        ""
      ]
    },
    {
      "type": "bitmap",
      "file": "magic:icons/spells/cage.png",
      "ascent": 10,
      "height": 16,
      "chars": [
        ""
      ]
    },
    {
      "type": "bitmap",
      "file": "magic:icons/spells/camera.png",
      "ascent": 10,
      "height": 16,
      "chars": [
        ""
      ]
    },
    {
      "type": "bitmap",
      "file": "magic:icons/spells/capture.png",
      "ascent": 10,
      "height": 16,
      "chars": [
        ""
      ]
    },
    {
      "type": "bitmap",
      "file": "magic:icons/spells/cat.png",
      "ascent": 10,
      "height": 16,
      "chars": [
        ""
      ]
    },
    {
      "type": "bitmap",
      "file": "magic:icons/spells/chainlightning.png",
      "ascent": 10,
      "height": 16,
      "chars": [
        ""
      ]
    },
    {
      "type": "bitmap",
      "file": "magic:icons/spells/chop.png",
      "ascent": 10,
      "height": 16,
      "chars": [
        ""
      ]
    },
    {
      "type": "bitmap",
      "file": "magic:icons/spells/cloak.png",
      "ascent": 10,
      "height": 16,
      "chars": [
        ""
      ]
    },
    {
      "type": "bitmap",
      "file": "magic:icons/spells/cluster.png",
      "ascent": 10,
      "height": 16,
      "chars": [
        ""
      ]
    },
    {
      "type": "bitmap",
      "file": "magic:icons/spells/collapse.png",
      "ascent": 10,
      "height": 16,
      "chars": [
        ""
      ]
    },
    {
      "type": "bitmap",
      "file": "magic:icons/spells/column.png",
      "ascent": 10,
      "height": 16,
      "chars": [
        ""
      ]
    },
    {
      "type": "bitmap",
      "file": "magic:icons/spells/commit.png",
      "ascent": 10,
      "height": 16,
      "chars": [
        ""
      ]
    },
    {
      "type": "bitmap",
      "file": "magic:icons/spells/convert.png",
      "ascent": 10,
      "height": 16,
      "chars": [
        ""
      ]
    },
    {
      "type": "bitmap",
      "file": "magic:icons/spells/counterspell.png",
      "ascent": 10,
      "height": 16,
      "chars": [
        ""
      ]
    },
    {
      "type": "bitmap",
      "file": "magic:icons/spells/cure.png",
      "ascent": 10,
      "height": 16,
      "chars": [
        ""
      ]
    },
    {
      "type": "bitmap",
      "file": "magic:icons/spells/curse.png",
      "ascent": 10,
      "height": 16,
      "chars": [
        ""
      ]
    },
    {
      "type": "bitmap",
      "file": "magic:icons/spells/day.png",
      "ascent": 10,
      "height": 16,
      "chars": [
        ""
      ]
    },
    {
      "type": "bitmap",
      "file": "magic:icons/spells/defender.png",
      "ascent": 10,
      "height": 16,
      "chars": [
        ""
      ]
    },
    {
      "type": "bitmap",
      "file": "magic:icons/spells/disarm.png",
      "ascent": 10,
      "height": 16,
      "chars": [
        ""
      ]
    },
    {
      "type": "bitmap",
      "file": "magic:icons/spells/disintegrate.png",
      "ascent": 10,
      "height": 16,
      "chars": [
        ""
      ]
    },
    {
      "type": "bitmap",
      "file": "magic:icons/spells/dragonball.png",
      "ascent": 10,
      "height": 16,
      "chars": [
        ""
      ]
    },
    {
      "type": "bitmap",
      "file": "magic:icons/spells/earth.png",
      "ascent": 10,
      "height": 16,
      "chars": [
        ""
      ]
    },
    {
      "type": "bitmap",
      "file": "magic:icons/spells/earthquake.png",
      "ascent": 10,
      "height": 16,
      "chars": [
        ""
      ]
    },
    {
      "type": "bitmap",
      "file": "magic:icons/spells/emp.png",
      "ascent": 10,
      "height": 16,
      "chars": [
        ""
      ]
    },
    {
      "type": "bitmap",
      "file": "magic:icons/spells/entangle.png",
      "ascent": 10,
      "height": 16,
      "chars": [
        ""
      ]
    },
    {
      "type": "bitmap",
      "file": "magic:icons/spells/extinguish.png",
      "ascent": 10,
      "height": 16,
      "chars": [
        ""
      ]
    },
    {
      "type": "bitmap",
      "file": "magic:icons/spells/familiar.png",
      "ascent": 10,
      "height": 16,
      "chars": [
        ""
      ]
    },
    {
      "type": "bitmap",
      "file": "magic:icons/spells/farm.png",
      "ascent": 10,
      "height": 16,
      "chars": [
        ""
      ]
    },
    {
      "type": "bitmap",
      "file": "magic:icons/spells/feather.png",
      "ascent": 10,
      "height": 16,
      "chars": [
        ""
      ]
    },
    {
      "type": "bitmap",
      "file": "magic:icons/spells/fill.png",
      "ascent": 10,
      "height": 16,
      "chars": [
        ""
      ]
    },
    {
      "type": "bitmap",
      "file": "magic:icons/spells/fire.png",
      "ascent": 10,
      "height": 16,
      "chars": [
        ""
      ]
    },
    {
      "type": "bitmap",
      "file": "magic:icons/spells/fireball.png",
      "ascent": 10,
      "height": 16,
      "chars": [
        ""
      ]
    },
    {
      "type": "bitmap",
      "file": "magic:icons/spells/flamethrower.png",
      "ascent": 10,
      "height": 16,
      "chars": [
        ""
      ]
    },
    {
      "type": "bitmap",
      "file": "magic:icons/spells/flare.png",
      "ascent": 10,
      "height": 16,
      "chars": [
        ""
      ]
    },
    {
      "type": "bitmap",
      "file": "magic:icons/spells/flashbang.png",
      "ascent": 10,
      "height": 16,
      "chars": [
        ""
      ]
    },
    {
      "type": "bitmap",
      "file": "magic:icons/spells/flatten.png",
      "ascent": 10,
      "height": 16,
      "chars": [
        ""
      ]
    },
    {
      "type": "bitmap",
      "file": "magic:icons/spells/fling.png",
      "ascent": 10,
      "height": 16,
      "chars": [
        ""
      ]
    },
    {
      "type": "bitmap",
      "file": "magic:icons/spells/floodfill.png",
      "ascent": 10,
      "height": 16,
      "chars": [
        ""
      ]
    },
    {
      "type": "bitmap",
      "file": "magic:icons/spells/force.png",
      "ascent": 10,
      "height": 16,
      "chars": [
        ""
      ]
    },
    {
      "type": "bitmap",
      "file": "magic:icons/spells/forest.png",
      "ascent": 10,
      "height": 16,
      "chars": [
        ""
      ]
    },
    {
      "type": "bitmap",
      "file": "magic:icons/spells/frost.png",
      "ascent": 10,
      "height": 16,
      "chars": [
        ""
      ]
    },
    {
      "type": "bitmap",
      "file": "magic:icons/spells/fury.png",
      "ascent": 10,
      "height": 16,
      "chars": [
        ""
      ]
    },
    {
      "type": "bitmap",
      "file": "magic:icons/spells/fxdemo.png",
      "ascent": 10,
      "height": 16,
      "chars": [
        ""
      ]
    },
    {
      "type": "bitmap",
      "file": "magic:icons/spells/gasp.png",
      "ascent": 10,
      "height": 16,
      "chars": [
        ""
      ]
    },
    {
      "type": "bitmap",
      "file": "magic:icons/spells/gather.png",
      "ascent": 10,
      "height": 16,
      "chars": [
        ""
      ]
    },
    {
      "type": "bitmap",
      "file": "magic:icons/spells/gatling.png",
      "ascent": 10,
      "height": 16,
      "chars": [
        ""
      ]
    },
    {
      "type": "bitmap",
      "file": "magic:icons/spells/ghast.png",
      "ascent": 10,
      "height": 16,
      "chars": [
        ""
      ]
    },
    {
      "type": "bitmap",
      "file": "magic:icons/spells/gills.png",
      "ascent": 10,
      "height": 16,
      "chars": [
        ""
      ]
    },
    {
      "type": "bitmap",
      "file": "magic:icons/spells/glide.png",
      "ascent": 10,
      "height": 16,
      "chars": [
        ""
      ]
    },
    {
      "type": "bitmap",
      "file": "magic:icons/spells/glider.png",
      "ascent": 10,
      "height": 16,
      "chars": [
        ""
      ]
    },
    {
      "type": "bitmap",
      "file": "magic:icons/spells/grab.png",
      "ascent": 10,
      "height": 16,
      "chars": [
        ""
      ]
    },
    {
      "type": "bitmap",
      "file": "magic:icons/spells/grenade.png",
      "ascent": 10,
      "height": 16,
      "chars": [
        ""
      ]
    },
    {
      "type": "bitmap",
      "file": "magic:icons/spells/grow.png",
      "ascent": 10,
      "height": 16,
      "chars": [
        ""
      ]
    },
    {
      "type": "bitmap",
      "file": "magic:icons/spells/harden.png",
      "ascent": 10,
      "height": 16,
      "chars": [
        ""
      ]
    },
    {
      "type": "bitmap",
      "file": "magic:icons/spells/hat.png",
      "ascent": 10,
      "height": 16,
      "chars": [
        ""
      ]
    },
    {
      "type": "bitmap",
      "file": "magic:icons/spells/heal.png",
      "ascent": 10,
      "height": 16,
      "chars": [
        ""
      ]
    },
    {
      "type": "bitmap",
      "file": "magic:icons/spells/healing.png",
      "ascent": 10,
      "height": 16,
      "chars": [
        ""
      ]
    },
    {
      "type": "bitmap",
      "file": "magic:icons/spells/homing.png",
      "ascent": 10,
      "height": 16,
      "chars": [
        ""
      ]
    },
    {
      "type": "bitmap",
      "file": "magic:icons/spells/hunter.png",
      "ascent": 10,
      "height": 16,
      "chars": [
        ""
      ]
    },
    {
      "type": "bitmap",
      "file": "magic:icons/spells/icbm.png",
      "ascent": 10,
      "height": 16,
      "chars": [
        ""
      ]
    },
    {
      "type": "bitmap",
      "file": "magic:icons/spells/iceshards.png",
      "ascent": 10,
      "height": 16,
      "chars": [
        ""
      ]
    },
    {
      "type": "bitmap",
      "file": "magic:icons/spells/invincible.png",
      "ascent": 10,
      "height": 16,
      "chars": [
        ""
      ]
    },
    {
      "type": "bitmap",
      "file": "magic:icons/spells/iterate.png",
      "ascent": 10,
      "height": 16,
      "chars": [
        ""
      ]
    },
    {
      "type": "bitmap",
      "file": "magic:icons/spells/kill.png",
      "ascent": 10,
      "height": 16,
      "chars": [
        ""
      ]
    },
    {
      "type": "bitmap",
      "file": "magic:icons/spells/laser.png",
      "ascent": 10,
      "height": 16,
      "chars": [
        ""
      ]
    },
    {
      "type": "bitmap",
      "file": "magic:icons/spells/lava.png",
      "ascent": 10,
      "height": 16,
      "chars": [
        ""
      ]
    },
    {
      "type": "bitmap",
      "file": "magic:icons/spells/levitate.png",
      "ascent": 10,
      "height": 16,
      "chars": [
        ""
      ]
    },
    {
      "type": "bitmap",
      "file": "magic:icons/spells/life.png",
      "ascent": 10,
      "height": 16,
      "chars": [
        ""
      ]
    },
    {
      "type": "bitmap",
      "file": "magic:icons/spells/life3.png",
      "ascent": 10,
      "height": 16,
      "chars": [
        ""
      ]
    },
    {
      "type": "bitmap",
      "file": "magic:icons/spells/lift.png",
      "ascent": 10,
      "height": 16,
      "chars": [
        ""
      ]
    },
    {
      "type": "bitmap",
      "file": "magic:icons/spells/light.png",
      "ascent": 10,
      "height": 16,
      "chars": [
        ""
      ]
    },
    {
      "type": "bitmap",
      "file": "magic:icons/spells/lightning.png",
      "ascent": 10,
      "height": 16,
      "chars": [
        ""
      ]
    },
    {
      "type": "bitmap",
      "file": "magic:icons/spells/lockpick.png",
      "ascent": 10,
      "height": 16,
      "chars": [
        ""
      ]
    },
    {
      "type": "bitmap",
      "file": "magic:icons/spells/magichat.png",
      "ascent": 10,
      "height": 16,
      "chars": [
        ""
      ]
    },
    {
      "type": "bitmap",
      "file": "magic:icons/spells/map.png",
      "ascent": 10,
      "height": 16,
      "chars": [
        ""
      ]
    },
    {
      "type": "bitmap",
      "file": "magic:icons/spells/meteor.png",
      "ascent": 10,
      "height": 16,
      "chars": [
        ""
      ]
    },
    {
      "type": "bitmap",
      "file": "magic:icons/spells/mine.png",
      "ascent": 10,
      "height": 16,
      "chars": [
        ""
      ]
    },
    {
      "type": "bitmap",
      "file": "magic:icons/spells/missile.png",
      "ascent": 10,
      "height": 16,
      "chars": [
        ""
      ]
    },
    {
      "type": "bitmap",
      "file": "magic:icons/spells/mob.png",
      "ascent": 10,
      "height": 16,
      "chars": [
        ""
      ]
    },
    {
      "type": "bitmap",
      "file": "magic:icons/spells/monster.png",
      "ascent": 10,
      "height": 16,
      "chars": [
        ""
      ]
    },
    {
      "type": "bitmap",
      "file": "magic:icons/spells/mount.png",
      "ascent": 10,
      "height": 16,
      "chars": [
        ""
      ]
    },
    {
      "type": "bitmap",
      "file": "magic:icons/spells/music.png",
      "ascent": 10,
      "height": 16,
      "chars": [
        ""
      ]
    },
    {
      "type": "bitmap",
      "file": "magic:icons/spells/neutron.png",
      "ascent": 10,
      "height": 16,
      "chars": [
        ""
      ]
    },
    {
      "type": "bitmap",
      "file": "magic:icons/spells/night.png",
      "ascent": 10,
      "height": 16,
      "chars": [
        ""
      ]
    },
    {
      "type": "bitmap",
      "file": "magic:icons/spells/nuke.png",
      "ascent": 10,
      "height": 16,
      "chars": [
        ""
      ]
    },
    {
      "type": "bitmap",
      "file": "magic:icons/spells/paint.png",
      "ascent": 10,
      "height": 16,
      "chars": [
        ""
      ]
    },
    {
      "type": "bitmap",
      "file": "magic:icons/spells/paste.png",
      "ascent": 10,
      "height": 16,
      "chars": [
        ""
      ]
    },
    {
      "type": "bitmap",
      "file": "magic:icons/spells/peek.png",
      "ascent": 10,
      "height": 16,
      "chars": [
        ""
      ]
    },
    {
      "type": "bitmap",
      "file": "magic:icons/spells/permafrost.png",
      "ascent": 10,
      "height": 16,
      "chars": [
        ""
      ]
    },
    {
      "type": "bitmap",
      "file": "magic:icons/spells/petrify.png",
      "ascent": 10,
      "height": 16,
      "chars": [
        ""
      ]
    },
    {
      "type": "bitmap",
      "file": "magic:icons/spells/phase.png",
      "ascent": 10,
      "height": 16,
      "chars": [
        ""
      ]
    },
    {
      "type": "bitmap",
      "file": "magic:icons/spells/phasebackup.png",
      "ascent": 10,
      "height": 16,
      "chars": [
        ""
      ]
    },
    {
      "type": "bitmap",
      "file": "magic:icons/spells/pickpocket.png",
      "ascent": 10,
      "height": 16,
      "chars": [
        ""
      ]
    },
    {
      "type": "bitmap",
      "file": "magic:icons/spells/pillar.png",
      "ascent": 10,
      "height": 16,
      "chars": [
        ""
      ]
    },
    {
      "type": "bitmap",
      "file": "magic:icons/spells/place.png",
      "ascent": 10,
      "height": 16,
      "chars": [
        ""
      ]
    },
    {
      "type": "bitmap",
      "file": "magic:icons/spells/platform.png",
      "ascent": 10,
      "height": 16,
      "chars": [
        ""
      ]
    },
    {
      "type": "bitmap",
      "file": "magic:icons/spells/poison.png",
      "ascent": 10,
      "height": 16,
      "chars": [
        ""
      ]
    },
    {
      "type": "bitmap",
      "file": "magic:icons/spells/pollinate.png",
      "ascent": 10,
      "height": 16,
      "chars": [
        ""
      ]
    },
    {
      "type": "bitmap",
      "file": "magic:icons/spells/polymorph.png",
      "ascent": 10,
      "height": 16,
      "chars": [
        ""
      ]
    },
    {
      "type": "bitmap",
      "file": "magic:icons/spells/portal.png",
      "ascent": 10,
      "height": 16,
      "chars": [
        ""
      ]
    },
    {
      "type": "bitmap",
      "file": "magic:icons/spells/projectile.png",
      "ascent": 10,
      "height": 16,
      "chars": [
        ""
      ]
    },
    {
      "type": "bitmap",
      "file": "magic:icons/spells/protection_all.png",
      "ascent": 10,
      "height": 16,
      "chars": [
        ""
      ]
    },
    {
      "type": "bitmap",
      "file": "magic:icons/spells/protection_explosions.png",
      "ascent": 10,
      "height": 16,
      "chars": [
        ""
      ]
    },
    {
      "type": "bitmap",
      "file": "magic:icons/spells/protection_falling.png",
      "ascent": 10,
      "height": 16,
      "chars": [
        ""
      ]
    },
    {
      "type": "bitmap",
      "file": "magic:icons/spells/protection_fire.png",
      "ascent": 10,
      "height": 16,
      "chars": [
        ""
      ]
    },
    {
      "type": "bitmap",
      "file": "magic:icons/spells/protection_physical.png",
      "ascent": 10,
      "height": 16,
      "chars": [
        ""
      ]
    },
    {
      "type": "bitmap",
      "file": "magic:icons/spells/protection_projectiles.png",
      "ascent": 10,
      "height": 16,
      "chars": [
        ""
      ]
    },
    {
      "type": "bitmap",
      "file": "magic:icons/spells/pull.png",
      "ascent": 10,
      "height": 16,
      "chars": [
        ""
      ]
    },
    {
      "type": "bitmap",
      "file": "magic:icons/spells/purpleblast.png",
      "ascent": 10,
      "height": 16,
      "chars": [
        ""
      ]
    },
    {
      "type": "bitmap",
      "file": "magic:icons/spells/push.png",
      "ascent": 10,
      "height": 16,
      "chars": [
        ""
      ]
    },
    {
      "type": "bitmap",
      "file": "magic:icons/spells/railgun.png",
      "ascent": 10,
      "height": 16,
      "chars": [
        ""
      ]
    },
    {
      "type": "bitmap",
      "file": "magic:icons/spells/rainbow.png",
      "ascent": 10,
      "height": 16,
      "chars": [
        ""
      ]
    },
    {
      "type": "bitmap",
      "file": "magic:icons/spells/raise.png",
      "ascent": 10,
      "height": 16,
      "chars": [
        ""
      ]
    },
    {
      "type": "bitmap",
      "file": "magic:icons/spells/randomtp.png",
      "ascent": 10,
      "height": 16,
      "chars": [
        ""
      ]
    },
    {
      "type": "bitmap",
      "file": "magic:icons/spells/recall.png",
      "ascent": 10,
      "height": 16,
      "chars": [
        ""
      ]
    },
    {
      "type": "bitmap",
      "file": "magic:icons/spells/recurse.png",
      "ascent": 10,
      "height": 16,
      "chars": [
        ""
      ]
    },
    {
      "type": "bitmap",
      "file": "magic:icons/spells/reflect.png",
      "ascent": 10,
      "height": 16,
      "chars": [
        ""
      ]
    },
    {
      "type": "bitmap",
      "file": "magic:icons/spells/regenerate.png",
      "ascent": 10,
      "height": 16,
      "chars": [
        ""
      ]
    },
    {
      "type": "bitmap",
      "file": "magic:icons/spells/repair.png",
      "ascent": 10,
      "height": 16,
      "chars": [
        ""
      ]
    },
    {
      "type": "bitmap",
      "file": "magic:icons/spells/rocket.png",
      "ascent": 10,
      "height": 16,
      "chars": [
        ""
      ]
    },
    {
      "type": "bitmap",
      "file": "magic:icons/spells/rocketlauncher.png",
      "ascent": 10,
      "height": 16,
      "chars": [
        ""
      ]
    },
    {
      "type": "bitmap",
      "file": "magic:icons/spells/rollback.png",
      "ascent": 10,
      "height": 16,
      "chars": [
        ""
      ]
    },
    {
      "type": "bitmap",
      "file": "magic:icons/spells/rubberize.png",
      "ascent": 10,
      "height": 16,
      "chars": [
        ""
      ]
    },
    {
      "type": "bitmap",
      "file": "magic:icons/spells/sandblast.png",
      "ascent": 10,
      "height": 16,
      "chars": [
        ""
      ]
    },
    {
      "type": "bitmap",
      "file": "magic:icons/spells/secure.png",
      "ascent": 10,
      "height": 16,
      "chars": [
        ""
      ]
    },
    {
      "type": "bitmap",
      "file": "magic:icons/spells/sellshop.png",
      "ascent": 10,
      "height": 16,
      "chars": [
        ""
      ]
    },
    {
      "type": "bitmap",
      "file": "magic:icons/spells/sharpen_sword.png",
      "ascent": 10,
      "height": 16,
      "chars": [
        ""
      ]
    },
    {
      "type": "bitmap",
      "file": "magic:icons/spells/shell.png",
      "ascent": 10,
      "height": 16,
      "chars": [
        ""
      ]
    },
    {
      "type": "bitmap",
      "file": "magic:icons/spells/shrink.png",
      "ascent": 10,
      "height": 16,
      "chars": [
        ""
      ]
    },
    {
      "type": "bitmap",
      "file": "magic:icons/spells/shuriken.png",
      "ascent": 10,
      "height": 16,
      "chars": [
        ""
      ]
    },
    {
      "type": "bitmap",
      "file": "magic:icons/spells/silence.png",
      "ascent": 10,
      "height": 16,
      "chars": [
        ""
      ]
    },
    {
      "type": "bitmap",
      "file": "magic:icons/spells/simulate.png",
      "ascent": 10,
      "height": 16,
      "chars": [
        ""
      ]
    },
    {
      "type": "bitmap",
      "file": "magic:icons/spells/simulate3.png",
      "ascent": 10,
      "height": 16,
      "chars": [
        ""
      ]
    },
    {
      "type": "bitmap",
      "file": "magic:icons/spells/singularity.png",
      "ascent": 10,
      "height": 16,
      "chars": [
        ""
      ]
    },
    {
      "type": "bitmap",
      "file": "magic:icons/spells/smash.png",
      "ascent": 10,
      "height": 16,
      "chars": [
        ""
      ]
    },
    {
      "type": "bitmap",
      "file": "magic:icons/spells/smite.png",
      "ascent": 10,
      "height": 16,
      "chars": [
        ""
      ]
    },
    {
      "type": "bitmap",
      "file": "magic:icons/spells/sniper.png",
      "ascent": 10,
      "height": 16,
      "chars": [
        ""
      ]
    },
    {
      "type": "bitmap",
      "file": "magic:icons/spells/sparkle.png",
      "ascent": 10,
      "height": 16,
      "chars": [
        ""
      ]
    },
    {
      "type": "bitmap",
      "file": "magic:icons/spells/sphere.png",
      "ascent": 10,
      "height": 16,
      "chars": [
        ""
      ]
    },
    {
      "type": "bitmap",
      "file": "magic:icons/spells/spider.png",
      "ascent": 10,
      "height": 16,
      "chars": [
        ""
      ]
    },
    {
      "type": "bitmap",
      "file": "magic:icons/spells/sponge.png",
      "ascent": 10,
      "height": 16,
      "chars": [
        ""
      ]
    },
    {
      "type": "bitmap",
      "file": "magic:icons/spells/stash.png",
      "ascent": 10,
      "height": 16,
      "chars": [
        ""
      ]
    },
    {
      "type": "bitmap",
      "file": "magic:icons/spells/sticky.png",
      "ascent": 10,
      "height": 16,
      "chars": [
        ""
      ]
    },
    {
      "type": "bitmap",
      "file": "magic:icons/spells/stream.png",
      "ascent": 10,
      "height": 16,
      "chars": [
        ""
      ]
    },
    {
      "type": "bitmap",
      "file": "magic:icons/spells/stun.png",
      "ascent": 10,
      "height": 16,
      "chars": [
        ""
      ]
    },
    {
      "type": "bitmap",
      "file": "magic:icons/spells/superalter.png",
      "ascent": 10,
      "height": 16,
      "chars": [
        ""
      ]
    },
    {
      "type": "bitmap",
      "file": "magic:icons/spells/superbackup.png",
      "ascent": 10,
      "height": 16,
      "chars": [
        ""
      ]
    },
    {
      "type": "bitmap",
      "file": "magic:icons/spells/superblast.png",
      "ascent": 10,
      "height": 16,
      "chars": [
        ""
      ]
    },
    {
      "type": "bitmap",
      "file": "magic:icons/spells/superblob.png",
      "ascent": 10,
      "height": 16,
      "chars": [
        ""
      ]
    },
    {
      "type": "bitmap",
      "file": "magic:icons/spells/superbox.png",
      "ascent": 10,
      "height": 16,
      "chars": [
        ""
      ]
    },
    {
      "type": "bitmap",
      "file": "magic:icons/spells/supercollapse.png",
      "ascent": 10,
      "height": 16,
      "chars": [
        ""
      ]
    },
    {
      "type": "bitmap",
      "file": "magic:icons/spells/superconvert.png",
      "ascent": 10,
      "height": 16,
      "chars": [
        ""
      ]
    },
    {
      "type": "bitmap",
      "file": "magic:icons/spells/supercube.png",
      "ascent": 10,
      "height": 16,
      "chars": [
        ""
      ]
    },
    {
      "type": "bitmap",
      "file": "magic:icons/spells/supercylinder.png",
      "ascent": 10,
      "height": 16,
      "chars": [
        ""
      ]
    },
    {
      "type": "bitmap",
      "file": "magic:icons/spells/superdisc.png",
      "ascent": 10,
      "height": 16,
      "chars": [
        ""
      ]
    },
    {
      "type": "bitmap",
      "file": "magic:icons/spells/superdome.png",
      "ascent": 10,
      "height": 16,
      "chars": [
        ""
      ]
    },
    {
      "type": "bitmap",
      "file": "magic:icons/spells/superemp.png",
      "ascent": 10,
      "height": 16,
      "chars": [
        ""
      ]
    },
    {
      "type": "bitmap",
      "file": "magic:icons/spells/superfly.png",
      "ascent": 10,
      "height": 16,
      "chars": [
        ""
      ]
    },
    {
      "type": "bitmap",
      "file": "magic:icons/spells/supergather.png",
      "ascent": 10,
      "height": 16,
      "chars": [
        ""
      ]
    },
    {
      "type": "bitmap",
      "file": "magic:icons/spells/superhemisphere.png",
      "ascent": 10,
      "height": 16,
      "chars": [
        ""
      ]
    },
    {
      "type": "bitmap",
      "file": "magic:icons/spells/superkill.png",
      "ascent": 10,
      "height": 16,
      "chars": [
        ""
      ]
    },
    {
      "type": "bitmap",
      "file": "magic:icons/spells/superlaser.png",
      "ascent": 10,
      "height": 16,
      "chars": [
        ""
      ]
    },
    {
      "type": "bitmap",
      "file": "magic:icons/spells/superpyramid.png",
      "ascent": 10,
      "height": 16,
      "chars": [
        ""
      ]
    },
    {
      "type": "bitmap",
      "file": "magic:icons/spells/superregenerate.png",
      "ascent": 10,
      "height": 16,
      "chars": [
        ""
      ]
    },
    {
      "type": "bitmap",
      "file": "magic:icons/spells/superrepair.png",
      "ascent": 10,
      "height": 16,
      "chars": [
        ""
      ]
    },
    {
      "type": "bitmap",
      "file": "magic:icons/spells/superring.png",
      "ascent": 10,
      "height": 16,
      "chars": [
        ""
      ]
    },
    {
      "type": "bitmap",
      "file": "magic:icons/spells/supershell.png",
      "ascent": 10,
      "height": 16,
      "chars": [
        ""
      ]
    },
    {
      "type": "bitmap",
      "file": "magic:icons/spells/supertorch.png",
      "ascent": 10,
      "height": 16,
      "chars": [
        ""
      ]
    },
    {
      "type": "bitmap",
      "file": "magic:icons/spells/tag.png",
      "ascent": 10,
      "height": 16,
      "chars": [
        ""
      ]
    },
    {
      "type": "bitmap",
      "file": "magic:icons/spells/tame.png",
      "ascent": 10,
      "height": 16,
      "chars": [
        ""
      ]
    },
    {
      "type": "bitmap",
      "file": "magic:icons/spells/tendril.png",
      "ascent": 10,
      "height": 16,
      "chars": [
        ""
      ]
    },
    {
      "type": "bitmap",
      "file": "magic:icons/spells/tent.png",
      "ascent": 10,
      "height": 16,
      "chars": [
        ""
      ]
    },
    {
      "type": "bitmap",
      "file": "magic:icons/spells/testdummy.png",
      "ascent": 10,
      "height": 16,
      "chars": [
        ""
      ]
    },
    {
      "type": "bitmap",
      "file": "magic:icons/spells/time.png",
      "ascent": 10,
      "height": 16,
      "chars": [
        ""
      ]
    },
    {
      "type": "bitmap",
      "file": "magic:icons/spells/toggleair.png",
      "ascent": 10,
      "height": 16,
      "chars": [
        ""
      ]
    },
    {
      "type": "bitmap",
      "file": "magic:icons/spells/torch.png",
      "ascent": 10,
      "height": 16,
      "chars": [
        ""
      ]
    },
    {
      "type": "bitmap",
      "file": "magic:icons/spells/tornado.png",
      "ascent": 10,
      "height": 16,
      "chars": [
        ""
      ]
    },
    {
      "type": "bitmap",
      "file": "magic:icons/spells/torture.png",
      "ascent": 10,
      "height": 16,
      "chars": [
        ""
      ]
    },
    {
      "type": "bitmap",
      "file": "magic:icons/spells/toss.png",
      "ascent": 10,
      "height": 16,
      "chars": [
        ""
      ]
    },
    {
      "type": "bitmap",
      "file": "magic:icons/spells/tracking.png",
      "ascent": 10,
      "height": 16,
      "chars": [
        ""
      ]
    },
    {
      "type": "bitmap",
      "file": "magic:icons/spells/trash.png",
      "ascent": 10,
      "height": 16,
      "chars": [
        ""
      ]
    },
    {
      "type": "bitmap",
      "file": "magic:icons/spells/tree.png",
      "ascent": 10,
      "height": 16,
      "chars": [
        ""
      ]
    },
    {
      "type": "bitmap",
      "file": "magic:icons/spells/tunnel.png",
      "ascent": 10,
      "height": 16,
      "chars": [
        ""
      ]
    },
    {
      "type": "bitmap",
      "file": "magic:icons/spells/upgrades.png",
      "ascent": 10,
      "height": 16,
      "chars": [
        ""
      ]
    },
    {
      "type": "bitmap",
      "file": "magic:icons/spells/vanish.png",
      "ascent": 10,
      "height": 16,
      "chars": [
        ""
      ]
    },
    {
      "type": "bitmap",
      "file": "magic:icons/spells/virus.png",
      "ascent": 10,
      "height": 16,
      "chars": [
        ""
      ]
    },
    {
      "type": "bitmap",
      "file": "magic:icons/spells/volley.png",
      "ascent": 10,
      "height": 16,
      "chars": [
        ""
      ]
    },
    {
      "type": "bitmap",
      "file": "magic:icons/spells/walls.png",
      "ascent": 10,
      "height": 16,
      "chars": [
        ""
      ]
    },
    {
      "type": "bitmap",
      "file": "magic:icons/spells/wand.png",
      "ascent": 10,
      "height": 16,
      "chars": [
        ""
      ]
    },
    {
      "type": "bitmap",
      "file": "magic:icons/spells/wave.png",
      "ascent": 10,
      "height": 16,
      "chars": [
        ""
      ]
    },
    {
      "type": "bitmap",
      "file": "magic:icons/spells/wear.png",
      "ascent": 10,
      "height": 16,
      "chars": [
        ""
      ]
    },
    {
      "type": "bitmap",
      "file": "magic:icons/spells/weather.png",
      "ascent": 10,
      "height": 16,
      "chars": [
        ""
      ]
    },
    {
      "type": "bitmap",
      "file": "magic:icons/spells/webbing.png",
      "ascent": 10,
      "height": 16,
      "chars": [
        ""
      ]
    },
    {
      "type": "bitmap",
      "file": "magic:icons/spells/whip.png",
      "ascent": 10,
      "height": 16,
      "chars": [
        ""
      ]
    },
    {
      "type": "bitmap",
      "file": "magic:icons/spells/wither.png",
      "ascent": 10,
      "height": 16,
      "chars": [
        ""
      ]
    },
    {
      "type": "bitmap",
      "file": "magic:icons/spells/wolf.png",
      "ascent": 10,
      "height": 16,
      "chars": [
        ""
      ]
    },
    {
      "type": "bitmap",
      "file": "magic:icons/spells/wolfhouse.png",
      "ascent": 10,
      "height": 16,
      "chars": [
        ""
      ]
    },
    {
      "type": "bitmap",
      "file": "magic:icons/spells/workbench.png",
      "ascent": 10,
      "height": 16,
      "chars": [
        ""
      ]
    },
    {
      "type": "bitmap",
      "file": "magic:icons/spells/worm.png",
      "ascent": 10,
      "height": 16,
      "chars": [
        ""
      ]
    },
    {
      "type": "bitmap",
      "file": "magic:icons/spells/wound.png",
      "ascent": 10,
      "height": 16,
      "chars": [
        ""
      ]
    }
  ]
}