{
  "credit": "Made with Blockbench by HattoriHanz0",
  "texture_size": [
    32,
    32
  ],
  "textures": {
    "1": "magic:halloween/pumpkin_spikes",
    "4": "magic:halloween/pumpkin_side",
    "5": "magic:halloween/pumpkin_jack",
    "particle": "magic:halloween/pumpkin_spikes"
  },
  "elements": [
    {
      "name": "handle",
      "from": [
        7,
        0,
        8
      ],
      "to": [
        8,
        10,
        9
      ],
      "rotation": {
        "angle": 0,
        "axis": "y",
        "origin": [
          7,
          0,
          8
        ]
      },
      "faces": {
        "north": {
          "uv": [
            4,
            0,
            11,
            16
          ],
          "texture": "#4"
        },
        "east": {
          "uv": [
            4,
            0,
            11,
            16
          ],
          "texture": "#4"
        },
        "south": {
          "uv": [
            4,
            0,
            11,
            16
          ],
          "texture": "#4"
        },
        "west": {
          "uv": [
            4,
            0,
            11,
            16
          ],
          "texture": "#4"
        },
        "up": {
          "uv": [
            16,
            16,
            15.5,
            15.5
          ],
          "texture": "#4"
        },
        "down": {
          "uv": [
            16,
            15.5,
            15.5,
            16
          ],
          "texture": "#4"
        }
      }
    },
    {
      "name": "end",
      "from": [
        6.75,
        0,
        7.75
      ],
      "to": [
        8.25,
        1.5,
        9.25
      ],
      "rotation": {
        "angle": 0,
        "axis": "y",
        "origin": [
          6,
          0,
          9
        ]
      },
      "faces": {
        "north": {
          "uv": [
            0,
            0,
            11.5,
            11.5
          ],
          "texture": "#4"
        },
        "east": {
          "uv": [
            0,
            0,
            11.5,
            11.5
          ],
          "texture": "#4"
        },
        "south": {
          "uv": [
            0,
            0,
            11.5,
            11.5
          ],
          "texture": "#4"
        },
        "west": {
          "uv": [
            0,
            0,
            11.5,
            11.5
          ],
          "texture": "#4"
        },
        "up": {
          "uv": [
            11.5,
            11.5,
            0,
            0
          ],
          "texture": "#4"
        },
        "down": {
          "uv": [
            11.5,
            0,
            0,
            11.5
          ],
          "texture": "#4"
        }
      }
    },
    {
      "from": [
        5.5,
        10,
        8.5
      ],
      "to": [
        9.5,
        14,
        13
      ],
      "rotation": {
        "angle": 0,
        "axis": "y",
        "origin": [
          10,
          8,
          9.5
        ]
      },
      "faces": {
        "north": {
          "uv": [
            0,
            0,
            4,
            4
          ],
          "texture": "#5"
        },
        "east": {
          "uv": [
            0,
            0,
            8.5,
            16
          ],
          "texture": "#5"
        },
        "south": {
          "uv": [
            0,
            0,
            16,
            16
          ],
          "texture": "#5"
        },
        "west": {
          "uv": [
            8,
            0,
            16,
            16
          ],
          "texture": "#5"
        },
        "up": {
          "uv": [
            3,
            16,
            0,
            14
          ],
          "texture": "#5"
        },
        "down": {
          "uv": [
            3,
            0,
            0,
            3
          ],
          "texture": "#5"
        }
      }
    },
    {
      "from": [
        5.5,
        10,
        4
      ],
      "to": [
        9.5,
        14,
        8.5
      ],
      "rotation": {
        "angle": 0,
        "axis": "y",
        "origin": [
          10,
          8,
          9.5
        ]
      },
      "faces": {
        "north": {
          "uv": [
            0,
            0,
            16,
            16
          ],
          "texture": "#5"
        },
        "east": {
          "uv": [
            8.5,
            0,
            16,
            16
          ],
          "texture": "#5"
        },
        "south": {
          "uv": [
            0,
            0,
            16,
            16
          ],
          "texture": "#5"
        },
        "west": {
          "uv": [
            0,
            0,
            8,
            16
          ],
          "texture": "#5"
        },
        "up": {
          "uv": [
            2,
            16,
            0,
            14
          ],
          "texture": "#5"
        },
        "down": {
          "uv": [
            3,
            0,
            0,
            3
          ],
          "texture": "#5"
        }
      }
    },
    {
      "from": [
        7.3,
        13,
        3.775
      ],
      "to": [
        7.96667,
        13.66667,
        4.44167
      ],
      "rotation": {
        "angle": 0,
        "axis": "y",
        "origin": [
          7.3,
          11,
          3.4
        ]
      },
      "faces": {
        "north": {
          "uv": [
            0,
            0,
            0,
            0
          ],
          "texture": "#1"
        },
        "east": {
          "uv": [
            0,
            0.33333,
            0,
            0.33333
          ],
          "texture": "#1"
        },
        "south": {
          "uv": [
            3,
            7.58334,
            3,
            7.58334
          ],
          "texture": "#1"
        },
        "west": {
          "uv": [
            11,
            8.33334,
            11,
            8.33334
          ],
          "texture": "#1"
        },
        "up": {
          "uv": [
            0,
            11.33334,
            0,
            11.33334
          ],
          "texture": "#1"
        },
        "down": {
          "uv": [
            0,
            0,
            0,
            0
          ],
          "texture": "#1"
        }
      }
    },
    {
      "from": [
        8.5,
        13,
        3.775
      ],
      "to": [
        9.16667,
        13.66667,
        4.44167
      ],
      "rotation": {
        "angle": 0,
        "axis": "y",
        "origin": [
          8.5,
          11,
          3.4
        ]
      },
      "faces": {
        "north": {
          "uv": [
            0,
            0,
            0,
            0
          ],
          "texture": "#1"
        },
        "east": {
          "uv": [
            0,
            0.33333,
            0,
            0.33333
          ],
          "texture": "#1"
        },
        "south": {
          "uv": [
            3,
            7.58334,
            3,
            7.58334
          ],
          "texture": "#1"
        },
        "west": {
          "uv": [
            11,
            8.33334,
            11,
            8.33334
          ],
          "texture": "#1"
        },
        "up": {
          "uv": [
            0,
            11.33334,
            0,
            11.33334
          ],
          "texture": "#1"
        },
        "down": {
          "uv": [
            0,
            0,
            0,
            0
          ],
          "texture": "#1"
        }
      }
    },
    {
      "from": [
        6,
        13,
        3.775
      ],
      "to": [
        6.66667,
        13.66667,
        4.44167
      ],
      "rotation": {
        "angle": 0,
        "axis": "y",
        "origin": [
          6,
          11,
          3.4
        ]
      },
      "faces": {
        "north": {
          "uv": [
            0,
            0,
            0,
            0
          ],
          "texture": "#1"
        },
        "east": {
          "uv": [
            0,
            0.33333,
            0,
            0.33333
          ],
          "texture": "#1"
        },
        "south": {
          "uv": [
            3,
            7.58334,
            3,
            7.58334
          ],
          "texture": "#1"
        },
        "west": {
          "uv": [
            11,
            8.33334,
            11,
            8.33334
          ],
          "texture": "#1"
        },
        "up": {
          "uv": [
            0,
            11.33334,
            0,
            11.33334
          ],
          "texture": "#1"
        },
        "down": {
          "uv": [
            0,
            0,
            0,
            0
          ],
          "texture": "#1"
        }
      }
    },
    {
      "from": [
        6.1875,
        13.1875,
        3.5875
      ],
      "to": [
        6.5175,
        13.5175,
        3.9175
      ],
      "rotation": {
        "angle": 0,
        "axis": "y",
        "origin": [
          6,
          11,
          3.4
        ]
      },
      "faces": {
        "north": {
          "uv": [
            0,
            0,
            0,
            0
          ],
          "texture": "#1"
        },
        "east": {
          "uv": [
            0,
            0.33333,
            0,
            0.33333
          ],
          "texture": "#1"
        },
        "south": {
          "uv": [
            3,
            7.58334,
            3,
            7.58334
          ],
          "texture": "#1"
        },
        "west": {
          "uv": [
            11,
            8.33334,
            11,
            8.33334
          ],
          "texture": "#1"
        },
        "up": {
          "uv": [
            0,
            11.33334,
            0,
            11.33334
          ],
          "texture": "#1"
        },
        "down": {
          "uv": [
            0,
            0,
            0,
            0
          ],
          "texture": "#1"
        }
      }
    },
    {
      "from": [
        7.4375,
        13.1875,
        3.5875
      ],
      "to": [
        7.7675,
        13.5175,
        3.9175
      ],
      "rotation": {
        "angle": 0,
        "axis": "y",
        "origin": [
          6,
          11,
          3.4
        ]
      },
      "faces": {
        "north": {
          "uv": [
            0,
            0,
            0,
            0
          ],
          "texture": "#1"
        },
        "east": {
          "uv": [
            0,
            0.33333,
            0,
            0.33333
          ],
          "texture": "#1"
        },
        "south": {
          "uv": [
            3,
            7.58334,
            3,
            7.58334
          ],
          "texture": "#1"
        },
        "west": {
          "uv": [
            11,
            8.33334,
            11,
            8.33334
          ],
          "texture": "#1"
        },
        "up": {
          "uv": [
            0,
            11.33334,
            0,
            11.33334
          ],
          "texture": "#1"
        },
        "down": {
          "uv": [
            0,
            0,
            0,
            0
          ],
          "texture": "#1"
        }
      }
    },
    {
      "from": [
        8.6875,
        13.1875,
        3.5875
      ],
      "to": [
        9.0175,
        13.5175,
        3.9175
      ],
      "rotation": {
        "angle": 0,
        "axis": "y",
        "origin": [
          6,
          11,
          3.4
        ]
      },
      "faces": {
        "north": {
          "uv": [
            0,
            0,
            0,
            0
          ],
          "texture": "#1"
        },
        "east": {
          "uv": [
            0,
            0.33333,
            0,
            0.33333
          ],
          "texture": "#1"
        },
        "south": {
          "uv": [
            3,
            7.58334,
            3,
            7.58334
          ],
          "texture": "#1"
        },
        "west": {
          "uv": [
            11,
            8.33334,
            11,
            8.33334
          ],
          "texture": "#1"
        },
        "up": {
          "uv": [
            0,
            11.33334,
            0,
            11.33334
          ],
          "texture": "#1"
        },
        "down": {
          "uv": [
            0,
            0,
            0,
            0
          ],
          "texture": "#1"
        }
      }
    },
    {
      "from": [
        8.8125,
        13.3125,
        3.4625
      ],
      "to": [
        8.9125,
        13.4125,
        3.5625
      ],
      "rotation": {
        "angle": 0,
        "axis": "y",
        "origin": [
          6,
          11,
          3.4
        ]
      },
      "faces": {
        "north": {
          "uv": [
            0,
            0,
            0,
            0
          ],
          "texture": "#1"
        },
        "east": {
          "uv": [
            0,
            0.33333,
            0,
            0.33333
          ],
          "texture": "#1"
        },
        "south": {
          "uv": [
            3,
            7.58334,
            3,
            7.58334
          ],
          "texture": "#1"
        },
        "west": {
          "uv": [
            11,
            8.33334,
            11,
            8.33334
          ],
          "texture": "#1"
        },
        "up": {
          "uv": [
            0,
            11.33334,
            0,
            11.33334
          ],
          "texture": "#1"
        },
        "down": {
          "uv": [
            0,
            0,
            0,
            0
          ],
          "texture": "#1"
        }
      }
    },
    {
      "from": [
        7.5625,
        13.3125,
        3.4625
      ],
      "to": [
        7.6625,
        13.4125,
        3.5625
      ],
      "rotation": {
        "angle": 0,
        "axis": "y",
        "origin": [
          6,
          11,
          3.4
        ]
      },
      "faces": {
        "north": {
          "uv": [
            0,
            0,
            0,
            0
          ],
          "texture": "#1"
        },
        "east": {
          "uv": [
            0,
            0.33333,
            0,
            0.33333
          ],
          "texture": "#1"
        },
        "south": {
          "uv": [
            3,
            7.58334,
            3,
            7.58334
          ],
          "texture": "#1"
        },
        "west": {
          "uv": [
            11,
            8.33334,
            11,
            8.33334
          ],
          "texture": "#1"
        },
        "up": {
          "uv": [
            0,
            11.33334,
            0,
            11.33334
          ],
          "texture": "#1"
        },
        "down": {
          "uv": [
            0,
            0,
            0,
            0
          ],
          "texture": "#1"
        }
      }
    },
    {
      "from": [
        6.3125,
        13.3125,
        3.4625
      ],
      "to": [
        6.4125,
        13.4125,
        3.5625
      ],
      "rotation": {
        "angle": 0,
        "axis": "y",
        "origin": [
          6,
          11,
          3.4
        ]
      },
      "faces": {
        "north": {
          "uv": [
            0,
            0,
            0,
            0
          ],
          "texture": "#1"
        },
        "east": {
          "uv": [
            0,
            0.33333,
            0,
            0.33333
          ],
          "texture": "#1"
        },
        "south": {
          "uv": [
            3,
            7.58334,
            3,
            7.58334
          ],
          "texture": "#1"
        },
        "west": {
          "uv": [
            11,
            8.33334,
            11,
            8.33334
          ],
          "texture": "#1"
        },
        "up": {
          "uv": [
            0,
            11.33334,
            0,
            11.33334
          ],
          "texture": "#1"
        },
        "down": {
          "uv": [
            0,
            0,
            0,
            0
          ],
          "texture": "#1"
        }
      }
    },
    {
      "from": [
        7.3,
        13.03222,
        12.57805
      ],
      "to": [
        7.96667,
        13.69889,
        13.24472
      ],
      "rotation": {
        "angle": 0,
        "axis": "y",
        "origin": [
          7.605,
          12.34945,
          14.41611
        ]
      },
      "faces": {
        "north": {
          "uv": [
            0,
            0,
            0,
            0
          ],
          "rotation": 180,
          "texture": "#1"
        },
        "east": {
          "uv": [
            0,
            0.33333,
            0,
            0.33333
          ],
          "rotation": 180,
          "texture": "#1"
        },
        "south": {
          "uv": [
            3,
            7.58334,
            3,
            7.58334
          ],
          "rotation": 180,
          "texture": "#1"
        },
        "west": {
          "uv": [
            11,
            8.33334,
            11,
            8.33334
          ],
          "rotation": 180,
          "texture": "#1"
        },
        "up": {
          "uv": [
            0,
            11.33334,
            0,
            11.33334
          ],
          "texture": "#1"
        },
        "down": {
          "uv": [
            0,
            0,
            0,
            0
          ],
          "texture": "#1"
        }
      }
    },
    {
      "from": [
        8.5,
        13.03222,
        12.57805
      ],
      "to": [
        9.16667,
        13.69889,
        13.24472
      ],
      "rotation": {
        "angle": 0,
        "axis": "y",
        "origin": [
          7.605,
          12.34945,
          14.41611
        ]
      },
      "faces": {
        "north": {
          "uv": [
            0,
            0,
            0,
            0
          ],
          "rotation": 180,
          "texture": "#1"
        },
        "east": {
          "uv": [
            0,
            0.33333,
            0,
            0.33333
          ],
          "rotation": 180,
          "texture": "#1"
        },
        "south": {
          "uv": [
            3,
            7.58334,
            3,
            7.58334
          ],
          "rotation": 180,
          "texture": "#1"
        },
        "west": {
          "uv": [
            11,
            8.33334,
            11,
            8.33334
          ],
          "rotation": 180,
          "texture": "#1"
        },
        "up": {
          "uv": [
            0,
            11.33334,
            0,
            11.33334
          ],
          "texture": "#1"
        },
        "down": {
          "uv": [
            0,
            0,
            0,
            0
          ],
          "texture": "#1"
        }
      }
    },
    {
      "from": [
        6,
        13.03222,
        12.57805
      ],
      "to": [
        6.66667,
        13.69889,
        13.24472
      ],
      "rotation": {
        "angle": 0,
        "axis": "y",
        "origin": [
          7.605,
          12.34945,
          14.41611
        ]
      },
      "faces": {
        "north": {
          "uv": [
            0,
            0,
            0,
            0
          ],
          "rotation": 180,
          "texture": "#1"
        },
        "east": {
          "uv": [
            14,
            0,
            16,
            3
          ],
          "rotation": 180,
          "texture": "#1"
        },
        "south": {
          "uv": [
            14,
            0.58333,
            16,
            2.58334
          ],
          "rotation": 180,
          "texture": "#1"
        },
        "west": {
          "uv": [
            16,
            2,
            14,
            0
          ],
          "rotation": 180,
          "texture": "#1"
        },
        "up": {
          "uv": [
            14,
            0,
            16,
            2
          ],
          "texture": "#1"
        },
        "down": {
          "uv": [
            14,
            0,
            16,
            2
          ],
          "texture": "#1"
        }
      }
    },
    {
      "from": [
        6.1875,
        13.18139,
        13.10222
      ],
      "to": [
        6.5175,
        13.51139,
        13.43222
      ],
      "rotation": {
        "angle": 0,
        "axis": "y",
        "origin": [
          7.605,
          12.34945,
          14.41611
        ]
      },
      "faces": {
        "north": {
          "uv": [
            0,
            0,
            0,
            0
          ],
          "rotation": 180,
          "texture": "#1"
        },
        "east": {
          "uv": [
            0,
            0.33333,
            0,
            0.33333
          ],
          "rotation": 180,
          "texture": "#1"
        },
        "south": {
          "uv": [
            14,
            0,
            16,
            2
          ],
          "rotation": 180,
          "texture": "#1"
        },
        "west": {
          "uv": [
            13,
            6.33334,
            16,
            8.33334
          ],
          "rotation": 180,
          "texture": "#1"
        },
        "up": {
          "uv": [
            0,
            11,
            0,
            11
          ],
          "texture": "#1"
        },
        "down": {
          "uv": [
            0,
            0,
            0,
            0
          ],
          "texture": "#1"
        }
      }
    },
    {
      "from": [
        7.4375,
        13.18139,
        13.10222
      ],
      "to": [
        7.7675,
        13.51139,
        13.43222
      ],
      "rotation": {
        "angle": 0,
        "axis": "y",
        "origin": [
          7.605,
          12.34945,
          14.41611
        ]
      },
      "faces": {
        "north": {
          "uv": [
            0,
            0,
            0,
            0
          ],
          "rotation": 180,
          "texture": "#1"
        },
        "east": {
          "uv": [
            0,
            0.33333,
            0,
            0.33333
          ],
          "rotation": 180,
          "texture": "#1"
        },
        "south": {
          "uv": [
            3,
            7.58334,
            3,
            7.58334
          ],
          "rotation": 180,
          "texture": "#1"
        },
        "west": {
          "uv": [
            11,
            8.33334,
            11,
            8.33334
          ],
          "rotation": 180,
          "texture": "#1"
        },
        "up": {
          "uv": [
            0,
            11.33334,
            0,
            11.33334
          ],
          "texture": "#1"
        },
        "down": {
          "uv": [
            0,
            0,
            0,
            0
          ],
          "texture": "#1"
        }
      }
    },
    {
      "from": [
        8.6875,
        13.18139,
        13.10222
      ],
      "to": [
        9.0175,
        13.51139,
        13.43222
      ],
      "rotation": {
        "angle": 0,
        "axis": "y",
        "origin": [
          7.605,
          12.34945,
          14.41611
        ]
      },
      "faces": {
        "north": {
          "uv": [
            0,
            0,
            0,
            0
          ],
          "rotation": 180,
          "texture": "#1"
        },
        "east": {
          "uv": [
            0,
            0.33333,
            0,
            0.33333
          ],
          "rotation": 180,
          "texture": "#1"
        },
        "south": {
          "uv": [
            3,
            7.58334,
            3,
            7.58334
          ],
          "rotation": 180,
          "texture": "#1"
        },
        "west": {
          "uv": [
            11,
            8.33334,
            11,
            8.33334
          ],
          "rotation": 180,
          "texture": "#1"
        },
        "up": {
          "uv": [
            0,
            11.33334,
            0,
            11.33334
          ],
          "texture": "#1"
        },
        "down": {
          "uv": [
            0,
            0,
            0,
            0
          ],
          "texture": "#1"
        }
      }
    },
    {
      "from": [
        8.8125,
        13.28639,
        13.45722
      ],
      "to": [
        8.9125,
        13.38639,
        13.55722
      ],
      "rotation": {
        "angle": 0,
        "axis": "y",
        "origin": [
          7.605,
          12.34945,
          14.41611
        ]
      },
      "faces": {
        "north": {
          "uv": [
            0,
            0,
            0,
            0
          ],
          "rotation": 180,
          "texture": "#1"
        },
        "east": {
          "uv": [
            0,
            0.33333,
            0,
            0.33333
          ],
          "rotation": 180,
          "texture": "#1"
        },
        "south": {
          "uv": [
            3,
            7.58334,
            3,
            7.58334
          ],
          "rotation": 180,
          "texture": "#1"
        },
        "west": {
          "uv": [
            11,
            8.33334,
            11,
            8.33334
          ],
          "rotation": 180,
          "texture": "#1"
        },
        "up": {
          "uv": [
            0,
            11.33334,
            0,
            11.33334
          ],
          "texture": "#1"
        },
        "down": {
          "uv": [
            0,
            0,
            0,
            0
          ],
          "texture": "#1"
        }
      }
    },
    {
      "from": [
        7.5625,
        13.28639,
        13.45722
      ],
      "to": [
        7.6625,
        13.38639,
        13.55722
      ],
      "rotation": {
        "angle": 0,
        "axis": "y",
        "origin": [
          7.605,
          12.34945,
          14.41611
        ]
      },
      "faces": {
        "north": {
          "uv": [
            0,
            0,
            0,
            0
          ],
          "rotation": 180,
          "texture": "#1"
        },
        "east": {
          "uv": [
            0,
            0.33333,
            0,
            0.33333
          ],
          "rotation": 180,
          "texture": "#1"
        },
        "south": {
          "uv": [
            3,
            7.58334,
            3,
            7.58334
          ],
          "rotation": 180,
          "texture": "#1"
        },
        "west": {
          "uv": [
            11,
            8.33334,
            11,
            8.33334
          ],
          "rotation": 180,
          "texture": "#1"
        },
        "up": {
          "uv": [
            0,
            11.33334,
            0,
            11.33334
          ],
          "texture": "#1"
        },
        "down": {
          "uv": [
            0,
            0,
            0,
            0
          ],
          "texture": "#1"
        }
      }
    },
    {
      "from": [
        6.3125,
        13.28639,
        13.45722
      ],
      "to": [
        6.4125,
        13.38639,
        13.55722
      ],
      "rotation": {
        "angle": 0,
        "axis": "y",
        "origin": [
          7.605,
          12.34945,
          14.41611
        ]
      },
      "faces": {
        "north": {
          "uv": [
            0,
            0,
            0,
            0
          ],
          "rotation": 180,
          "texture": "#1"
        },
        "east": {
          "uv": [
            0,
            0.33333,
            0,
            0.33333
          ],
          "rotation": 180,
          "texture": "#1"
        },
        "south": {
          "uv": [
            3,
            7.58334,
            3,
            7.58334
          ],
          "rotation": 180,
          "texture": "#1"
        },
        "west": {
          "uv": [
            11,
            8.33334,
            11,
            8.33334
          ],
          "rotation": 180,
          "texture": "#1"
        },
        "up": {
          "uv": [
            0,
            11.33334,
            0,
            11.33334
          ],
          "texture": "#1"
        },
        "down": {
          "uv": [
            0,
            0,
            0,
            0
          ],
          "texture": "#1"
        }
      }
    },
    {
      "from": [
        7.3,
        11.71972,
        12.57805
      ],
      "to": [
        7.96667,
        12.38639,
        13.24472
      ],
      "rotation": {
        "angle": 0,
        "axis": "y",
        "origin": [
          7.605,
          12.34945,
          14.41611
        ]
      },
      "faces": {
        "north": {
          "uv": [
            0,
            0,
            0,
            0
          ],
          "rotation": 180,
          "texture": "#1"
        },
        "east": {
          "uv": [
            0,
            0.33333,
            0,
            0.33333
          ],
          "rotation": 180,
          "texture": "#1"
        },
        "south": {
          "uv": [
            3,
            7.58334,
            3,
            7.58334
          ],
          "rotation": 180,
          "texture": "#1"
        },
        "west": {
          "uv": [
            11,
            8.33334,
            11,
            8.33334
          ],
          "rotation": 180,
          "texture": "#1"
        },
        "up": {
          "uv": [
            0,
            11.33334,
            0,
            11.33334
          ],
          "texture": "#1"
        },
        "down": {
          "uv": [
            0,
            0,
            0,
            0
          ],
          "texture": "#1"
        }
      }
    },
    {
      "from": [
        8.5,
        11.71972,
        12.57805
      ],
      "to": [
        9.16667,
        12.38639,
        13.24472
      ],
      "rotation": {
        "angle": 0,
        "axis": "y",
        "origin": [
          7.605,
          12.34945,
          14.41611
        ]
      },
      "faces": {
        "north": {
          "uv": [
            0,
            0,
            0,
            0
          ],
          "rotation": 180,
          "texture": "#1"
        },
        "east": {
          "uv": [
            0,
            0.33333,
            0,
            0.33333
          ],
          "rotation": 180,
          "texture": "#1"
        },
        "south": {
          "uv": [
            3,
            7.58334,
            3,
            7.58334
          ],
          "rotation": 180,
          "texture": "#1"
        },
        "west": {
          "uv": [
            11,
            8.33334,
            11,
            8.33334
          ],
          "rotation": 180,
          "texture": "#1"
        },
        "up": {
          "uv": [
            0,
            11.33334,
            0,
            11.33334
          ],
          "texture": "#1"
        },
        "down": {
          "uv": [
            0,
            0,
            0,
            0
          ],
          "texture": "#1"
        }
      }
    },
    {
      "from": [
        6,
        11.71972,
        12.57805
      ],
      "to": [
        6.66667,
        12.38639,
        13.24472
      ],
      "rotation": {
        "angle": 0,
        "axis": "y",
        "origin": [
          7.605,
          12.34945,
          14.41611
        ]
      },
      "faces": {
        "north": {
          "uv": [
            0,
            0,
            0,
            0
          ],
          "rotation": 180,
          "texture": "#1"
        },
        "east": {
          "uv": [
            0,
            0.33333,
            0,
            0.33333
          ],
          "rotation": 180,
          "texture": "#1"
        },
        "south": {
          "uv": [
            3,
            7.58334,
            3,
            7.58334
          ],
          "rotation": 180,
          "texture": "#1"
        },
        "west": {
          "uv": [
            11,
            8.33334,
            11,
            8.33334
          ],
          "rotation": 180,
          "texture": "#1"
        },
        "up": {
          "uv": [
            0,
            11.33334,
            0,
            11.33334
          ],
          "texture": "#1"
        },
        "down": {
          "uv": [
            0,
            0,
            0,
            0
          ],
          "texture": "#1"
        }
      }
    },
    {
      "from": [
        6.1875,
        11.86889,
        13.10222
      ],
      "to": [
        6.5175,
        12.19889,
        13.43222
      ],
      "rotation": {
        "angle": 0,
        "axis": "y",
        "origin": [
          7.605,
          12.34945,
          14.41611
        ]
      },
      "faces": {
        "north": {
          "uv": [
            0,
            0,
            0,
            0
          ],
          "rotation": 180,
          "texture": "#1"
        },
        "east": {
          "uv": [
            0,
            0.33333,
            0,
            0.33333
          ],
          "rotation": 180,
          "texture": "#1"
        },
        "south": {
          "uv": [
            3,
            7.58334,
            3,
            7.58334
          ],
          "rotation": 180,
          "texture": "#1"
        },
        "west": {
          "uv": [
            11,
            8.33334,
            11,
            8.33334
          ],
          "rotation": 180,
          "texture": "#1"
        },
        "up": {
          "uv": [
            0,
            11.33334,
            0,
            11.33334
          ],
          "texture": "#1"
        },
        "down": {
          "uv": [
            0,
            0,
            0,
            0
          ],
          "texture": "#1"
        }
      }
    },
    {
      "from": [
        7.4375,
        11.86889,
        13.10222
      ],
      "to": [
        7.7675,
        12.19889,
        13.43222
      ],
      "rotation": {
        "angle": 0,
        "axis": "y",
        "origin": [
          7.605,
          12.34945,
          14.41611
        ]
      },
      "faces": {
        "north": {
          "uv": [
            0,
            0,
            0,
            0
          ],
          "rotation": 180,
          "texture": "#1"
        },
        "east": {
          "uv": [
            0,
            0.33333,
            0,
            0.33333
          ],
          "rotation": 180,
          "texture": "#1"
        },
        "south": {
          "uv": [
            3,
            7.58334,
            3,
            7.58334
          ],
          "rotation": 180,
          "texture": "#1"
        },
        "west": {
          "uv": [
            11,
            8.33334,
            11,
            8.33334
          ],
          "rotation": 180,
          "texture": "#1"
        },
        "up": {
          "uv": [
            0,
            11.33334,
            0,
            11.33334
          ],
          "texture": "#1"
        },
        "down": {
          "uv": [
            0,
            0,
            0,
            0
          ],
          "texture": "#1"
        }
      }
    },
    {
      "from": [
        8.6875,
        11.86889,
        13.10222
      ],
      "to": [
        9.0175,
        12.19889,
        13.43222
      ],
      "rotation": {
        "angle": 0,
        "axis": "y",
        "origin": [
          7.605,
          12.34945,
          14.41611
        ]
      },
      "faces": {
        "north": {
          "uv": [
            0,
            0,
            0,
            0
          ],
          "rotation": 180,
          "texture": "#1"
        },
        "east": {
          "uv": [
            0,
            0.33333,
            0,
            0.33333
          ],
          "rotation": 180,
          "texture": "#1"
        },
        "south": {
          "uv": [
            3,
            7.58334,
            3,
            7.58334
          ],
          "rotation": 180,
          "texture": "#1"
        },
        "west": {
          "uv": [
            11,
            8.33334,
            11,
            8.33334
          ],
          "rotation": 180,
          "texture": "#1"
        },
        "up": {
          "uv": [
            0,
            11.33334,
            0,
            11.33334
          ],
          "texture": "#1"
        },
        "down": {
          "uv": [
            0,
            0,
            0,
            0
          ],
          "texture": "#1"
        }
      }
    },
    {
      "from": [
        8.8125,
        11.97389,
        13.45722
      ],
      "to": [
        8.9125,
        12.07389,
        13.55722
      ],
      "rotation": {
        "angle": 0,
        "axis": "y",
        "origin": [
          7.605,
          12.34945,
          14.41611
        ]
      },
      "faces": {
        "north": {
          "uv": [
            0,
            0,
            0,
            0
          ],
          "rotation": 180,
          "texture": "#1"
        },
        "east": {
          "uv": [
            0,
            0.33333,
            0,
            0.33333
          ],
          "rotation": 180,
          "texture": "#1"
        },
        "south": {
          "uv": [
            3,
            7.58334,
            3,
            7.58334
          ],
          "rotation": 180,
          "texture": "#1"
        },
        "west": {
          "uv": [
            11,
            8.33334,
            11,
            8.33334
          ],
          "rotation": 180,
          "texture": "#1"
        },
        "up": {
          "uv": [
            0,
            11.33334,
            0,
            11.33334
          ],
          "texture": "#1"
        },
        "down": {
          "uv": [
            0,
            0,
            0,
            0
          ],
          "texture": "#1"
        }
      }
    },
    {
      "from": [
        7.5625,
        11.97389,
        13.45722
      ],
      "to": [
        7.6625,
        12.07389,
        13.55722
      ],
      "rotation": {
        "angle": 0,
        "axis": "y",
        "origin": [
          7.605,
          12.34945,
          14.41611
        ]
      },
      "faces": {
        "north": {
          "uv": [
            0,
            0,
            0,
            0
          ],
          "rotation": 180,
          "texture": "#1"
        },
        "east": {
          "uv": [
            0,
            0.33333,
            0,
            0.33333
          ],
          "rotation": 180,
          "texture": "#1"
        },
        "south": {
          "uv": [
            3,
            7.58334,
            3,
            7.58334
          ],
          "rotation": 180,
          "texture": "#1"
        },
        "west": {
          "uv": [
            11,
            8.33334,
            11,
            8.33334
          ],
          "rotation": 180,
          "texture": "#1"
        },
        "up": {
          "uv": [
            0,
            11.33334,
            0,
            11.33334
          ],
          "texture": "#1"
        },
        "down": {
          "uv": [
            0,
            0,
            0,
            0
          ],
          "texture": "#1"
        }
      }
    },
    {
      "from": [
        6.3125,
        11.97389,
        13.45722
      ],
      "to": [
        6.4125,
        12.07389,
        13.55722
      ],
      "rotation": {
        "angle": 0,
        "axis": "y",
        "origin": [
          7.605,
          12.34945,
          14.41611
        ]
      },
      "faces": {
        "north": {
          "uv": [
            0,
            0,
            0,
            0
          ],
          "rotation": 180,
          "texture": "#1"
        },
        "east": {
          "uv": [
            0,
            0.33333,
            0,
            0.33333
          ],
          "rotation": 180,
          "texture": "#1"
        },
        "south": {
          "uv": [
            3,
            7.58334,
            3,
            7.58334
          ],
          "rotation": 180,
          "texture": "#1"
        },
        "west": {
          "uv": [
            11,
            8.33334,
            11,
            8.33334
          ],
          "rotation": 180,
          "texture": "#1"
        },
        "up": {
          "uv": [
            0,
            11.33334,
            0,
            11.33334
          ],
          "texture": "#1"
        },
        "down": {
          "uv": [
            0,
            0,
            0,
            0
          ],
          "texture": "#1"
        }
      }
    },
    {
      "from": [
        7.3,
        10.46972,
        12.57805
      ],
      "to": [
        7.96667,
        11.13639,
        13.24472
      ],
      "rotation": {
        "angle": 0,
        "axis": "y",
        "origin": [
          7.605,
          12.34945,
          14.41611
        ]
      },
      "faces": {
        "north": {
          "uv": [
            0,
            0,
            0,
            0
          ],
          "rotation": 180,
          "texture": "#1"
        },
        "east": {
          "uv": [
            0,
            0.33333,
            0,
            0.33333
          ],
          "rotation": 180,
          "texture": "#1"
        },
        "south": {
          "uv": [
            3,
            7.58334,
            3,
            7.58334
          ],
          "rotation": 180,
          "texture": "#1"
        },
        "west": {
          "uv": [
            11,
            8.33334,
            11,
            8.33334
          ],
          "rotation": 180,
          "texture": "#1"
        },
        "up": {
          "uv": [
            0,
            11.33334,
            0,
            11.33334
          ],
          "texture": "#1"
        },
        "down": {
          "uv": [
            0,
            0,
            0,
            0
          ],
          "texture": "#1"
        }
      }
    },
    {
      "from": [
        8.5,
        10.46972,
        12.57805
      ],
      "to": [
        9.16667,
        11.13639,
        13.24472
      ],
      "rotation": {
        "angle": 0,
        "axis": "y",
        "origin": [
          7.605,
          12.34945,
          14.41611
        ]
      },
      "faces": {
        "north": {
          "uv": [
            0,
            0,
            0,
            0
          ],
          "rotation": 180,
          "texture": "#1"
        },
        "east": {
          "uv": [
            0,
            0.33333,
            0,
            0.33333
          ],
          "rotation": 180,
          "texture": "#1"
        },
        "south": {
          "uv": [
            3,
            7.58334,
            3,
            7.58334
          ],
          "rotation": 180,
          "texture": "#1"
        },
        "west": {
          "uv": [
            11,
            8.33334,
            11,
            8.33334
          ],
          "rotation": 180,
          "texture": "#1"
        },
        "up": {
          "uv": [
            0,
            11.33334,
            0,
            11.33334
          ],
          "texture": "#1"
        },
        "down": {
          "uv": [
            0,
            0,
            0,
            0
          ],
          "texture": "#1"
        }
      }
    },
    {
      "from": [
        6,
        10.46972,
        12.57805
      ],
      "to": [
        6.66667,
        11.13639,
        13.24472
      ],
      "rotation": {
        "angle": 0,
        "axis": "y",
        "origin": [
          7.605,
          12.34945,
          14.41611
        ]
      },
      "faces": {
        "north": {
          "uv": [
            0,
            0,
            0,
            0
          ],
          "rotation": 180,
          "texture": "#1"
        },
        "east": {
          "uv": [
            0,
            0.33333,
            0,
            0.33333
          ],
          "rotation": 180,
          "texture": "#1"
        },
        "south": {
          "uv": [
            3,
            7.58334,
            3,
            7.58334
          ],
          "rotation": 180,
          "texture": "#1"
        },
        "west": {
          "uv": [
            11,
            8.33334,
            11,
            8.33334
          ],
          "rotation": 180,
          "texture": "#1"
        },
        "up": {
          "uv": [
            0,
            11.33334,
            0,
            11.33334
          ],
          "texture": "#1"
        },
        "down": {
          "uv": [
            0,
            0,
            0,
            0
          ],
          "texture": "#1"
        }
      }
    },
    {
      "from": [
        6.1875,
        10.61889,
        13.10222
      ],
      "to": [
        6.5175,
        10.94889,
        13.43222
      ],
      "rotation": {
        "angle": 0,
        "axis": "y",
        "origin": [
          7.605,
          12.34945,
          14.41611
        ]
      },
      "faces": {
        "north": {
          "uv": [
            0,
            0,
            0,
            0
          ],
          "rotation": 180,
          "texture": "#1"
        },
        "east": {
          "uv": [
            0,
            0.33333,
            0,
            0.33333
          ],
          "rotation": 180,
          "texture": "#1"
        },
        "south": {
          "uv": [
            3,
            7.58334,
            3,
            7.58334
          ],
          "rotation": 180,
          "texture": "#1"
        },
        "west": {
          "uv": [
            11,
            8.33334,
            11,
            8.33334
          ],
          "rotation": 180,
          "texture": "#1"
        },
        "up": {
          "uv": [
            0,
            11.33334,
            0,
            11.33334
          ],
          "texture": "#1"
        },
        "down": {
          "uv": [
            0,
            0,
            0,
            0
          ],
          "texture": "#1"
        }
      }
    },
    {
      "from": [
        7.4375,
        10.61889,
        13.10222
      ],
      "to": [
        7.7675,
        10.94889,
        13.43222
      ],
      "rotation": {
        "angle": 0,
        "axis": "y",
        "origin": [
          7.605,
          12.34945,
          14.41611
        ]
      },
      "faces": {
        "north": {
          "uv": [
            0,
            0,
            0,
            0
          ],
          "rotation": 180,
          "texture": "#1"
        },
        "east": {
          "uv": [
            0,
            0.33333,
            0,
            0.33333
          ],
          "rotation": 180,
          "texture": "#1"
        },
        "south": {
          "uv": [
            3,
            7.58334,
            3,
            7.58334
          ],
          "rotation": 180,
          "texture": "#1"
        },
        "west": {
          "uv": [
            11,
            8.33334,
            11,
            8.33334
          ],
          "rotation": 180,
          "texture": "#1"
        },
        "up": {
          "uv": [
            0,
            11.33334,
            0,
            11.33334
          ],
          "texture": "#1"
        },
        "down": {
          "uv": [
            0,
            0,
            0,
            0
          ],
          "texture": "#1"
        }
      }
    },
    {
      "from": [
        8.6875,
        10.61889,
        13.10222
      ],
      "to": [
        9.0175,
        10.94889,
        13.43222
      ],
      "rotation": {
        "angle": 0,
        "axis": "y",
        "origin": [
          7.605,
          12.34945,
          14.41611
        ]
      },
      "faces": {
        "north": {
          "uv": [
            0,
            0,
            0,
            0
          ],
          "rotation": 180,
          "texture": "#1"
        },
        "east": {
          "uv": [
            0,
            0.33333,
            0,
            0.33333
          ],
          "rotation": 180,
          "texture": "#1"
        },
        "south": {
          "uv": [
            3,
            7.58334,
            3,
            7.58334
          ],
          "rotation": 180,
          "texture": "#1"
        },
        "west": {
          "uv": [
            11,
            8.33334,
            11,
            8.33334
          ],
          "rotation": 180,
          "texture": "#1"
        },
        "up": {
          "uv": [
            0,
            11.33334,
            0,
            11.33334
          ],
          "texture": "#1"
        },
        "down": {
          "uv": [
            0,
            0,
            0,
            0
          ],
          "texture": "#1"
        }
      }
    },
    {
      "from": [
        8.8125,
        10.72389,
        13.45722
      ],
      "to": [
        8.9125,
        10.82389,
        13.55722
      ],
      "rotation": {
        "angle": 0,
        "axis": "y",
        "origin": [
          7.605,
          12.34945,
          14.41611
        ]
      },
      "faces": {
        "north": {
          "uv": [
            0,
            0,
            0,
            0
          ],
          "rotation": 180,
          "texture": "#1"
        },
        "east": {
          "uv": [
            0,
            0.33333,
            0,
            0.33333
          ],
          "rotation": 180,
          "texture": "#1"
        },
        "south": {
          "uv": [
            3,
            7.58334,
            3,
            7.58334
          ],
          "rotation": 180,
          "texture": "#1"
        },
        "west": {
          "uv": [
            11,
            8.33334,
            11,
            8.33334
          ],
          "rotation": 180,
          "texture": "#1"
        },
        "up": {
          "uv": [
            0,
            11.33334,
            0,
            11.33334
          ],
          "texture": "#1"
        },
        "down": {
          "uv": [
            0,
            0,
            0,
            0
          ],
          "texture": "#1"
        }
      }
    },
    {
      "from": [
        7.5625,
        10.72389,
        13.45722
      ],
      "to": [
        7.6625,
        10.82389,
        13.55722
      ],
      "rotation": {
        "angle": 0,
        "axis": "y",
        "origin": [
          7.605,
          12.34945,
          14.41611
        ]
      },
      "faces": {
        "north": {
          "uv": [
            0,
            0,
            0,
            0
          ],
          "rotation": 180,
          "texture": "#1"
        },
        "east": {
          "uv": [
            0,
            0.33333,
            0,
            0.33333
          ],
          "rotation": 180,
          "texture": "#1"
        },
        "south": {
          "uv": [
            3,
            7.58334,
            3,
            7.58334
          ],
          "rotation": 180,
          "texture": "#1"
        },
        "west": {
          "uv": [
            11,
            8.33334,
            11,
            8.33334
          ],
          "rotation": 180,
          "texture": "#1"
        },
        "up": {
          "uv": [
            0,
            11.33334,
            0,
            11.33334
          ],
          "texture": "#1"
        },
        "down": {
          "uv": [
            0,
            0,
            0,
            0
          ],
          "texture": "#1"
        }
      }
    },
    {
      "from": [
        6.3125,
        10.72389,
        13.45722
      ],
      "to": [
        6.4125,
        10.82389,
        13.55722
      ],
      "rotation": {
        "angle": 0,
        "axis": "y",
        "origin": [
          7.605,
          12.34945,
          14.41611
        ]
      },
      "faces": {
        "north": {
          "uv": [
            0,
            0,
            0,
            0
          ],
          "rotation": 180,
          "texture": "#1"
        },
        "east": {
          "uv": [
            0,
            0.33333,
            0,
            0.33333
          ],
          "rotation": 180,
          "texture": "#1"
        },
        "south": {
          "uv": [
            3,
            7.58334,
            3,
            7.58334
          ],
          "rotation": 180,
          "texture": "#1"
        },
        "west": {
          "uv": [
            11,
            8.33334,
            11,
            8.33334
          ],
          "rotation": 180,
          "texture": "#1"
        },
        "up": {
          "uv": [
            0,
            11.33334,
            0,
            11.33334
          ],
          "texture": "#1"
        },
        "down": {
          "uv": [
            0,
            0,
            0,
            0
          ],
          "texture": "#1"
        }
      }
    },
    {
      "from": [
        7.3,
        11.8125,
        3.775
      ],
      "to": [
        7.96667,
        12.47917,
        4.44167
      ],
      "rotation": {
        "angle": 0,
        "axis": "y",
        "origin": [
          7.3,
          11,
          3.4
        ]
      },
      "faces": {
        "north": {
          "uv": [
            0,
            0,
            0,
            0
          ],
          "texture": "#1"
        },
        "east": {
          "uv": [
            0,
            0.33333,
            0,
            0.33333
          ],
          "texture": "#1"
        },
        "south": {
          "uv": [
            3,
            7.58334,
            3,
            7.58334
          ],
          "texture": "#1"
        },
        "west": {
          "uv": [
            11,
            8.33334,
            11,
            8.33334
          ],
          "texture": "#1"
        },
        "up": {
          "uv": [
            0,
            11.33334,
            0,
            11.33334
          ],
          "texture": "#1"
        },
        "down": {
          "uv": [
            0,
            0,
            0,
            0
          ],
          "texture": "#1"
        }
      }
    },
    {
      "from": [
        8.5,
        11.8125,
        3.775
      ],
      "to": [
        9.16667,
        12.47917,
        4.44167
      ],
      "rotation": {
        "angle": 0,
        "axis": "y",
        "origin": [
          8.5,
          11,
          3.4
        ]
      },
      "faces": {
        "north": {
          "uv": [
            0,
            0,
            1,
            1
          ],
          "texture": "#1"
        },
        "east": {
          "uv": [
            0,
            2,
            1,
            3
          ],
          "texture": "#1"
        },
        "south": {
          "uv": [
            2,
            0,
            3,
            1
          ],
          "texture": "#1"
        },
        "west": {
          "uv": [
            2,
            2,
            3,
            3
          ],
          "texture": "#1"
        },
        "up": {
          "uv": [
            1,
            5,
            0,
            4
          ],
          "texture": "#1"
        },
        "down": {
          "uv": [
            5,
            0,
            4,
            1
          ],
          "texture": "#1"
        }
      }
    },
    {
      "from": [
        6,
        11.8125,
        3.775
      ],
      "to": [
        6.66667,
        12.47917,
        4.44167
      ],
      "rotation": {
        "angle": 0,
        "axis": "y",
        "origin": [
          6,
          11,
          3.4
        ]
      },
      "faces": {
        "north": {
          "uv": [
            0,
            0,
            0,
            0
          ],
          "texture": "#1"
        },
        "east": {
          "uv": [
            0,
            0.33333,
            0,
            0.33333
          ],
          "texture": "#1"
        },
        "south": {
          "uv": [
            3,
            7.58334,
            3,
            7.58334
          ],
          "texture": "#1"
        },
        "west": {
          "uv": [
            11,
            8.33334,
            11,
            8.33334
          ],
          "texture": "#1"
        },
        "up": {
          "uv": [
            0,
            11.33334,
            0,
            11.33334
          ],
          "texture": "#1"
        },
        "down": {
          "uv": [
            0,
            0,
            0,
            0
          ],
          "texture": "#1"
        }
      }
    },
    {
      "from": [
        6.1875,
        12,
        3.5875
      ],
      "to": [
        6.5175,
        12.33,
        3.9175
      ],
      "rotation": {
        "angle": 0,
        "axis": "y",
        "origin": [
          6,
          11,
          3.4
        ]
      },
      "faces": {
        "north": {
          "uv": [
            0,
            0,
            0,
            0
          ],
          "texture": "#1"
        },
        "east": {
          "uv": [
            0,
            0.33333,
            0,
            0.33333
          ],
          "texture": "#1"
        },
        "south": {
          "uv": [
            3,
            7.58334,
            3,
            7.58334
          ],
          "texture": "#1"
        },
        "west": {
          "uv": [
            11,
            8.33334,
            11,
            8.33334
          ],
          "texture": "#1"
        },
        "up": {
          "uv": [
            0,
            11.33334,
            0,
            11.33334
          ],
          "texture": "#1"
        },
        "down": {
          "uv": [
            0,
            0,
            0,
            0
          ],
          "texture": "#1"
        }
      }
    },
    {
      "from": [
        7.4375,
        12,
        3.5875
      ],
      "to": [
        7.7675,
        12.33,
        3.9175
      ],
      "rotation": {
        "angle": 0,
        "axis": "y",
        "origin": [
          6,
          11,
          3.4
        ]
      },
      "faces": {
        "north": {
          "uv": [
            0,
            0,
            0,
            0
          ],
          "texture": "#1"
        },
        "east": {
          "uv": [
            0,
            0.33333,
            0,
            0.33333
          ],
          "texture": "#1"
        },
        "south": {
          "uv": [
            3,
            7.58334,
            3,
            7.58334
          ],
          "texture": "#1"
        },
        "west": {
          "uv": [
            11,
            8.33334,
            11,
            8.33334
          ],
          "texture": "#1"
        },
        "up": {
          "uv": [
            0,
            11.33334,
            0,
            11.33334
          ],
          "texture": "#1"
        },
        "down": {
          "uv": [
            0,
            0,
            0,
            0
          ],
          "texture": "#1"
        }
      }
    },
    {
      "from": [
        8.6875,
        12,
        3.5875
      ],
      "to": [
        9.0175,
        12.33,
        3.9175
      ],
      "rotation": {
        "angle": 0,
        "axis": "y",
        "origin": [
          6,
          11,
          3.4
        ]
      },
      "faces": {
        "north": {
          "uv": [
            0,
            0,
            0,
            0
          ],
          "texture": "#1"
        },
        "east": {
          "uv": [
            0,
            0.33333,
            0,
            0.33333
          ],
          "texture": "#1"
        },
        "south": {
          "uv": [
            3,
            7.58334,
            3,
            7.58334
          ],
          "texture": "#1"
        },
        "west": {
          "uv": [
            11,
            8.33334,
            11,
            8.33334
          ],
          "texture": "#1"
        },
        "up": {
          "uv": [
            0,
            11.33334,
            0,
            11.33334
          ],
          "texture": "#1"
        },
        "down": {
          "uv": [
            0,
            0,
            0,
            0
          ],
          "texture": "#1"
        }
      }
    },
    {
      "from": [
        8.8125,
        12.125,
        3.4625
      ],
      "to": [
        8.9125,
        12.225,
        3.5625
      ],
      "rotation": {
        "angle": 0,
        "axis": "y",
        "origin": [
          6,
          11,
          3.4
        ]
      },
      "faces": {
        "north": {
          "uv": [
            0,
            0,
            0,
            0
          ],
          "texture": "#1"
        },
        "east": {
          "uv": [
            0,
            0.33333,
            0,
            0.33333
          ],
          "texture": "#1"
        },
        "south": {
          "uv": [
            3,
            7.58334,
            3,
            7.58334
          ],
          "texture": "#1"
        },
        "west": {
          "uv": [
            11,
            8.33334,
            11,
            8.33334
          ],
          "texture": "#1"
        },
        "up": {
          "uv": [
            0,
            11.33334,
            0,
            11.33334
          ],
          "texture": "#1"
        },
        "down": {
          "uv": [
            0,
            0,
            0,
            0
          ],
          "texture": "#1"
        }
      }
    },
    {
      "from": [
        7.5625,
        12.125,
        3.4625
      ],
      "to": [
        7.6625,
        12.225,
        3.5625
      ],
      "rotation": {
        "angle": 0,
        "axis": "y",
        "origin": [
          6,
          11,
          3.4
        ]
      },
      "faces": {
        "north": {
          "uv": [
            0,
            0,
            0,
            0
          ],
          "texture": "#1"
        },
        "east": {
          "uv": [
            0,
            0.33333,
            0,
            0.33333
          ],
          "texture": "#1"
        },
        "south": {
          "uv": [
            3,
            7.58334,
            3,
            7.58334
          ],
          "texture": "#1"
        },
        "west": {
          "uv": [
            11,
            8.33334,
            11,
            8.33334
          ],
          "texture": "#1"
        },
        "up": {
          "uv": [
            0,
            11.33334,
            0,
            11.33334
          ],
          "texture": "#1"
        },
        "down": {
          "uv": [
            0,
            0,
            0,
            0
          ],
          "texture": "#1"
        }
      }
    },
    {
      "from": [
        6.3125,
        12.125,
        3.4625
      ],
      "to": [
        6.4125,
        12.225,
        3.5625
      ],
      "rotation": {
        "angle": 0,
        "axis": "y",
        "origin": [
          6,
          11,
          3.4
        ]
      },
      "faces": {
        "north": {
          "uv": [
            0,
            0,
            0,
            0
          ],
          "texture": "#1"
        },
        "east": {
          "uv": [
            0,
            0.33333,
            0,
            0.33333
          ],
          "texture": "#1"
        },
        "south": {
          "uv": [
            3,
            7.58334,
            3,
            7.58334
          ],
          "texture": "#1"
        },
        "west": {
          "uv": [
            11,
            8.33334,
            11,
            8.33334
          ],
          "texture": "#1"
        },
        "up": {
          "uv": [
            0,
            11.33334,
            0,
            11.33334
          ],
          "texture": "#1"
        },
        "down": {
          "uv": [
            0,
            0,
            0,
            0
          ],
          "texture": "#1"
        }
      }
    },
    {
      "from": [
        7.3,
        10.5,
        3.775
      ],
      "to": [
        7.96667,
        11.16667,
        4.44167
      ],
      "rotation": {
        "angle": 0,
        "axis": "y",
        "origin": [
          7.3,
          11,
          3.4
        ]
      },
      "faces": {
        "north": {
          "uv": [
            0,
            0,
            0,
            0
          ],
          "texture": "#1"
        },
        "east": {
          "uv": [
            4,
            0,
            4,
            0
          ],
          "texture": "#1"
        },
        "south": {
          "uv": [
            1,
            0,
            1,
            0
          ],
          "texture": "#1"
        },
        "west": {
          "uv": [
            2,
            0,
            2,
            0
          ],
          "texture": "#1"
        },
        "up": {
          "uv": [
            0,
            0,
            0,
            0
          ],
          "texture": "#1"
        },
        "down": {
          "uv": [
            0,
            0,
            0,
            0
          ],
          "texture": "#1"
        }
      }
    },
    {
      "from": [
        8.5,
        10.5,
        3.775
      ],
      "to": [
        9.16667,
        11.16667,
        4.44167
      ],
      "rotation": {
        "angle": 0,
        "axis": "y",
        "origin": [
          8.5,
          11,
          3.4
        ]
      },
      "faces": {
        "north": {
          "uv": [
            0,
            0,
            0,
            0
          ],
          "texture": "#1"
        },
        "east": {
          "uv": [
            4,
            0,
            4,
            0
          ],
          "texture": "#1"
        },
        "south": {
          "uv": [
            1,
            0,
            1,
            0
          ],
          "texture": "#1"
        },
        "west": {
          "uv": [
            2,
            0,
            2,
            0
          ],
          "texture": "#1"
        },
        "up": {
          "uv": [
            0,
            0,
            0,
            0
          ],
          "texture": "#1"
        },
        "down": {
          "uv": [
            0,
            0,
            0,
            0
          ],
          "texture": "#1"
        }
      }
    },
    {
      "from": [
        6,
        10.5,
        3.775
      ],
      "to": [
        6.66667,
        11.16667,
        4.44167
      ],
      "rotation": {
        "angle": 0,
        "axis": "y",
        "origin": [
          6,
          11,
          3.4
        ]
      },
      "faces": {
        "north": {
          "uv": [
            0,
            0,
            0,
            0
          ],
          "texture": "#1"
        },
        "east": {
          "uv": [
            4,
            0,
            4,
            0
          ],
          "texture": "#1"
        },
        "south": {
          "uv": [
            1,
            0,
            1,
            0
          ],
          "texture": "#1"
        },
        "west": {
          "uv": [
            2,
            0,
            2,
            0
          ],
          "texture": "#1"
        },
        "up": {
          "uv": [
            0,
            0,
            0,
            0
          ],
          "texture": "#1"
        },
        "down": {
          "uv": [
            0,
            0,
            0,
            0
          ],
          "texture": "#1"
        }
      }
    },
    {
      "from": [
        6.1875,
        10.6875,
        3.5875
      ],
      "to": [
        6.5175,
        11.0175,
        3.9175
      ],
      "rotation": {
        "angle": 0,
        "axis": "y",
        "origin": [
          6,
          11,
          3.4
        ]
      },
      "faces": {
        "north": {
          "uv": [
            0,
            0,
            0,
            0
          ],
          "texture": "#1"
        },
        "east": {
          "uv": [
            4,
            0,
            4,
            0
          ],
          "texture": "#1"
        },
        "south": {
          "uv": [
            1,
            0,
            1,
            0
          ],
          "texture": "#1"
        },
        "west": {
          "uv": [
            2,
            0,
            2,
            0
          ],
          "texture": "#1"
        },
        "up": {
          "uv": [
            0,
            0,
            0,
            0
          ],
          "texture": "#1"
        },
        "down": {
          "uv": [
            0,
            0,
            0,
            0
          ],
          "texture": "#1"
        }
      }
    },
    {
      "from": [
        7.4375,
        10.6875,
        3.5875
      ],
      "to": [
        7.7675,
        11.0175,
        3.9175
      ],
      "rotation": {
        "angle": 0,
        "axis": "y",
        "origin": [
          6,
          11,
          3.4
        ]
      },
      "faces": {
        "north": {
          "uv": [
            0,
            0,
            0,
            0
          ],
          "texture": "#1"
        },
        "east": {
          "uv": [
            4,
            0,
            4,
            0
          ],
          "texture": "#1"
        },
        "south": {
          "uv": [
            1,
            0,
            1,
            0
          ],
          "texture": "#1"
        },
        "west": {
          "uv": [
            2,
            0,
            2,
            0
          ],
          "texture": "#1"
        },
        "up": {
          "uv": [
            0,
            0,
            0,
            0
          ],
          "texture": "#1"
        },
        "down": {
          "uv": [
            0,
            0,
            0,
            0
          ],
          "texture": "#1"
        }
      }
    },
    {
      "from": [
        8.6875,
        10.6875,
        3.5875
      ],
      "to": [
        9.0175,
        11.0175,
        3.9175
      ],
      "rotation": {
        "angle": 0,
        "axis": "y",
        "origin": [
          6,
          11,
          3.4
        ]
      },
      "faces": {
        "north": {
          "uv": [
            0,
            0,
            0,
            0
          ],
          "texture": "#1"
        },
        "east": {
          "uv": [
            4,
            0,
            4,
            0
          ],
          "texture": "#1"
        },
        "south": {
          "uv": [
            1,
            0,
            1,
            0
          ],
          "texture": "#1"
        },
        "west": {
          "uv": [
            2,
            0,
            2,
            0
          ],
          "texture": "#1"
        },
        "up": {
          "uv": [
            0,
            0,
            0,
            0
          ],
          "texture": "#1"
        },
        "down": {
          "uv": [
            0,
            0,
            0,
            0
          ],
          "texture": "#1"
        }
      }
    },
    {
      "from": [
        8.8125,
        10.8125,
        3.4625
      ],
      "to": [
        8.9125,
        10.9125,
        3.5625
      ],
      "rotation": {
        "angle": 0,
        "axis": "y",
        "origin": [
          6,
          11,
          3.4
        ]
      },
      "faces": {
        "north": {
          "uv": [
            0,
            0,
            0,
            0
          ],
          "texture": "#1"
        },
        "east": {
          "uv": [
            4,
            0,
            4,
            0
          ],
          "texture": "#1"
        },
        "south": {
          "uv": [
            1,
            0,
            1,
            0
          ],
          "texture": "#1"
        },
        "west": {
          "uv": [
            2,
            0,
            2,
            0
          ],
          "texture": "#1"
        },
        "up": {
          "uv": [
            0,
            0,
            0,
            0
          ],
          "texture": "#1"
        },
        "down": {
          "uv": [
            0,
            0,
            0,
            0
          ],
          "texture": "#1"
        }
      }
    },
    {
      "from": [
        7.5625,
        10.8125,
        3.4625
      ],
      "to": [
        7.6625,
        10.9125,
        3.5625
      ],
      "rotation": {
        "angle": 0,
        "axis": "y",
        "origin": [
          6,
          11,
          3.4
        ]
      },
      "faces": {
        "north": {
          "uv": [
            0,
            0,
            0,
            0
          ],
          "texture": "#1"
        },
        "east": {
          "uv": [
            4,
            0,
            4,
            0
          ],
          "texture": "#1"
        },
        "south": {
          "uv": [
            1,
            0,
            1,
            0
          ],
          "texture": "#1"
        },
        "west": {
          "uv": [
            2,
            0,
            2,
            0
          ],
          "texture": "#1"
        },
        "up": {
          "uv": [
            0,
            0,
            0,
            0
          ],
          "texture": "#1"
        },
        "down": {
          "uv": [
            0,
            0,
            0,
            0
          ],
          "texture": "#1"
        }
      }
    },
    {
      "from": [
        6.3125,
        10.8125,
        3.4625
      ],
      "to": [
        6.4125,
        10.9125,
        3.5625
      ],
      "rotation": {
        "angle": 0,
        "axis": "y",
        "origin": [
          6,
          11,
          3.4
        ]
      },
      "faces": {
        "north": {
          "uv": [
            0,
            0,
            0,
            0
          ],
          "texture": "#1"
        },
        "east": {
          "uv": [
            4,
            0,
            4,
            0
          ],
          "texture": "#1"
        },
        "south": {
          "uv": [
            1,
            0,
            1,
            0
          ],
          "texture": "#1"
        },
        "west": {
          "uv": [
            2,
            0,
            2,
            0
          ],
          "texture": "#1"
        },
        "up": {
          "uv": [
            0,
            0,
            0,
            0
          ],
          "texture": "#1"
        },
        "down": {
          "uv": [
            0,
            0,
            0,
            0
          ],
          "texture": "#1"
        }
      }
    }
  ],
  "display": {
    "thirdperson_righthand": {
      "translation": [
        0.75,
        3.75,
        0.75
      ]
    },
    "thirdperson_lefthand": {
      "rotation": [
        4,
        0,
        0
      ],
      "translation": [
        -0.5,
        3.25,
        1.5
      ]
    },
    "firstperson_righthand": {
      "rotation": [
        -11,
        3,
        1
      ],
      "translation": [
        -1.75,
        5,
        1.25
      ],
      "scale": [
        0.89,
        0.96,
        0.91
      ]
    },
    "firstperson_lefthand": {
      "rotation": [
        -13,
        6,
        0
      ],
      "translation": [
        0,
        5.5,
        1.25
      ],
      "scale": [
        1,
        1,
        0.58789
      ]
    },
    "ground": {
      "rotation": [
        0.21,
        32.33,
        54
      ],
      "translation": [
        -1.5,
        2.75,
        -1.25
      ],
      "scale": [
        1.08594,
        1,
        1
      ]
    },
    "gui": {
      "rotation": [
        -47,
        -30,
        -44
      ],
      "translation": [
        0.75,
        -0.75,
        3
      ]
    },
    "head": {
      "translation": [
        0,
        14.5,
        0
      ]
    },
    "fixed": {
      "rotation": [
        -111.46,
        38,
        110.58
      ],
      "translation": [
        -0.25,
        0,
        -6
      ],
      "scale": [
        1.28,
        1.33,
        1.19141
      ]
    }
  },
  "groups": [
    0,
    1,
    {
      "name": "head",
      "origin": [
        8,
        8,
        8
      ],
      "color": 0,
      "children": [
        2,
        3,
        {
          "name": "head_spikes",
          "origin": [
            8,
            8,
            8
          ],
          "color": 0,
          "children": [
            {
              "name": "spikes",
              "origin": [
                6,
                8,
                13
              ],
              "color": 0,
              "children": [
                4,
                5,
                6,
                7,
                8,
                9,
                10,
                11,
                12
              ]
            },
            {
              "name": "spikes",
              "origin": [
                6,
                8,
                13
              ],
              "color": 0,
              "children": [
                13,
                14,
                15,
                16,
                17,
                18,
                19,
                20,
                21
              ]
            },
            {
              "name": "spikes",
              "origin": [
                6,
                8,
                13
              ],
              "color": 0,
              "children": [
                22,
                23,
                24,
                25,
                26,
                27,
                28,
                29,
                30
              ]
            },
            {
              "name": "spikes",
              "origin": [
                6,
                8,
                13
              ],
              "color": 0,
              "children": [
                31,
                32,
                33,
                34,
                35,
                36,
                37,
                38,
                39
              ]
            },
            {
              "name": "spikes",
              "origin": [
                6,
                8,
                13
              ],
              "color": 0,
              "children": [
                40,
                41,
                42,
                43,
                44,
                45,
                46,
                47,
                48
              ]
            },
            {
              "name": "spikes",
              "origin": [
                6,
                8,
                13
              ],
              "color": 0,
              "children": [
                49,
                50,
                51,
                52,
                53,
                54,
                55,
                56,
                57
              ]
            }
          ]
        }
      ]
    }
  ]
}