{
	"credit": "13290 / 50148X0VCU",
	"texture_size": [64, 64],
	"textures": {
		"0": "minecraft:item/boss/hp3_cauldron_pet"
	},
	"elements": [
		{
			"from": [0, 2, 0],
			"to": [16, 16, 16],
			"rotation": {"angle": 0, "axis": "y", "origin": [8, 0, 8]},
			"faces": {
				"north": {"uv": [4, 0, 8, 3.5], "texture": "#0"},
				"east": {"uv": [4, 3.5, 8, 7], "texture": "#0"},
				"south": {"uv": [4, 7, 8, 10.5], "texture": "#0"},
				"west": {"uv": [0, 8, 4, 11.5], "texture": "#0"},
				"up": {"uv": [4, 4, 0, 0], "texture": "#0"},
				"down": {"uv": [4, 4, 0, 8], "texture": "#0"}
			}
		},
		{
			"from": [-2, 10, 6],
			"to": [-1, 14, 10],
			"rotation": {"angle": 0, "axis": "y", "origin": [8, 0, 8]},
			"faces": {
				"north": {"uv": [7.25, 11.25, 7.5, 12.25], "texture": "#0"},
				"east": {"uv": [4.75, 10.5, 5.75, 11.5], "texture": "#0"},
				"south": {"uv": [0, 11.5, 0.25, 12.5], "texture": "#0"},
				"west": {"uv": [5.75, 10.5, 6.75, 11.5], "texture": "#0"},
				"up": {"uv": [0.5, 12.5, 0.25, 11.5], "texture": "#0"},
				"down": {"uv": [0.75, 11.5, 0.5, 12.5], "texture": "#0"}
			}
		},
		{
			"from": [1, 16, 13],
			"to": [15, 18, 15],
			"rotation": {"angle": 0, "axis": "y", "origin": [8, 0, 8]},
			"faces": {
				"north": {"uv": [8, 6, 11.5, 6.5], "texture": "#0"},
				"east": {"uv": [6.75, 11.25, 7.25, 11.75], "texture": "#0"},
				"south": {"uv": [8, 6.5, 11.5, 7], "texture": "#0"},
				"west": {"uv": [11.25, 11, 11.75, 11.5], "texture": "#0"},
				"up": {"uv": [11.5, 7.5, 8, 7], "texture": "#0"},
				"down": {"uv": [11.5, 7.5, 8, 8], "texture": "#0"}
			}
		},
		{
			"from": [17, 10, 6],
			"to": [18, 14, 10],
			"rotation": {"angle": 0, "axis": "y", "origin": [8, 0, 8]},
			"faces": {
				"north": {"uv": [7.5, 11.25, 7.25, 12.25], "texture": "#0"},
				"east": {"uv": [6.75, 10.5, 5.75, 11.5], "texture": "#0"},
				"south": {"uv": [0.25, 11.5, 0, 12.5], "texture": "#0"},
				"west": {"uv": [5.75, 10.5, 4.75, 11.5], "texture": "#0"},
				"up": {"uv": [0.25, 12.5, 0.5, 11.5], "texture": "#0"},
				"down": {"uv": [0.5, 11.5, 0.75, 12.5], "texture": "#0"}
			}
		},
		{
			"from": [1, 16, 1],
			"to": [15, 18, 3],
			"rotation": {"angle": 0, "axis": "y", "origin": [8, 0, 8]},
			"faces": {
				"north": {"uv": [8, 8, 11.5, 8.5], "texture": "#0"},
				"east": {"uv": [3, 11.5, 3.5, 12], "texture": "#0"},
				"south": {"uv": [8, 8.5, 11.5, 9], "texture": "#0"},
				"west": {"uv": [3.5, 11.5, 4, 12], "texture": "#0"},
				"up": {"uv": [11.5, 9.5, 8, 9], "texture": "#0"},
				"down": {"uv": [13, 0, 9.5, 0.5], "texture": "#0"}
			}
		},
		{
			"from": [1, 16, 3],
			"to": [3, 18, 13],
			"rotation": {"angle": 0, "axis": "y", "origin": [8, 0, 8]},
			"faces": {
				"north": {"uv": [11.5, 3.5, 12, 4], "texture": "#0"},
				"east": {"uv": [9.5, 1.5, 12, 2], "texture": "#0"},
				"south": {"uv": [11.5, 4, 12, 4.5], "texture": "#0"},
				"west": {"uv": [9.5, 2, 12, 2.5], "texture": "#0"},
				"up": {"uv": [9.5, 12, 9, 9.5], "texture": "#0"},
				"down": {"uv": [10, 9.5, 9.5, 12], "texture": "#0"}
			}
		},
		{
			"from": [13, 16, 3],
			"to": [15, 18, 13],
			"rotation": {"angle": 0, "axis": "y", "origin": [8, 0, 8]},
			"faces": {
				"north": {"uv": [9.5, 2.5, 10, 3], "texture": "#0"},
				"east": {"uv": [9.5, 0.5, 12, 1], "texture": "#0"},
				"south": {"uv": [10, 2.5, 10.5, 3], "texture": "#0"},
				"west": {"uv": [9.5, 1, 12, 1.5], "texture": "#0"},
				"up": {"uv": [8.5, 12, 8, 9.5], "texture": "#0"},
				"down": {"uv": [9, 9.5, 8.5, 12], "texture": "#0"}
			}
		},
		{
			"from": [2, 8.5, 19],
			"to": [3, 9.5, 23],
			"rotation": {"angle": 22.5, "axis": "x", "origin": [8, 12, 14.75]},
			"faces": {
				"north": {"uv": [6, 11.5, 6.25, 11.75], "texture": "#0"},
				"east": {"uv": [0.75, 11.5, 1.75, 11.75], "texture": "#0"},
				"south": {"uv": [11.5, 6, 11.75, 6.25], "texture": "#0"},
				"west": {"uv": [1.75, 11.5, 2.75, 11.75], "texture": "#0"},
				"up": {"uv": [11.75, 3.5, 11.5, 2.5], "texture": "#0"},
				"down": {"uv": [3, 11.5, 2.75, 12.5], "texture": "#0"}
			}
		},
		{
			"from": [-1, 8.5, 12],
			"to": [0, 9.5, 20],
			"rotation": {"angle": 22.5, "axis": "x", "origin": [8, 12, 14.75]},
			"faces": {
				"north": {"uv": [5.25, 11.5, 5.5, 11.75], "texture": "#0"},
				"east": {"uv": [10.5, 5.5, 12.5, 5.75], "texture": "#0"},
				"south": {"uv": [11.5, 5.25, 11.75, 5.5], "texture": "#0"},
				"west": {"uv": [10.5, 5.75, 12.5, 6], "texture": "#0"},
				"up": {"uv": [7.75, 12.5, 7.5, 10.5], "texture": "#0"},
				"down": {"uv": [8, 10.5, 7.75, 12.5], "texture": "#0"}
			}
		},
		{
			"from": [0, 8.5, 19],
			"to": [2, 9.5, 20],
			"rotation": {"angle": 22.5, "axis": "x", "origin": [8, 12, 14.75]},
			"faces": {
				"north": {"uv": [11.5, 4.5, 12, 4.75], "texture": "#0"},
				"east": {"uv": [5.5, 11.5, 5.75, 11.75], "texture": "#0"},
				"south": {"uv": [4.75, 11.5, 5.25, 11.75], "texture": "#0"},
				"west": {"uv": [5.75, 11.5, 6, 11.75], "texture": "#0"},
				"up": {"uv": [12, 5, 11.5, 4.75], "texture": "#0"},
				"down": {"uv": [12, 5, 11.5, 5.25], "texture": "#0"}
			}
		},
		{
			"from": [-1, 6, 6],
			"to": [0, 12, 12],
			"rotation": {"angle": 22.5, "axis": "x", "origin": [8, 12, 14.75]},
			"faces": {
				"north": {"uv": [10.75, 11, 11, 12.5], "texture": "#0"},
				"east": {"uv": [8, 0, 9.5, 1.5], "texture": "#0"},
				"south": {"uv": [11, 11, 11.25, 12.5], "texture": "#0"},
				"west": {"uv": [8, 1.5, 9.5, 3], "texture": "#0"},
				"up": {"uv": [11.5, 4, 11.25, 2.5], "texture": "#0"},
				"down": {"uv": [11.5, 4, 11.25, 5.5], "texture": "#0"}
			}
		},
		{
			"from": [13, 8.5, 19],
			"to": [14, 9.5, 23],
			"rotation": {"angle": 22.5, "axis": "x", "origin": [8, 12, 14.75]},
			"faces": {
				"north": {"uv": [6.25, 11.5, 6, 11.75], "texture": "#0"},
				"east": {"uv": [2.75, 11.5, 1.75, 11.75], "texture": "#0"},
				"south": {"uv": [11.75, 6, 11.5, 6.25], "texture": "#0"},
				"west": {"uv": [1.75, 11.5, 0.75, 11.75], "texture": "#0"},
				"up": {"uv": [11.5, 3.5, 11.75, 2.5], "texture": "#0"},
				"down": {"uv": [2.75, 11.5, 3, 12.5], "texture": "#0"}
			}
		},
		{
			"from": [16, 8.5, 12],
			"to": [17, 9.5, 20],
			"rotation": {"angle": 22.5, "axis": "x", "origin": [8, 12, 14.75]},
			"faces": {
				"north": {"uv": [5.5, 11.5, 5.25, 11.75], "texture": "#0"},
				"east": {"uv": [12.5, 5.75, 10.5, 6], "texture": "#0"},
				"south": {"uv": [11.75, 5.25, 11.5, 5.5], "texture": "#0"},
				"west": {"uv": [12.5, 5.5, 10.5, 5.75], "texture": "#0"},
				"up": {"uv": [7.5, 12.5, 7.75, 10.5], "texture": "#0"},
				"down": {"uv": [7.75, 10.5, 8, 12.5], "texture": "#0"}
			}
		},
		{
			"from": [3, 7.5, 21],
			"to": [13, 10.5, 24],
			"rotation": {"angle": 22.5, "axis": "x", "origin": [8, 12, 14.75]},
			"faces": {
				"north": {"uv": [8, 3, 10.5, 3.75], "texture": "#0"},
				"east": {"uv": [10.75, 10.25, 11.5, 11], "texture": "#0"},
				"south": {"uv": [8, 3.75, 10.5, 4.5], "texture": "#0"},
				"west": {"uv": [10, 11, 10.75, 11.75], "texture": "#0"},
				"up": {"uv": [10.5, 5.25, 8, 4.5], "texture": "#0"},
				"down": {"uv": [10.5, 5.25, 8, 6], "texture": "#0"}
			}
		},
		{
			"from": [14, 8.5, 19],
			"to": [16, 9.5, 20],
			"rotation": {"angle": 22.5, "axis": "x", "origin": [8, 12, 14.75]},
			"faces": {
				"north": {"uv": [12, 4.5, 11.5, 4.75], "texture": "#0"},
				"east": {"uv": [6, 11.5, 5.75, 11.75], "texture": "#0"},
				"south": {"uv": [5.25, 11.5, 4.75, 11.75], "texture": "#0"},
				"west": {"uv": [5.75, 11.5, 5.5, 11.75], "texture": "#0"},
				"up": {"uv": [11.5, 5, 12, 4.75], "texture": "#0"},
				"down": {"uv": [11.5, 5, 12, 5.25], "texture": "#0"}
			}
		},
		{
			"from": [16, 6, 6],
			"to": [17, 12, 12],
			"rotation": {"angle": 22.5, "axis": "x", "origin": [8, 12, 14.75]},
			"faces": {
				"north": {"uv": [11, 11, 10.75, 12.5], "texture": "#0"},
				"east": {"uv": [9.5, 1.5, 8, 3], "texture": "#0"},
				"south": {"uv": [11.25, 11, 11, 12.5], "texture": "#0"},
				"west": {"uv": [9.5, 0, 8, 1.5], "texture": "#0"},
				"up": {"uv": [11.25, 4, 11.5, 2.5], "texture": "#0"},
				"down": {"uv": [11.25, 4, 11.5, 5.5], "texture": "#0"}
			}
		}
	],
	"gui_light": "front",
	"display": {
		"thirdperson_righthand": {
			"rotation": [56, 40, 0],
			"translation": [0, 2, 0],
			"scale": [0.5, 0.5, 0.5]
		},
		"thirdperson_lefthand": {
			"rotation": [56, 40, 0],
			"translation": [0, 2, 0],
			"scale": [0.5, 0.5, 0.5]
		},
		"firstperson_righthand": {
			"rotation": [-3, 114, 0],
			"scale": [0.5, 0.5, 0.5]
		},
		"firstperson_lefthand": {
			"rotation": [-3, 114, 0],
			"scale": [0.5, 0.5, 0.5]
		},
		"ground": {
			"rotation": [17, 0, 0],
			"translation": [0, 3.25, 0],
			"scale": [0.65, 0.65, 0.65]
		},
		"gui": {
			"rotation": [24, -156, 0],
			"translation": [0.25, -1, 0],
			"scale": [0.6, 0.65, 0.65]
		},
		"head": {
			"translation": [0, -1.25, -0.25]
		}
	},
	"groups": [
		{
			"name": "body",
			"origin": [8, 5.42857, 8],
			"color": 0,
			"children": [
				0,
				1,
				2,
				3,
				4,
				5,
				6,
				{
					"name": "handle",
					"origin": [-1, 12, 8],
					"color": 0,
					"children": [7, 8, 9, 10, 11, 12, 13, 14, 15]
				}
			]
		}
	]
}
