{
  "schemaVersion": 2,
  "type": "single-sprite-square-textured",
  "blend": {
    "type": "screen"
  },
  "texture": "minecraft:optifine/sky/world0/cloud1.png",
  "properties": {
    "fade": {
      "startFadeIn": 23500,
      "endFadeIn": 0,
      "startFadeOut": 11833,
      "endFadeOut": 12666
    },
    "shouldRotate": true,
    "rotation": {
      "axis": [
        0,
        -18,
        0
      ]
    }
  },
  "conditions": {
    "worlds": [
      "minecraft:overworld"
    ]
  },
  "decorations": {
    "showStars": false,
    "showSun": false,
    "showMoon": false
  }
}