{
  "__comment": "Designed by Droobledore - with BDcraft Cubik PRO 0.96 Beta. Used with permission in NathanWolf's Magic plugin.",
  "parent": "minecraft:item/generated",
  "textures": {
    "layer0": "#texture"
  },
  "ambientocclusion": false,
  "elements": [
    {
      "__comment": "Icon",
      "from": [
        0,
        0,
        8
      ],
      "to": [
        16,
        16,
        9
      ],
      "faces": {
        "down": {
          "uv": [
            16,
            0,
            0,
            0
          ],
          "texture": "#texture"
        },
        "up": {
          "uv": [
            0,
            0,
            16,
            0
          ],
          "texture": "#texture"
        },
        "north": {
          "uv": [
            0,
            0,
            16,
            16
          ],
          "texture": "#texture"
        },
        "south": {
          "uv": [
            0,
            0,
            16,
            16
          ],
          "texture": "#texture"
        },
        "west": {
          "uv": [
            0,
            0,
            0,
            16
          ],
          "texture": "#texture"
        },
        "east": {
          "uv": [
            0,
            0,
            0,
            16
          ],
          "texture": "#texture"
        }
      }
    }
  ],
  "display": {
    "thirdperson_righthand": {
      "rotation": [
        0,
        0,
        0
      ],
      "translation": [
        0,
        0,
        0
      ],
      "scale": [
        0.5,
        0.5,
        0.5
      ]
    },
    "thirdperson_lefthand": {
      "rotation": [
        0,
        0,
        0
      ],
      "translation": [
        0,
        0,
        0
      ],
      "scale": [
        0.5,
        0.5,
        0.5
      ]
    },
    "head": {
      "rotation": [
        0,
        0,
        0
      ],
      "translation": [
        0,
        12,
        0
      ],
      "scale": [
        0.7,
        0.7,
        0.7
      ]
    },
    "ground": {
      "rotation": [
        0,
        0,
        0
      ],
      "translation": [
        0,
        3,
        0
      ],
      "scale": [
        0.5,
        0.5,
        0.5
      ]
    },
    "fixed": {
      "rotation": [
        0,
        0,
        0
      ],
      "translation": [
        0,
        0,
        -0.57
      ],
      "scale": [
        1,
        1,
        1
      ]
    },
    "firstperson_righthand": {
      "rotation": [
        0,
        0,
        0
      ],
      "translation": [
        0,
        0,
        0
      ],
      "scale": [
        0.5,
        0.5,
        0.5
      ]
    },
    "firstperson_lefthand": {
      "rotation": [
        0,
        0,
        0
      ],
      "translation": [
        0,
        0,
        0
      ],
      "scale": [
        0.5,
        0.5,
        0.5
      ]
    },
    "gui": {
      "rotation": [
        0,
        0,
        0
      ],
      "translation": [
        0,
        0,
        0
      ],
      "scale": [
        1,
        1,
        1
      ]
    }
  }
}